candidate_id,selectable,nonexecution_reason
s6-A-0000-sw0.00-all_history-plain,True,
s6-A-0000-sw0.00-all_history-domain_augmented,True,
s6-A-0000-sw0.00-five_year-plain,True,
s6-A-0000-sw0.00-five_year-domain_augmented,True,
s6-A-0000-sw0.00-half_life_2-plain,True,
s6-A-0000-sw0.00-half_life_2-domain_augmented,True,
s6-A-0000-sw0.00-half_life_4-plain,True,
s6-A-0000-sw0.00-half_life_4-domain_augmented,True,
s6-A-0000-sw0.00-half_life_6-plain,True,
s6-A-0000-sw0.00-half_life_6-domain_augmented,True,
s6-A-0000-sw0.10-all_history-plain,True,
s6-A-0000-sw0.10-all_history-domain_augmented,True,
s6-A-0000-sw0.10-five_year-plain,True,
s6-A-0000-sw0.10-five_year-domain_augmented,True,
s6-A-0000-sw0.10-half_life_2-plain,True,
s6-A-0000-sw0.10-half_life_2-domain_augmented,True,
s6-A-0000-sw0.10-half_life_4-plain,True,
s6-A-0000-sw0.10-half_life_4-domain_augmented,True,
s6-A-0000-sw0.10-half_life_6-plain,True,
s6-A-0000-sw0.10-half_life_6-domain_augmented,True,
s6-A-0000-sw0.25-all_history-plain,True,
s6-A-0000-sw0.25-all_history-domain_augmented,True,
s6-A-0000-sw0.25-five_year-plain,True,
s6-A-0000-sw0.25-five_year-domain_augmented,True,
s6-A-0000-sw0.25-half_life_2-plain,True,
s6-A-0000-sw0.25-half_life_2-domain_augmented,True,
s6-A-0000-sw0.25-half_life_4-plain,True,
s6-A-0000-sw0.25-half_life_4-domain_augmented,True,
s6-A-0000-sw0.25-half_life_6-plain,True,
s6-A-0000-sw0.25-half_life_6-domain_augmented,True,
s6-A-0000-sw0.50-all_history-plain,True,
s6-A-0000-sw0.50-all_history-domain_augmented,True,
s6-A-0000-sw0.50-five_year-plain,True,
s6-A-0000-sw0.50-five_year-domain_augmented,True,
s6-A-0000-sw0.50-half_life_2-plain,True,
s6-A-0000-sw0.50-half_life_2-domain_augmented,True,
s6-A-0000-sw0.50-half_life_4-plain,True,
s6-A-0000-sw0.50-half_life_4-domain_augmented,True,
s6-A-0000-sw0.50-half_life_6-plain,True,
s6-A-0000-sw0.50-half_life_6-domain_augmented,True,
s6-A-0000-ensemble-0.25,True,requires compatible top pair
s6-A-0000-ensemble-0.50,True,requires compatible top pair
s6-A-0000-ensemble-0.75,True,requires compatible top pair
s6-A-0001-sw0.00-all_history-plain,True,
s6-A-0001-sw0.00-all_history-domain_augmented,True,
s6-A-0001-sw0.00-five_year-plain,True,
s6-A-0001-sw0.00-five_year-domain_augmented,True,
s6-A-0001-sw0.00-half_life_2-plain,True,
s6-A-0001-sw0.00-half_life_2-domain_augmented,True,
s6-A-0001-sw0.00-half_life_4-plain,True,
s6-A-0001-sw0.00-half_life_4-domain_augmented,True,
s6-A-0001-sw0.00-half_life_6-plain,True,
s6-A-0001-sw0.00-half_life_6-domain_augmented,True,
s6-A-0001-sw0.10-all_history-plain,True,
s6-A-0001-sw0.10-all_history-domain_augmented,True,
s6-A-0001-sw0.10-five_year-plain,True,
s6-A-0001-sw0.10-five_year-domain_augmented,True,
s6-A-0001-sw0.10-half_life_2-plain,True,
s6-A-0001-sw0.10-half_life_2-domain_augmented,True,
s6-A-0001-sw0.10-half_life_4-plain,True,
s6-A-0001-sw0.10-half_life_4-domain_augmented,True,
s6-A-0001-sw0.10-half_life_6-plain,True,
s6-A-0001-sw0.10-half_life_6-domain_augmented,True,
s6-A-0001-sw0.25-all_history-plain,True,
s6-A-0001-sw0.25-all_history-domain_augmented,True,
s6-A-0001-sw0.25-five_year-plain,True,
s6-A-0001-sw0.25-five_year-domain_augmented,True,
s6-A-0001-sw0.25-half_life_2-plain,True,
s6-A-0001-sw0.25-half_life_2-domain_augmented,True,
s6-A-0001-sw0.25-half_life_4-plain,True,
s6-A-0001-sw0.25-half_life_4-domain_augmented,True,
s6-A-0001-sw0.25-half_life_6-plain,True,
s6-A-0001-sw0.25-half_life_6-domain_augmented,True,
s6-A-0001-sw0.50-all_history-plain,True,
s6-A-0001-sw0.50-all_history-domain_augmented,True,
s6-A-0001-sw0.50-five_year-plain,True,
s6-A-0001-sw0.50-five_year-domain_augmented,True,
s6-A-0001-sw0.50-half_life_2-plain,True,
s6-A-0001-sw0.50-half_life_2-domain_augmented,True,
s6-A-0001-sw0.50-half_life_4-plain,True,
s6-A-0001-sw0.50-half_life_4-domain_augmented,True,
s6-A-0001-sw0.50-half_life_6-plain,True,
s6-A-0001-sw0.50-half_life_6-domain_augmented,True,
s6-A-0001-ensemble-0.25,True,requires compatible top pair
s6-A-0001-ensemble-0.50,True,requires compatible top pair
s6-A-0001-ensemble-0.75,True,requires compatible top pair
s6-A-0002-sw0.00-all_history-plain,True,
s6-A-0002-sw0.00-all_history-domain_augmented,True,
s6-A-0002-sw0.00-five_year-plain,True,
s6-A-0002-sw0.00-five_year-domain_augmented,True,
s6-A-0002-sw0.00-half_life_2-plain,True,
s6-A-0002-sw0.00-half_life_2-domain_augmented,True,
s6-A-0002-sw0.00-half_life_4-plain,True,
s6-A-0002-sw0.00-half_life_4-domain_augmented,True,
s6-A-0002-sw0.00-half_life_6-plain,True,
s6-A-0002-sw0.00-half_life_6-domain_augmented,True,
s6-A-0002-sw0.10-all_history-plain,True,
s6-A-0002-sw0.10-all_history-domain_augmented,True,
s6-A-0002-sw0.10-five_year-plain,True,
s6-A-0002-sw0.10-five_year-domain_augmented,True,
s6-A-0002-sw0.10-half_life_2-plain,True,
s6-A-0002-sw0.10-half_life_2-domain_augmented,True,
s6-A-0002-sw0.10-half_life_4-plain,True,
s6-A-0002-sw0.10-half_life_4-domain_augmented,True,
s6-A-0002-sw0.10-half_life_6-plain,True,
s6-A-0002-sw0.10-half_life_6-domain_augmented,True,
s6-A-0002-sw0.25-all_history-plain,True,
s6-A-0002-sw0.25-all_history-domain_augmented,True,
s6-A-0002-sw0.25-five_year-plain,True,
s6-A-0002-sw0.25-five_year-domain_augmented,True,
s6-A-0002-sw0.25-half_life_2-plain,True,
s6-A-0002-sw0.25-half_life_2-domain_augmented,True,
s6-A-0002-sw0.25-half_life_4-plain,True,
s6-A-0002-sw0.25-half_life_4-domain_augmented,True,
s6-A-0002-sw0.25-half_life_6-plain,True,
s6-A-0002-sw0.25-half_life_6-domain_augmented,True,
s6-A-0002-sw0.50-all_history-plain,True,
s6-A-0002-sw0.50-all_history-domain_augmented,True,
s6-A-0002-sw0.50-five_year-plain,True,
s6-A-0002-sw0.50-five_year-domain_augmented,True,
s6-A-0002-sw0.50-half_life_2-plain,True,
s6-A-0002-sw0.50-half_life_2-domain_augmented,True,
s6-A-0002-sw0.50-half_life_4-plain,True,
s6-A-0002-sw0.50-half_life_4-domain_augmented,True,
s6-A-0002-sw0.50-half_life_6-plain,True,
s6-A-0002-sw0.50-half_life_6-domain_augmented,True,
s6-A-0002-ensemble-0.25,True,requires compatible top pair
s6-A-0002-ensemble-0.50,True,requires compatible top pair
s6-A-0002-ensemble-0.75,True,requires compatible top pair
s6-A-0003-sw0.00-all_history-plain,True,
s6-A-0003-sw0.00-all_history-domain_augmented,True,
s6-A-0003-sw0.00-five_year-plain,True,
s6-A-0003-sw0.00-five_year-domain_augmented,True,
s6-A-0003-sw0.00-half_life_2-plain,True,
s6-A-0003-sw0.00-half_life_2-domain_augmented,True,
s6-A-0003-sw0.00-half_life_4-plain,True,
s6-A-0003-sw0.00-half_life_4-domain_augmented,True,
s6-A-0003-sw0.00-half_life_6-plain,True,
s6-A-0003-sw0.00-half_life_6-domain_augmented,True,
s6-A-0003-sw0.10-all_history-plain,True,
s6-A-0003-sw0.10-all_history-domain_augmented,True,
s6-A-0003-sw0.10-five_year-plain,True,
s6-A-0003-sw0.10-five_year-domain_augmented,True,
s6-A-0003-sw0.10-half_life_2-plain,True,
s6-A-0003-sw0.10-half_life_2-domain_augmented,True,
s6-A-0003-sw0.10-half_life_4-plain,True,
s6-A-0003-sw0.10-half_life_4-domain_augmented,True,
s6-A-0003-sw0.10-half_life_6-plain,True,
s6-A-0003-sw0.10-half_life_6-domain_augmented,True,
s6-A-0003-sw0.25-all_history-plain,True,
s6-A-0003-sw0.25-all_history-domain_augmented,True,
s6-A-0003-sw0.25-five_year-plain,True,
s6-A-0003-sw0.25-five_year-domain_augmented,True,
s6-A-0003-sw0.25-half_life_2-plain,True,
s6-A-0003-sw0.25-half_life_2-domain_augmented,True,
s6-A-0003-sw0.25-half_life_4-plain,True,
s6-A-0003-sw0.25-half_life_4-domain_augmented,True,
s6-A-0003-sw0.25-half_life_6-plain,True,
s6-A-0003-sw0.25-half_life_6-domain_augmented,True,
s6-A-0003-sw0.50-all_history-plain,True,
s6-A-0003-sw0.50-all_history-domain_augmented,True,
s6-A-0003-sw0.50-five_year-plain,True,
s6-A-0003-sw0.50-five_year-domain_augmented,True,
s6-A-0003-sw0.50-half_life_2-plain,True,
s6-A-0003-sw0.50-half_life_2-domain_augmented,True,
s6-A-0003-sw0.50-half_life_4-plain,True,
s6-A-0003-sw0.50-half_life_4-domain_augmented,True,
s6-A-0003-sw0.50-half_life_6-plain,True,
s6-A-0003-sw0.50-half_life_6-domain_augmented,True,
s6-A-0003-ensemble-0.25,True,requires compatible top pair
s6-A-0003-ensemble-0.50,True,requires compatible top pair
s6-A-0003-ensemble-0.75,True,requires compatible top pair
s6-A-0004-sw0.00-all_history-plain,True,
s6-A-0004-sw0.00-all_history-domain_augmented,True,
s6-A-0004-sw0.00-five_year-plain,True,
s6-A-0004-sw0.00-five_year-domain_augmented,True,
s6-A-0004-sw0.00-half_life_2-plain,True,
s6-A-0004-sw0.00-half_life_2-domain_augmented,True,
s6-A-0004-sw0.00-half_life_4-plain,True,
s6-A-0004-sw0.00-half_life_4-domain_augmented,True,
s6-A-0004-sw0.00-half_life_6-plain,True,
s6-A-0004-sw0.00-half_life_6-domain_augmented,True,
s6-A-0004-sw0.10-all_history-plain,True,
s6-A-0004-sw0.10-all_history-domain_augmented,True,
s6-A-0004-sw0.10-five_year-plain,True,
s6-A-0004-sw0.10-five_year-domain_augmented,True,
s6-A-0004-sw0.10-half_life_2-plain,True,
s6-A-0004-sw0.10-half_life_2-domain_augmented,True,
s6-A-0004-sw0.10-half_life_4-plain,True,
s6-A-0004-sw0.10-half_life_4-domain_augmented,True,
s6-A-0004-sw0.10-half_life_6-plain,True,
s6-A-0004-sw0.10-half_life_6-domain_augmented,True,
s6-A-0004-sw0.25-all_history-plain,True,
s6-A-0004-sw0.25-all_history-domain_augmented,True,
s6-A-0004-sw0.25-five_year-plain,True,
s6-A-0004-sw0.25-five_year-domain_augmented,True,
s6-A-0004-sw0.25-half_life_2-plain,True,
s6-A-0004-sw0.25-half_life_2-domain_augmented,True,
s6-A-0004-sw0.25-half_life_4-plain,True,
s6-A-0004-sw0.25-half_life_4-domain_augmented,True,
s6-A-0004-sw0.25-half_life_6-plain,True,
s6-A-0004-sw0.25-half_life_6-domain_augmented,True,
s6-A-0004-sw0.50-all_history-plain,True,
s6-A-0004-sw0.50-all_history-domain_augmented,True,
s6-A-0004-sw0.50-five_year-plain,True,
s6-A-0004-sw0.50-five_year-domain_augmented,True,
s6-A-0004-sw0.50-half_life_2-plain,True,
s6-A-0004-sw0.50-half_life_2-domain_augmented,True,
s6-A-0004-sw0.50-half_life_4-plain,True,
s6-A-0004-sw0.50-half_life_4-domain_augmented,True,
s6-A-0004-sw0.50-half_life_6-plain,True,
s6-A-0004-sw0.50-half_life_6-domain_augmented,True,
s6-A-0004-ensemble-0.25,True,requires compatible top pair
s6-A-0004-ensemble-0.50,True,requires compatible top pair
s6-A-0004-ensemble-0.75,True,requires compatible top pair
s6-A-0005-sw0.00-all_history-plain,True,
s6-A-0005-sw0.00-all_history-domain_augmented,True,
s6-A-0005-sw0.00-five_year-plain,True,
s6-A-0005-sw0.00-five_year-domain_augmented,True,
s6-A-0005-sw0.00-half_life_2-plain,True,
s6-A-0005-sw0.00-half_life_2-domain_augmented,True,
s6-A-0005-sw0.00-half_life_4-plain,True,
s6-A-0005-sw0.00-half_life_4-domain_augmented,True,
s6-A-0005-sw0.00-half_life_6-plain,True,
s6-A-0005-sw0.00-half_life_6-domain_augmented,True,
s6-A-0005-sw0.10-all_history-plain,True,
s6-A-0005-sw0.10-all_history-domain_augmented,True,
s6-A-0005-sw0.10-five_year-plain,True,
s6-A-0005-sw0.10-five_year-domain_augmented,True,
s6-A-0005-sw0.10-half_life_2-plain,True,
s6-A-0005-sw0.10-half_life_2-domain_augmented,True,
s6-A-0005-sw0.10-half_life_4-plain,True,
s6-A-0005-sw0.10-half_life_4-domain_augmented,True,
s6-A-0005-sw0.10-half_life_6-plain,True,
s6-A-0005-sw0.10-half_life_6-domain_augmented,True,
s6-A-0005-sw0.25-all_history-plain,True,
s6-A-0005-sw0.25-all_history-domain_augmented,True,
s6-A-0005-sw0.25-five_year-plain,True,
s6-A-0005-sw0.25-five_year-domain_augmented,True,
s6-A-0005-sw0.25-half_life_2-plain,True,
s6-A-0005-sw0.25-half_life_2-domain_augmented,True,
s6-A-0005-sw0.25-half_life_4-plain,True,
s6-A-0005-sw0.25-half_life_4-domain_augmented,True,
s6-A-0005-sw0.25-half_life_6-plain,True,
s6-A-0005-sw0.25-half_life_6-domain_augmented,True,
s6-A-0005-sw0.50-all_history-plain,True,
s6-A-0005-sw0.50-all_history-domain_augmented,True,
s6-A-0005-sw0.50-five_year-plain,True,
s6-A-0005-sw0.50-five_year-domain_augmented,True,
s6-A-0005-sw0.50-half_life_2-plain,True,
s6-A-0005-sw0.50-half_life_2-domain_augmented,True,
s6-A-0005-sw0.50-half_life_4-plain,True,
s6-A-0005-sw0.50-half_life_4-domain_augmented,True,
s6-A-0005-sw0.50-half_life_6-plain,True,
s6-A-0005-sw0.50-half_life_6-domain_augmented,True,
s6-A-0005-ensemble-0.25,True,requires compatible top pair
s6-A-0005-ensemble-0.50,True,requires compatible top pair
s6-A-0005-ensemble-0.75,True,requires compatible top pair
s6-A-0006-sw0.00-all_history-plain,True,
s6-A-0006-sw0.00-all_history-domain_augmented,True,
s6-A-0006-sw0.00-five_year-plain,True,
s6-A-0006-sw0.00-five_year-domain_augmented,True,
s6-A-0006-sw0.00-half_life_2-plain,True,
s6-A-0006-sw0.00-half_life_2-domain_augmented,True,
s6-A-0006-sw0.00-half_life_4-plain,True,
s6-A-0006-sw0.00-half_life_4-domain_augmented,True,
s6-A-0006-sw0.00-half_life_6-plain,True,
s6-A-0006-sw0.00-half_life_6-domain_augmented,True,
s6-A-0006-sw0.10-all_history-plain,True,
s6-A-0006-sw0.10-all_history-domain_augmented,True,
s6-A-0006-sw0.10-five_year-plain,True,
s6-A-0006-sw0.10-five_year-domain_augmented,True,
s6-A-0006-sw0.10-half_life_2-plain,True,
s6-A-0006-sw0.10-half_life_2-domain_augmented,True,
s6-A-0006-sw0.10-half_life_4-plain,True,
s6-A-0006-sw0.10-half_life_4-domain_augmented,True,
s6-A-0006-sw0.10-half_life_6-plain,True,
s6-A-0006-sw0.10-half_life_6-domain_augmented,True,
s6-A-0006-sw0.25-all_history-plain,True,
s6-A-0006-sw0.25-all_history-domain_augmented,True,
s6-A-0006-sw0.25-five_year-plain,True,
s6-A-0006-sw0.25-five_year-domain_augmented,True,
s6-A-0006-sw0.25-half_life_2-plain,True,
s6-A-0006-sw0.25-half_life_2-domain_augmented,True,
s6-A-0006-sw0.25-half_life_4-plain,True,
s6-A-0006-sw0.25-half_life_4-domain_augmented,True,
s6-A-0006-sw0.25-half_life_6-plain,True,
s6-A-0006-sw0.25-half_life_6-domain_augmented,True,
s6-A-0006-sw0.50-all_history-plain,True,
s6-A-0006-sw0.50-all_history-domain_augmented,True,
s6-A-0006-sw0.50-five_year-plain,True,
s6-A-0006-sw0.50-five_year-domain_augmented,True,
s6-A-0006-sw0.50-half_life_2-plain,True,
s6-A-0006-sw0.50-half_life_2-domain_augmented,True,
s6-A-0006-sw0.50-half_life_4-plain,True,
s6-A-0006-sw0.50-half_life_4-domain_augmented,True,
s6-A-0006-sw0.50-half_life_6-plain,True,
s6-A-0006-sw0.50-half_life_6-domain_augmented,True,
s6-A-0006-ensemble-0.25,True,requires compatible top pair
s6-A-0006-ensemble-0.50,True,requires compatible top pair
s6-A-0006-ensemble-0.75,True,requires compatible top pair
s6-A-0007-sw0.00-all_history-plain,True,
s6-A-0007-sw0.00-all_history-domain_augmented,True,
s6-A-0007-sw0.00-five_year-plain,True,
s6-A-0007-sw0.00-five_year-domain_augmented,True,
s6-A-0007-sw0.00-half_life_2-plain,True,
s6-A-0007-sw0.00-half_life_2-domain_augmented,True,
s6-A-0007-sw0.00-half_life_4-plain,True,
s6-A-0007-sw0.00-half_life_4-domain_augmented,True,
s6-A-0007-sw0.00-half_life_6-plain,True,
s6-A-0007-sw0.00-half_life_6-domain_augmented,True,
s6-A-0007-sw0.10-all_history-plain,True,
s6-A-0007-sw0.10-all_history-domain_augmented,True,
s6-A-0007-sw0.10-five_year-plain,True,
s6-A-0007-sw0.10-five_year-domain_augmented,True,
s6-A-0007-sw0.10-half_life_2-plain,True,
s6-A-0007-sw0.10-half_life_2-domain_augmented,True,
s6-A-0007-sw0.10-half_life_4-plain,True,
s6-A-0007-sw0.10-half_life_4-domain_augmented,True,
s6-A-0007-sw0.10-half_life_6-plain,True,
s6-A-0007-sw0.10-half_life_6-domain_augmented,True,
s6-A-0007-sw0.25-all_history-plain,True,
s6-A-0007-sw0.25-all_history-domain_augmented,True,
s6-A-0007-sw0.25-five_year-plain,True,
s6-A-0007-sw0.25-five_year-domain_augmented,True,
s6-A-0007-sw0.25-half_life_2-plain,True,
s6-A-0007-sw0.25-half_life_2-domain_augmented,True,
s6-A-0007-sw0.25-half_life_4-plain,True,
s6-A-0007-sw0.25-half_life_4-domain_augmented,True,
s6-A-0007-sw0.25-half_life_6-plain,True,
s6-A-0007-sw0.25-half_life_6-domain_augmented,True,
s6-A-0007-sw0.50-all_history-plain,True,
s6-A-0007-sw0.50-all_history-domain_augmented,True,
s6-A-0007-sw0.50-five_year-plain,True,
s6-A-0007-sw0.50-five_year-domain_augmented,True,
s6-A-0007-sw0.50-half_life_2-plain,True,
s6-A-0007-sw0.50-half_life_2-domain_augmented,True,
s6-A-0007-sw0.50-half_life_4-plain,True,
s6-A-0007-sw0.50-half_life_4-domain_augmented,True,
s6-A-0007-sw0.50-half_life_6-plain,True,
s6-A-0007-sw0.50-half_life_6-domain_augmented,True,
s6-A-0007-ensemble-0.25,True,requires compatible top pair
s6-A-0007-ensemble-0.50,True,requires compatible top pair
s6-A-0007-ensemble-0.75,True,requires compatible top pair
s6-A-0008-sw0.00-all_history-plain,True,
s6-A-0008-sw0.00-all_history-domain_augmented,True,
s6-A-0008-sw0.00-five_year-plain,True,
s6-A-0008-sw0.00-five_year-domain_augmented,True,
s6-A-0008-sw0.00-half_life_2-plain,True,
s6-A-0008-sw0.00-half_life_2-domain_augmented,True,
s6-A-0008-sw0.00-half_life_4-plain,True,
s6-A-0008-sw0.00-half_life_4-domain_augmented,True,
s6-A-0008-sw0.00-half_life_6-plain,True,
s6-A-0008-sw0.00-half_life_6-domain_augmented,True,
s6-A-0008-sw0.10-all_history-plain,True,
s6-A-0008-sw0.10-all_history-domain_augmented,True,
s6-A-0008-sw0.10-five_year-plain,True,
s6-A-0008-sw0.10-five_year-domain_augmented,True,
s6-A-0008-sw0.10-half_life_2-plain,True,
s6-A-0008-sw0.10-half_life_2-domain_augmented,True,
s6-A-0008-sw0.10-half_life_4-plain,True,
s6-A-0008-sw0.10-half_life_4-domain_augmented,True,
s6-A-0008-sw0.10-half_life_6-plain,True,
s6-A-0008-sw0.10-half_life_6-domain_augmented,True,
s6-A-0008-sw0.25-all_history-plain,True,
s6-A-0008-sw0.25-all_history-domain_augmented,True,
s6-A-0008-sw0.25-five_year-plain,True,
s6-A-0008-sw0.25-five_year-domain_augmented,True,
s6-A-0008-sw0.25-half_life_2-plain,True,
s6-A-0008-sw0.25-half_life_2-domain_augmented,True,
s6-A-0008-sw0.25-half_life_4-plain,True,
s6-A-0008-sw0.25-half_life_4-domain_augmented,True,
s6-A-0008-sw0.25-half_life_6-plain,True,
s6-A-0008-sw0.25-half_life_6-domain_augmented,True,
s6-A-0008-sw0.50-all_history-plain,True,
s6-A-0008-sw0.50-all_history-domain_augmented,True,
s6-A-0008-sw0.50-five_year-plain,True,
s6-A-0008-sw0.50-five_year-domain_augmented,True,
s6-A-0008-sw0.50-half_life_2-plain,True,
s6-A-0008-sw0.50-half_life_2-domain_augmented,True,
s6-A-0008-sw0.50-half_life_4-plain,True,
s6-A-0008-sw0.50-half_life_4-domain_augmented,True,
s6-A-0008-sw0.50-half_life_6-plain,True,
s6-A-0008-sw0.50-half_life_6-domain_augmented,True,
s6-A-0008-ensemble-0.25,True,requires compatible top pair
s6-A-0008-ensemble-0.50,True,requires compatible top pair
s6-A-0008-ensemble-0.75,True,requires compatible top pair
s6-A-0009-sw0.00-all_history-plain,True,
s6-A-0009-sw0.00-all_history-domain_augmented,True,
s6-A-0009-sw0.00-five_year-plain,True,
s6-A-0009-sw0.00-five_year-domain_augmented,True,
s6-A-0009-sw0.00-half_life_2-plain,True,
s6-A-0009-sw0.00-half_life_2-domain_augmented,True,
s6-A-0009-sw0.00-half_life_4-plain,True,
s6-A-0009-sw0.00-half_life_4-domain_augmented,True,
s6-A-0009-sw0.00-half_life_6-plain,True,
s6-A-0009-sw0.00-half_life_6-domain_augmented,True,
s6-A-0009-sw0.10-all_history-plain,True,
s6-A-0009-sw0.10-all_history-domain_augmented,True,
s6-A-0009-sw0.10-five_year-plain,True,
s6-A-0009-sw0.10-five_year-domain_augmented,True,
s6-A-0009-sw0.10-half_life_2-plain,True,
s6-A-0009-sw0.10-half_life_2-domain_augmented,True,
s6-A-0009-sw0.10-half_life_4-plain,True,
s6-A-0009-sw0.10-half_life_4-domain_augmented,True,
s6-A-0009-sw0.10-half_life_6-plain,True,
s6-A-0009-sw0.10-half_life_6-domain_augmented,True,
s6-A-0009-sw0.25-all_history-plain,True,
s6-A-0009-sw0.25-all_history-domain_augmented,True,
s6-A-0009-sw0.25-five_year-plain,True,
s6-A-0009-sw0.25-five_year-domain_augmented,True,
s6-A-0009-sw0.25-half_life_2-plain,True,
s6-A-0009-sw0.25-half_life_2-domain_augmented,True,
s6-A-0009-sw0.25-half_life_4-plain,True,
s6-A-0009-sw0.25-half_life_4-domain_augmented,True,
s6-A-0009-sw0.25-half_life_6-plain,True,
s6-A-0009-sw0.25-half_life_6-domain_augmented,True,
s6-A-0009-sw0.50-all_history-plain,True,
s6-A-0009-sw0.50-all_history-domain_augmented,True,
s6-A-0009-sw0.50-five_year-plain,True,
s6-A-0009-sw0.50-five_year-domain_augmented,True,
s6-A-0009-sw0.50-half_life_2-plain,True,
s6-A-0009-sw0.50-half_life_2-domain_augmented,True,
s6-A-0009-sw0.50-half_life_4-plain,True,
s6-A-0009-sw0.50-half_life_4-domain_augmented,True,
s6-A-0009-sw0.50-half_life_6-plain,True,
s6-A-0009-sw0.50-half_life_6-domain_augmented,True,
s6-A-0009-ensemble-0.25,True,requires compatible top pair
s6-A-0009-ensemble-0.50,True,requires compatible top pair
s6-A-0009-ensemble-0.75,True,requires compatible top pair
s6-A-0010-sw0.00-all_history-plain,True,
s6-A-0010-sw0.00-all_history-domain_augmented,True,
s6-A-0010-sw0.00-five_year-plain,True,
s6-A-0010-sw0.00-five_year-domain_augmented,True,
s6-A-0010-sw0.00-half_life_2-plain,True,
s6-A-0010-sw0.00-half_life_2-domain_augmented,True,
s6-A-0010-sw0.00-half_life_4-plain,True,
s6-A-0010-sw0.00-half_life_4-domain_augmented,True,
s6-A-0010-sw0.00-half_life_6-plain,True,
s6-A-0010-sw0.00-half_life_6-domain_augmented,True,
s6-A-0010-sw0.10-all_history-plain,True,
s6-A-0010-sw0.10-all_history-domain_augmented,True,
s6-A-0010-sw0.10-five_year-plain,True,
s6-A-0010-sw0.10-five_year-domain_augmented,True,
s6-A-0010-sw0.10-half_life_2-plain,True,
s6-A-0010-sw0.10-half_life_2-domain_augmented,True,
s6-A-0010-sw0.10-half_life_4-plain,True,
s6-A-0010-sw0.10-half_life_4-domain_augmented,True,
s6-A-0010-sw0.10-half_life_6-plain,True,
s6-A-0010-sw0.10-half_life_6-domain_augmented,True,
s6-A-0010-sw0.25-all_history-plain,True,
s6-A-0010-sw0.25-all_history-domain_augmented,True,
s6-A-0010-sw0.25-five_year-plain,True,
s6-A-0010-sw0.25-five_year-domain_augmented,True,
s6-A-0010-sw0.25-half_life_2-plain,True,
s6-A-0010-sw0.25-half_life_2-domain_augmented,True,
s6-A-0010-sw0.25-half_life_4-plain,True,
s6-A-0010-sw0.25-half_life_4-domain_augmented,True,
s6-A-0010-sw0.25-half_life_6-plain,True,
s6-A-0010-sw0.25-half_life_6-domain_augmented,True,
s6-A-0010-sw0.50-all_history-plain,True,
s6-A-0010-sw0.50-all_history-domain_augmented,True,
s6-A-0010-sw0.50-five_year-plain,True,
s6-A-0010-sw0.50-five_year-domain_augmented,True,
s6-A-0010-sw0.50-half_life_2-plain,True,
s6-A-0010-sw0.50-half_life_2-domain_augmented,True,
s6-A-0010-sw0.50-half_life_4-plain,True,
s6-A-0010-sw0.50-half_life_4-domain_augmented,True,
s6-A-0010-sw0.50-half_life_6-plain,True,
s6-A-0010-sw0.50-half_life_6-domain_augmented,True,
s6-A-0010-ensemble-0.25,True,requires compatible top pair
s6-A-0010-ensemble-0.50,True,requires compatible top pair
s6-A-0010-ensemble-0.75,True,requires compatible top pair
s6-A-0011-sw0.00-all_history-plain,True,
s6-A-0011-sw0.00-all_history-domain_augmented,True,
s6-A-0011-sw0.00-five_year-plain,True,
s6-A-0011-sw0.00-five_year-domain_augmented,True,
s6-A-0011-sw0.00-half_life_2-plain,True,
s6-A-0011-sw0.00-half_life_2-domain_augmented,True,
s6-A-0011-sw0.00-half_life_4-plain,True,
s6-A-0011-sw0.00-half_life_4-domain_augmented,True,
s6-A-0011-sw0.00-half_life_6-plain,True,
s6-A-0011-sw0.00-half_life_6-domain_augmented,True,
s6-A-0011-sw0.10-all_history-plain,True,
s6-A-0011-sw0.10-all_history-domain_augmented,True,
s6-A-0011-sw0.10-five_year-plain,True,
s6-A-0011-sw0.10-five_year-domain_augmented,True,
s6-A-0011-sw0.10-half_life_2-plain,True,
s6-A-0011-sw0.10-half_life_2-domain_augmented,True,
s6-A-0011-sw0.10-half_life_4-plain,True,
s6-A-0011-sw0.10-half_life_4-domain_augmented,True,
s6-A-0011-sw0.10-half_life_6-plain,True,
s6-A-0011-sw0.10-half_life_6-domain_augmented,True,
s6-A-0011-sw0.25-all_history-plain,True,
s6-A-0011-sw0.25-all_history-domain_augmented,True,
s6-A-0011-sw0.25-five_year-plain,True,
s6-A-0011-sw0.25-five_year-domain_augmented,True,
s6-A-0011-sw0.25-half_life_2-plain,True,
s6-A-0011-sw0.25-half_life_2-domain_augmented,True,
s6-A-0011-sw0.25-half_life_4-plain,True,
s6-A-0011-sw0.25-half_life_4-domain_augmented,True,
s6-A-0011-sw0.25-half_life_6-plain,True,
s6-A-0011-sw0.25-half_life_6-domain_augmented,True,
s6-A-0011-sw0.50-all_history-plain,True,
s6-A-0011-sw0.50-all_history-domain_augmented,True,
s6-A-0011-sw0.50-five_year-plain,True,
s6-A-0011-sw0.50-five_year-domain_augmented,True,
s6-A-0011-sw0.50-half_life_2-plain,True,
s6-A-0011-sw0.50-half_life_2-domain_augmented,True,
s6-A-0011-sw0.50-half_life_4-plain,True,
s6-A-0011-sw0.50-half_life_4-domain_augmented,True,
s6-A-0011-sw0.50-half_life_6-plain,True,
s6-A-0011-sw0.50-half_life_6-domain_augmented,True,
s6-A-0011-ensemble-0.25,True,requires compatible top pair
s6-A-0011-ensemble-0.50,True,requires compatible top pair
s6-A-0011-ensemble-0.75,True,requires compatible top pair
s6-A-0012-sw0.00-all_history-plain,True,
s6-A-0012-sw0.00-all_history-domain_augmented,True,
s6-A-0012-sw0.00-five_year-plain,True,
s6-A-0012-sw0.00-five_year-domain_augmented,True,
s6-A-0012-sw0.00-half_life_2-plain,True,
s6-A-0012-sw0.00-half_life_2-domain_augmented,True,
s6-A-0012-sw0.00-half_life_4-plain,True,
s6-A-0012-sw0.00-half_life_4-domain_augmented,True,
s6-A-0012-sw0.00-half_life_6-plain,True,
s6-A-0012-sw0.00-half_life_6-domain_augmented,True,
s6-A-0012-sw0.10-all_history-plain,True,
s6-A-0012-sw0.10-all_history-domain_augmented,True,
s6-A-0012-sw0.10-five_year-plain,True,
s6-A-0012-sw0.10-five_year-domain_augmented,True,
s6-A-0012-sw0.10-half_life_2-plain,True,
s6-A-0012-sw0.10-half_life_2-domain_augmented,True,
s6-A-0012-sw0.10-half_life_4-plain,True,
s6-A-0012-sw0.10-half_life_4-domain_augmented,True,
s6-A-0012-sw0.10-half_life_6-plain,True,
s6-A-0012-sw0.10-half_life_6-domain_augmented,True,
s6-A-0012-sw0.25-all_history-plain,True,
s6-A-0012-sw0.25-all_history-domain_augmented,True,
s6-A-0012-sw0.25-five_year-plain,True,
s6-A-0012-sw0.25-five_year-domain_augmented,True,
s6-A-0012-sw0.25-half_life_2-plain,True,
s6-A-0012-sw0.25-half_life_2-domain_augmented,True,
s6-A-0012-sw0.25-half_life_4-plain,True,
s6-A-0012-sw0.25-half_life_4-domain_augmented,True,
s6-A-0012-sw0.25-half_life_6-plain,True,
s6-A-0012-sw0.25-half_life_6-domain_augmented,True,
s6-A-0012-sw0.50-all_history-plain,True,
s6-A-0012-sw0.50-all_history-domain_augmented,True,
s6-A-0012-sw0.50-five_year-plain,True,
s6-A-0012-sw0.50-five_year-domain_augmented,True,
s6-A-0012-sw0.50-half_life_2-plain,True,
s6-A-0012-sw0.50-half_life_2-domain_augmented,True,
s6-A-0012-sw0.50-half_life_4-plain,True,
s6-A-0012-sw0.50-half_life_4-domain_augmented,True,
s6-A-0012-sw0.50-half_life_6-plain,True,
s6-A-0012-sw0.50-half_life_6-domain_augmented,True,
s6-A-0013-sw0.00-all_history-plain,True,
s6-A-0013-sw0.00-all_history-domain_augmented,True,
s6-A-0013-sw0.00-five_year-plain,True,
s6-A-0013-sw0.00-five_year-domain_augmented,True,
s6-A-0013-sw0.00-half_life_2-plain,True,
s6-A-0013-sw0.00-half_life_2-domain_augmented,True,
s6-A-0013-sw0.00-half_life_4-plain,True,
s6-A-0013-sw0.00-half_life_4-domain_augmented,True,
s6-A-0013-sw0.00-half_life_6-plain,True,
s6-A-0013-sw0.00-half_life_6-domain_augmented,True,
s6-A-0013-sw0.10-all_history-plain,True,
s6-A-0013-sw0.10-all_history-domain_augmented,True,
s6-A-0013-sw0.10-five_year-plain,True,
s6-A-0013-sw0.10-five_year-domain_augmented,True,
s6-A-0013-sw0.10-half_life_2-plain,True,
s6-A-0013-sw0.10-half_life_2-domain_augmented,True,
s6-A-0013-sw0.10-half_life_4-plain,True,
s6-A-0013-sw0.10-half_life_4-domain_augmented,True,
s6-A-0013-sw0.10-half_life_6-plain,True,
s6-A-0013-sw0.10-half_life_6-domain_augmented,True,
s6-A-0013-sw0.25-all_history-plain,True,
s6-A-0013-sw0.25-all_history-domain_augmented,True,
s6-A-0013-sw0.25-five_year-plain,True,
s6-A-0013-sw0.25-five_year-domain_augmented,True,
s6-A-0013-sw0.25-half_life_2-plain,True,
s6-A-0013-sw0.25-half_life_2-domain_augmented,True,
s6-A-0013-sw0.25-half_life_4-plain,True,
s6-A-0013-sw0.25-half_life_4-domain_augmented,True,
s6-A-0013-sw0.25-half_life_6-plain,True,
s6-A-0013-sw0.25-half_life_6-domain_augmented,True,
s6-A-0013-sw0.50-all_history-plain,True,
s6-A-0013-sw0.50-all_history-domain_augmented,True,
s6-A-0013-sw0.50-five_year-plain,True,
s6-A-0013-sw0.50-five_year-domain_augmented,True,
s6-A-0013-sw0.50-half_life_2-plain,True,
s6-A-0013-sw0.50-half_life_2-domain_augmented,True,
s6-A-0013-sw0.50-half_life_4-plain,True,
s6-A-0013-sw0.50-half_life_4-domain_augmented,True,
s6-A-0013-sw0.50-half_life_6-plain,True,
s6-A-0013-sw0.50-half_life_6-domain_augmented,True,
s6-A-0014-sw0.00-all_history-plain,True,
s6-A-0014-sw0.00-all_history-domain_augmented,True,
s6-A-0014-sw0.00-five_year-plain,True,
s6-A-0014-sw0.00-five_year-domain_augmented,True,
s6-A-0014-sw0.00-half_life_2-plain,True,
s6-A-0014-sw0.00-half_life_2-domain_augmented,True,
s6-A-0014-sw0.00-half_life_4-plain,True,
s6-A-0014-sw0.00-half_life_4-domain_augmented,True,
s6-A-0014-sw0.00-half_life_6-plain,True,
s6-A-0014-sw0.00-half_life_6-domain_augmented,True,
s6-A-0014-sw0.10-all_history-plain,True,
s6-A-0014-sw0.10-all_history-domain_augmented,True,
s6-A-0014-sw0.10-five_year-plain,True,
s6-A-0014-sw0.10-five_year-domain_augmented,True,
s6-A-0014-sw0.10-half_life_2-plain,True,
s6-A-0014-sw0.10-half_life_2-domain_augmented,True,
s6-A-0014-sw0.10-half_life_4-plain,True,
s6-A-0014-sw0.10-half_life_4-domain_augmented,True,
s6-A-0014-sw0.10-half_life_6-plain,True,
s6-A-0014-sw0.10-half_life_6-domain_augmented,True,
s6-A-0014-sw0.25-all_history-plain,True,
s6-A-0014-sw0.25-all_history-domain_augmented,True,
s6-A-0014-sw0.25-five_year-plain,True,
s6-A-0014-sw0.25-five_year-domain_augmented,True,
s6-A-0014-sw0.25-half_life_2-plain,True,
s6-A-0014-sw0.25-half_life_2-domain_augmented,True,
s6-A-0014-sw0.25-half_life_4-plain,True,
s6-A-0014-sw0.25-half_life_4-domain_augmented,True,
s6-A-0014-sw0.25-half_life_6-plain,True,
s6-A-0014-sw0.25-half_life_6-domain_augmented,True,
s6-A-0014-sw0.50-all_history-plain,True,
s6-A-0014-sw0.50-all_history-domain_augmented,True,
s6-A-0014-sw0.50-five_year-plain,True,
s6-A-0014-sw0.50-five_year-domain_augmented,True,
s6-A-0014-sw0.50-half_life_2-plain,True,
s6-A-0014-sw0.50-half_life_2-domain_augmented,True,
s6-A-0014-sw0.50-half_life_4-plain,True,
s6-A-0014-sw0.50-half_life_4-domain_augmented,True,
s6-A-0014-sw0.50-half_life_6-plain,True,
s6-A-0014-sw0.50-half_life_6-domain_augmented,True,
s6-A-0015-sw0.00-all_history-plain,True,
s6-A-0015-sw0.00-all_history-domain_augmented,True,
s6-A-0015-sw0.00-five_year-plain,True,
s6-A-0015-sw0.00-five_year-domain_augmented,True,
s6-A-0015-sw0.00-half_life_2-plain,True,
s6-A-0015-sw0.00-half_life_2-domain_augmented,True,
s6-A-0015-sw0.00-half_life_4-plain,True,
s6-A-0015-sw0.00-half_life_4-domain_augmented,True,
s6-A-0015-sw0.00-half_life_6-plain,True,
s6-A-0015-sw0.00-half_life_6-domain_augmented,True,
s6-A-0015-sw0.10-all_history-plain,True,
s6-A-0015-sw0.10-all_history-domain_augmented,True,
s6-A-0015-sw0.10-five_year-plain,True,
s6-A-0015-sw0.10-five_year-domain_augmented,True,
s6-A-0015-sw0.10-half_life_2-plain,True,
s6-A-0015-sw0.10-half_life_2-domain_augmented,True,
s6-A-0015-sw0.10-half_life_4-plain,True,
s6-A-0015-sw0.10-half_life_4-domain_augmented,True,
s6-A-0015-sw0.10-half_life_6-plain,True,
s6-A-0015-sw0.10-half_life_6-domain_augmented,True,
s6-A-0015-sw0.25-all_history-plain,True,
s6-A-0015-sw0.25-all_history-domain_augmented,True,
s6-A-0015-sw0.25-five_year-plain,True,
s6-A-0015-sw0.25-five_year-domain_augmented,True,
s6-A-0015-sw0.25-half_life_2-plain,True,
s6-A-0015-sw0.25-half_life_2-domain_augmented,True,
s6-A-0015-sw0.25-half_life_4-plain,True,
s6-A-0015-sw0.25-half_life_4-domain_augmented,True,
s6-A-0015-sw0.25-half_life_6-plain,True,
s6-A-0015-sw0.25-half_life_6-domain_augmented,True,
s6-A-0015-sw0.50-all_history-plain,True,
s6-A-0015-sw0.50-all_history-domain_augmented,True,
s6-A-0015-sw0.50-five_year-plain,True,
s6-A-0015-sw0.50-five_year-domain_augmented,True,
s6-A-0015-sw0.50-half_life_2-plain,True,
s6-A-0015-sw0.50-half_life_2-domain_augmented,True,
s6-A-0015-sw0.50-half_life_4-plain,True,
s6-A-0015-sw0.50-half_life_4-domain_augmented,True,
s6-A-0015-sw0.50-half_life_6-plain,True,
s6-A-0015-sw0.50-half_life_6-domain_augmented,True,
s6-A-0015-ensemble-0.25,True,requires compatible top pair
s6-A-0015-ensemble-0.50,True,requires compatible top pair
s6-A-0015-ensemble-0.75,True,requires compatible top pair
s6-A-0016-sw0.00-all_history-plain,True,
s6-A-0016-sw0.00-all_history-domain_augmented,True,
s6-A-0016-sw0.00-five_year-plain,True,
s6-A-0016-sw0.00-five_year-domain_augmented,True,
s6-A-0016-sw0.00-half_life_2-plain,True,
s6-A-0016-sw0.00-half_life_2-domain_augmented,True,
s6-A-0016-sw0.00-half_life_4-plain,True,
s6-A-0016-sw0.00-half_life_4-domain_augmented,True,
s6-A-0016-sw0.00-half_life_6-plain,True,
s6-A-0016-sw0.00-half_life_6-domain_augmented,True,
s6-A-0016-sw0.10-all_history-plain,True,
s6-A-0016-sw0.10-all_history-domain_augmented,True,
s6-A-0016-sw0.10-five_year-plain,True,
s6-A-0016-sw0.10-five_year-domain_augmented,True,
s6-A-0016-sw0.10-half_life_2-plain,True,
s6-A-0016-sw0.10-half_life_2-domain_augmented,True,
s6-A-0016-sw0.10-half_life_4-plain,True,
s6-A-0016-sw0.10-half_life_4-domain_augmented,True,
s6-A-0016-sw0.10-half_life_6-plain,True,
s6-A-0016-sw0.10-half_life_6-domain_augmented,True,
s6-A-0016-sw0.25-all_history-plain,True,
s6-A-0016-sw0.25-all_history-domain_augmented,True,
s6-A-0016-sw0.25-five_year-plain,True,
s6-A-0016-sw0.25-five_year-domain_augmented,True,
s6-A-0016-sw0.25-half_life_2-plain,True,
s6-A-0016-sw0.25-half_life_2-domain_augmented,True,
s6-A-0016-sw0.25-half_life_4-plain,True,
s6-A-0016-sw0.25-half_life_4-domain_augmented,True,
s6-A-0016-sw0.25-half_life_6-plain,True,
s6-A-0016-sw0.25-half_life_6-domain_augmented,True,
s6-A-0016-sw0.50-all_history-plain,True,
s6-A-0016-sw0.50-all_history-domain_augmented,True,
s6-A-0016-sw0.50-five_year-plain,True,
s6-A-0016-sw0.50-five_year-domain_augmented,True,
s6-A-0016-sw0.50-half_life_2-plain,True,
s6-A-0016-sw0.50-half_life_2-domain_augmented,True,
s6-A-0016-sw0.50-half_life_4-plain,True,
s6-A-0016-sw0.50-half_life_4-domain_augmented,True,
s6-A-0016-sw0.50-half_life_6-plain,True,
s6-A-0016-sw0.50-half_life_6-domain_augmented,True,
s6-A-0016-ensemble-0.25,True,requires compatible top pair
s6-A-0016-ensemble-0.50,True,requires compatible top pair
s6-A-0016-ensemble-0.75,True,requires compatible top pair
s6-A-0017-sw0.00-all_history-plain,True,
s6-A-0017-sw0.00-all_history-domain_augmented,True,
s6-A-0017-sw0.00-five_year-plain,True,
s6-A-0017-sw0.00-five_year-domain_augmented,True,
s6-A-0017-sw0.00-half_life_2-plain,True,
s6-A-0017-sw0.00-half_life_2-domain_augmented,True,
s6-A-0017-sw0.00-half_life_4-plain,True,
s6-A-0017-sw0.00-half_life_4-domain_augmented,True,
s6-A-0017-sw0.00-half_life_6-plain,True,
s6-A-0017-sw0.00-half_life_6-domain_augmented,True,
s6-A-0017-sw0.10-all_history-plain,True,
s6-A-0017-sw0.10-all_history-domain_augmented,True,
s6-A-0017-sw0.10-five_year-plain,True,
s6-A-0017-sw0.10-five_year-domain_augmented,True,
s6-A-0017-sw0.10-half_life_2-plain,True,
s6-A-0017-sw0.10-half_life_2-domain_augmented,True,
s6-A-0017-sw0.10-half_life_4-plain,True,
s6-A-0017-sw0.10-half_life_4-domain_augmented,True,
s6-A-0017-sw0.10-half_life_6-plain,True,
s6-A-0017-sw0.10-half_life_6-domain_augmented,True,
s6-A-0017-sw0.25-all_history-plain,True,
s6-A-0017-sw0.25-all_history-domain_augmented,True,
s6-A-0017-sw0.25-five_year-plain,True,
s6-A-0017-sw0.25-five_year-domain_augmented,True,
s6-A-0017-sw0.25-half_life_2-plain,True,
s6-A-0017-sw0.25-half_life_2-domain_augmented,True,
s6-A-0017-sw0.25-half_life_4-plain,True,
s6-A-0017-sw0.25-half_life_4-domain_augmented,True,
s6-A-0017-sw0.25-half_life_6-plain,True,
s6-A-0017-sw0.25-half_life_6-domain_augmented,True,
s6-A-0017-sw0.50-all_history-plain,True,
s6-A-0017-sw0.50-all_history-domain_augmented,True,
s6-A-0017-sw0.50-five_year-plain,True,
s6-A-0017-sw0.50-five_year-domain_augmented,True,
s6-A-0017-sw0.50-half_life_2-plain,True,
s6-A-0017-sw0.50-half_life_2-domain_augmented,True,
s6-A-0017-sw0.50-half_life_4-plain,True,
s6-A-0017-sw0.50-half_life_4-domain_augmented,True,
s6-A-0017-sw0.50-half_life_6-plain,True,
s6-A-0017-sw0.50-half_life_6-domain_augmented,True,
s6-A-0017-ensemble-0.25,True,requires compatible top pair
s6-A-0017-ensemble-0.50,True,requires compatible top pair
s6-A-0017-ensemble-0.75,True,requires compatible top pair
s6-A-0018-sw0.00-all_history-plain,True,
s6-A-0018-sw0.00-all_history-domain_augmented,True,
s6-A-0018-sw0.00-five_year-plain,True,
s6-A-0018-sw0.00-five_year-domain_augmented,True,
s6-A-0018-sw0.00-half_life_2-plain,True,
s6-A-0018-sw0.00-half_life_2-domain_augmented,True,
s6-A-0018-sw0.00-half_life_4-plain,True,
s6-A-0018-sw0.00-half_life_4-domain_augmented,True,
s6-A-0018-sw0.00-half_life_6-plain,True,
s6-A-0018-sw0.00-half_life_6-domain_augmented,True,
s6-A-0018-sw0.10-all_history-plain,True,
s6-A-0018-sw0.10-all_history-domain_augmented,True,
s6-A-0018-sw0.10-five_year-plain,True,
s6-A-0018-sw0.10-five_year-domain_augmented,True,
s6-A-0018-sw0.10-half_life_2-plain,True,
s6-A-0018-sw0.10-half_life_2-domain_augmented,True,
s6-A-0018-sw0.10-half_life_4-plain,True,
s6-A-0018-sw0.10-half_life_4-domain_augmented,True,
s6-A-0018-sw0.10-half_life_6-plain,True,
s6-A-0018-sw0.10-half_life_6-domain_augmented,True,
s6-A-0018-sw0.25-all_history-plain,True,
s6-A-0018-sw0.25-all_history-domain_augmented,True,
s6-A-0018-sw0.25-five_year-plain,True,
s6-A-0018-sw0.25-five_year-domain_augmented,True,
s6-A-0018-sw0.25-half_life_2-plain,True,
s6-A-0018-sw0.25-half_life_2-domain_augmented,True,
s6-A-0018-sw0.25-half_life_4-plain,True,
s6-A-0018-sw0.25-half_life_4-domain_augmented,True,
s6-A-0018-sw0.25-half_life_6-plain,True,
s6-A-0018-sw0.25-half_life_6-domain_augmented,True,
s6-A-0018-sw0.50-all_history-plain,True,
s6-A-0018-sw0.50-all_history-domain_augmented,True,
s6-A-0018-sw0.50-five_year-plain,True,
s6-A-0018-sw0.50-five_year-domain_augmented,True,
s6-A-0018-sw0.50-half_life_2-plain,True,
s6-A-0018-sw0.50-half_life_2-domain_augmented,True,
s6-A-0018-sw0.50-half_life_4-plain,True,
s6-A-0018-sw0.50-half_life_4-domain_augmented,True,
s6-A-0018-sw0.50-half_life_6-plain,True,
s6-A-0018-sw0.50-half_life_6-domain_augmented,True,
s6-A-0018-ensemble-0.25,True,requires compatible top pair
s6-A-0018-ensemble-0.50,True,requires compatible top pair
s6-A-0018-ensemble-0.75,True,requires compatible top pair
s6-A-0019-sw0.00-all_history-plain,True,
s6-A-0019-sw0.00-all_history-domain_augmented,True,
s6-A-0019-sw0.00-five_year-plain,True,
s6-A-0019-sw0.00-five_year-domain_augmented,True,
s6-A-0019-sw0.00-half_life_2-plain,True,
s6-A-0019-sw0.00-half_life_2-domain_augmented,True,
s6-A-0019-sw0.00-half_life_4-plain,True,
s6-A-0019-sw0.00-half_life_4-domain_augmented,True,
s6-A-0019-sw0.00-half_life_6-plain,True,
s6-A-0019-sw0.00-half_life_6-domain_augmented,True,
s6-A-0019-sw0.10-all_history-plain,True,
s6-A-0019-sw0.10-all_history-domain_augmented,True,
s6-A-0019-sw0.10-five_year-plain,True,
s6-A-0019-sw0.10-five_year-domain_augmented,True,
s6-A-0019-sw0.10-half_life_2-plain,True,
s6-A-0019-sw0.10-half_life_2-domain_augmented,True,
s6-A-0019-sw0.10-half_life_4-plain,True,
s6-A-0019-sw0.10-half_life_4-domain_augmented,True,
s6-A-0019-sw0.10-half_life_6-plain,True,
s6-A-0019-sw0.10-half_life_6-domain_augmented,True,
s6-A-0019-sw0.25-all_history-plain,True,
s6-A-0019-sw0.25-all_history-domain_augmented,True,
s6-A-0019-sw0.25-five_year-plain,True,
s6-A-0019-sw0.25-five_year-domain_augmented,True,
s6-A-0019-sw0.25-half_life_2-plain,True,
s6-A-0019-sw0.25-half_life_2-domain_augmented,True,
s6-A-0019-sw0.25-half_life_4-plain,True,
s6-A-0019-sw0.25-half_life_4-domain_augmented,True,
s6-A-0019-sw0.25-half_life_6-plain,True,
s6-A-0019-sw0.25-half_life_6-domain_augmented,True,
s6-A-0019-sw0.50-all_history-plain,True,
s6-A-0019-sw0.50-all_history-domain_augmented,True,
s6-A-0019-sw0.50-five_year-plain,True,
s6-A-0019-sw0.50-five_year-domain_augmented,True,
s6-A-0019-sw0.50-half_life_2-plain,True,
s6-A-0019-sw0.50-half_life_2-domain_augmented,True,
s6-A-0019-sw0.50-half_life_4-plain,True,
s6-A-0019-sw0.50-half_life_4-domain_augmented,True,
s6-A-0019-sw0.50-half_life_6-plain,True,
s6-A-0019-sw0.50-half_life_6-domain_augmented,True,
s6-A-0019-ensemble-0.25,True,requires compatible top pair
s6-A-0019-ensemble-0.50,True,requires compatible top pair
s6-A-0019-ensemble-0.75,True,requires compatible top pair
s6-A-0020-sw0.00-all_history-plain,True,
s6-A-0020-sw0.00-all_history-domain_augmented,True,
s6-A-0020-sw0.00-five_year-plain,True,
s6-A-0020-sw0.00-five_year-domain_augmented,True,
s6-A-0020-sw0.00-half_life_2-plain,True,
s6-A-0020-sw0.00-half_life_2-domain_augmented,True,
s6-A-0020-sw0.00-half_life_4-plain,True,
s6-A-0020-sw0.00-half_life_4-domain_augmented,True,
s6-A-0020-sw0.00-half_life_6-plain,True,
s6-A-0020-sw0.00-half_life_6-domain_augmented,True,
s6-A-0020-sw0.10-all_history-plain,True,
s6-A-0020-sw0.10-all_history-domain_augmented,True,
s6-A-0020-sw0.10-five_year-plain,True,
s6-A-0020-sw0.10-five_year-domain_augmented,True,
s6-A-0020-sw0.10-half_life_2-plain,True,
s6-A-0020-sw0.10-half_life_2-domain_augmented,True,
s6-A-0020-sw0.10-half_life_4-plain,True,
s6-A-0020-sw0.10-half_life_4-domain_augmented,True,
s6-A-0020-sw0.10-half_life_6-plain,True,
s6-A-0020-sw0.10-half_life_6-domain_augmented,True,
s6-A-0020-sw0.25-all_history-plain,True,
s6-A-0020-sw0.25-all_history-domain_augmented,True,
s6-A-0020-sw0.25-five_year-plain,True,
s6-A-0020-sw0.25-five_year-domain_augmented,True,
s6-A-0020-sw0.25-half_life_2-plain,True,
s6-A-0020-sw0.25-half_life_2-domain_augmented,True,
s6-A-0020-sw0.25-half_life_4-plain,True,
s6-A-0020-sw0.25-half_life_4-domain_augmented,True,
s6-A-0020-sw0.25-half_life_6-plain,True,
s6-A-0020-sw0.25-half_life_6-domain_augmented,True,
s6-A-0020-sw0.50-all_history-plain,True,
s6-A-0020-sw0.50-all_history-domain_augmented,True,
s6-A-0020-sw0.50-five_year-plain,True,
s6-A-0020-sw0.50-five_year-domain_augmented,True,
s6-A-0020-sw0.50-half_life_2-plain,True,
s6-A-0020-sw0.50-half_life_2-domain_augmented,True,
s6-A-0020-sw0.50-half_life_4-plain,True,
s6-A-0020-sw0.50-half_life_4-domain_augmented,True,
s6-A-0020-sw0.50-half_life_6-plain,True,
s6-A-0020-sw0.50-half_life_6-domain_augmented,True,
s6-A-0020-ensemble-0.25,True,requires compatible top pair
s6-A-0020-ensemble-0.50,True,requires compatible top pair
s6-A-0020-ensemble-0.75,True,requires compatible top pair
s6-A-0021-sw0.00-all_history-plain,True,
s6-A-0021-sw0.00-all_history-domain_augmented,True,
s6-A-0021-sw0.00-five_year-plain,True,
s6-A-0021-sw0.00-five_year-domain_augmented,True,
s6-A-0021-sw0.00-half_life_2-plain,True,
s6-A-0021-sw0.00-half_life_2-domain_augmented,True,
s6-A-0021-sw0.00-half_life_4-plain,True,
s6-A-0021-sw0.00-half_life_4-domain_augmented,True,
s6-A-0021-sw0.00-half_life_6-plain,True,
s6-A-0021-sw0.00-half_life_6-domain_augmented,True,
s6-A-0021-sw0.10-all_history-plain,True,
s6-A-0021-sw0.10-all_history-domain_augmented,True,
s6-A-0021-sw0.10-five_year-plain,True,
s6-A-0021-sw0.10-five_year-domain_augmented,True,
s6-A-0021-sw0.10-half_life_2-plain,True,
s6-A-0021-sw0.10-half_life_2-domain_augmented,True,
s6-A-0021-sw0.10-half_life_4-plain,True,
s6-A-0021-sw0.10-half_life_4-domain_augmented,True,
s6-A-0021-sw0.10-half_life_6-plain,True,
s6-A-0021-sw0.10-half_life_6-domain_augmented,True,
s6-A-0021-sw0.25-all_history-plain,True,
s6-A-0021-sw0.25-all_history-domain_augmented,True,
s6-A-0021-sw0.25-five_year-plain,True,
s6-A-0021-sw0.25-five_year-domain_augmented,True,
s6-A-0021-sw0.25-half_life_2-plain,True,
s6-A-0021-sw0.25-half_life_2-domain_augmented,True,
s6-A-0021-sw0.25-half_life_4-plain,True,
s6-A-0021-sw0.25-half_life_4-domain_augmented,True,
s6-A-0021-sw0.25-half_life_6-plain,True,
s6-A-0021-sw0.25-half_life_6-domain_augmented,True,
s6-A-0021-sw0.50-all_history-plain,True,
s6-A-0021-sw0.50-all_history-domain_augmented,True,
s6-A-0021-sw0.50-five_year-plain,True,
s6-A-0021-sw0.50-five_year-domain_augmented,True,
s6-A-0021-sw0.50-half_life_2-plain,True,
s6-A-0021-sw0.50-half_life_2-domain_augmented,True,
s6-A-0021-sw0.50-half_life_4-plain,True,
s6-A-0021-sw0.50-half_life_4-domain_augmented,True,
s6-A-0021-sw0.50-half_life_6-plain,True,
s6-A-0021-sw0.50-half_life_6-domain_augmented,True,
s6-A-0021-ensemble-0.25,True,requires compatible top pair
s6-A-0021-ensemble-0.50,True,requires compatible top pair
s6-A-0021-ensemble-0.75,True,requires compatible top pair
s6-A-0022-sw0.00-all_history-plain,True,
s6-A-0022-sw0.00-all_history-domain_augmented,True,
s6-A-0022-sw0.00-five_year-plain,True,
s6-A-0022-sw0.00-five_year-domain_augmented,True,
s6-A-0022-sw0.00-half_life_2-plain,True,
s6-A-0022-sw0.00-half_life_2-domain_augmented,True,
s6-A-0022-sw0.00-half_life_4-plain,True,
s6-A-0022-sw0.00-half_life_4-domain_augmented,True,
s6-A-0022-sw0.00-half_life_6-plain,True,
s6-A-0022-sw0.00-half_life_6-domain_augmented,True,
s6-A-0022-sw0.10-all_history-plain,True,
s6-A-0022-sw0.10-all_history-domain_augmented,True,
s6-A-0022-sw0.10-five_year-plain,True,
s6-A-0022-sw0.10-five_year-domain_augmented,True,
s6-A-0022-sw0.10-half_life_2-plain,True,
s6-A-0022-sw0.10-half_life_2-domain_augmented,True,
s6-A-0022-sw0.10-half_life_4-plain,True,
s6-A-0022-sw0.10-half_life_4-domain_augmented,True,
s6-A-0022-sw0.10-half_life_6-plain,True,
s6-A-0022-sw0.10-half_life_6-domain_augmented,True,
s6-A-0022-sw0.25-all_history-plain,True,
s6-A-0022-sw0.25-all_history-domain_augmented,True,
s6-A-0022-sw0.25-five_year-plain,True,
s6-A-0022-sw0.25-five_year-domain_augmented,True,
s6-A-0022-sw0.25-half_life_2-plain,True,
s6-A-0022-sw0.25-half_life_2-domain_augmented,True,
s6-A-0022-sw0.25-half_life_4-plain,True,
s6-A-0022-sw0.25-half_life_4-domain_augmented,True,
s6-A-0022-sw0.25-half_life_6-plain,True,
s6-A-0022-sw0.25-half_life_6-domain_augmented,True,
s6-A-0022-sw0.50-all_history-plain,True,
s6-A-0022-sw0.50-all_history-domain_augmented,True,
s6-A-0022-sw0.50-five_year-plain,True,
s6-A-0022-sw0.50-five_year-domain_augmented,True,
s6-A-0022-sw0.50-half_life_2-plain,True,
s6-A-0022-sw0.50-half_life_2-domain_augmented,True,
s6-A-0022-sw0.50-half_life_4-plain,True,
s6-A-0022-sw0.50-half_life_4-domain_augmented,True,
s6-A-0022-sw0.50-half_life_6-plain,True,
s6-A-0022-sw0.50-half_life_6-domain_augmented,True,
s6-A-0022-ensemble-0.25,True,requires compatible top pair
s6-A-0022-ensemble-0.50,True,requires compatible top pair
s6-A-0022-ensemble-0.75,True,requires compatible top pair
s6-A-0023-sw0.00-all_history-plain,True,
s6-A-0023-sw0.00-all_history-domain_augmented,True,
s6-A-0023-sw0.00-five_year-plain,True,
s6-A-0023-sw0.00-five_year-domain_augmented,True,
s6-A-0023-sw0.00-half_life_2-plain,True,
s6-A-0023-sw0.00-half_life_2-domain_augmented,True,
s6-A-0023-sw0.00-half_life_4-plain,True,
s6-A-0023-sw0.00-half_life_4-domain_augmented,True,
s6-A-0023-sw0.00-half_life_6-plain,True,
s6-A-0023-sw0.00-half_life_6-domain_augmented,True,
s6-A-0023-sw0.10-all_history-plain,True,
s6-A-0023-sw0.10-all_history-domain_augmented,True,
s6-A-0023-sw0.10-five_year-plain,True,
s6-A-0023-sw0.10-five_year-domain_augmented,True,
s6-A-0023-sw0.10-half_life_2-plain,True,
s6-A-0023-sw0.10-half_life_2-domain_augmented,True,
s6-A-0023-sw0.10-half_life_4-plain,True,
s6-A-0023-sw0.10-half_life_4-domain_augmented,True,
s6-A-0023-sw0.10-half_life_6-plain,True,
s6-A-0023-sw0.10-half_life_6-domain_augmented,True,
s6-A-0023-sw0.25-all_history-plain,True,
s6-A-0023-sw0.25-all_history-domain_augmented,True,
s6-A-0023-sw0.25-five_year-plain,True,
s6-A-0023-sw0.25-five_year-domain_augmented,True,
s6-A-0023-sw0.25-half_life_2-plain,True,
s6-A-0023-sw0.25-half_life_2-domain_augmented,True,
s6-A-0023-sw0.25-half_life_4-plain,True,
s6-A-0023-sw0.25-half_life_4-domain_augmented,True,
s6-A-0023-sw0.25-half_life_6-plain,True,
s6-A-0023-sw0.25-half_life_6-domain_augmented,True,
s6-A-0023-sw0.50-all_history-plain,True,
s6-A-0023-sw0.50-all_history-domain_augmented,True,
s6-A-0023-sw0.50-five_year-plain,True,
s6-A-0023-sw0.50-five_year-domain_augmented,True,
s6-A-0023-sw0.50-half_life_2-plain,True,
s6-A-0023-sw0.50-half_life_2-domain_augmented,True,
s6-A-0023-sw0.50-half_life_4-plain,True,
s6-A-0023-sw0.50-half_life_4-domain_augmented,True,
s6-A-0023-sw0.50-half_life_6-plain,True,
s6-A-0023-sw0.50-half_life_6-domain_augmented,True,
s6-A-0023-ensemble-0.25,True,requires compatible top pair
s6-A-0023-ensemble-0.50,True,requires compatible top pair
s6-A-0023-ensemble-0.75,True,requires compatible top pair
s6-A-0024-sw0.00-all_history-plain,True,
s6-A-0024-sw0.00-all_history-domain_augmented,True,
s6-A-0024-sw0.00-five_year-plain,True,
s6-A-0024-sw0.00-five_year-domain_augmented,True,
s6-A-0024-sw0.00-half_life_2-plain,True,
s6-A-0024-sw0.00-half_life_2-domain_augmented,True,
s6-A-0024-sw0.00-half_life_4-plain,True,
s6-A-0024-sw0.00-half_life_4-domain_augmented,True,
s6-A-0024-sw0.00-half_life_6-plain,True,
s6-A-0024-sw0.00-half_life_6-domain_augmented,True,
s6-A-0024-sw0.10-all_history-plain,True,
s6-A-0024-sw0.10-all_history-domain_augmented,True,
s6-A-0024-sw0.10-five_year-plain,True,
s6-A-0024-sw0.10-five_year-domain_augmented,True,
s6-A-0024-sw0.10-half_life_2-plain,True,
s6-A-0024-sw0.10-half_life_2-domain_augmented,True,
s6-A-0024-sw0.10-half_life_4-plain,True,
s6-A-0024-sw0.10-half_life_4-domain_augmented,True,
s6-A-0024-sw0.10-half_life_6-plain,True,
s6-A-0024-sw0.10-half_life_6-domain_augmented,True,
s6-A-0024-sw0.25-all_history-plain,True,
s6-A-0024-sw0.25-all_history-domain_augmented,True,
s6-A-0024-sw0.25-five_year-plain,True,
s6-A-0024-sw0.25-five_year-domain_augmented,True,
s6-A-0024-sw0.25-half_life_2-plain,True,
s6-A-0024-sw0.25-half_life_2-domain_augmented,True,
s6-A-0024-sw0.25-half_life_4-plain,True,
s6-A-0024-sw0.25-half_life_4-domain_augmented,True,
s6-A-0024-sw0.25-half_life_6-plain,True,
s6-A-0024-sw0.25-half_life_6-domain_augmented,True,
s6-A-0024-sw0.50-all_history-plain,True,
s6-A-0024-sw0.50-all_history-domain_augmented,True,
s6-A-0024-sw0.50-five_year-plain,True,
s6-A-0024-sw0.50-five_year-domain_augmented,True,
s6-A-0024-sw0.50-half_life_2-plain,True,
s6-A-0024-sw0.50-half_life_2-domain_augmented,True,
s6-A-0024-sw0.50-half_life_4-plain,True,
s6-A-0024-sw0.50-half_life_4-domain_augmented,True,
s6-A-0024-sw0.50-half_life_6-plain,True,
s6-A-0024-sw0.50-half_life_6-domain_augmented,True,
s6-A-0024-ensemble-0.25,True,requires compatible top pair
s6-A-0024-ensemble-0.50,True,requires compatible top pair
s6-A-0024-ensemble-0.75,True,requires compatible top pair
s6-A-0025-sw0.00-all_history-plain,True,
s6-A-0025-sw0.00-all_history-domain_augmented,True,
s6-A-0025-sw0.00-five_year-plain,True,
s6-A-0025-sw0.00-five_year-domain_augmented,True,
s6-A-0025-sw0.00-half_life_2-plain,True,
s6-A-0025-sw0.00-half_life_2-domain_augmented,True,
s6-A-0025-sw0.00-half_life_4-plain,True,
s6-A-0025-sw0.00-half_life_4-domain_augmented,True,
s6-A-0025-sw0.00-half_life_6-plain,True,
s6-A-0025-sw0.00-half_life_6-domain_augmented,True,
s6-A-0025-sw0.10-all_history-plain,True,
s6-A-0025-sw0.10-all_history-domain_augmented,True,
s6-A-0025-sw0.10-five_year-plain,True,
s6-A-0025-sw0.10-five_year-domain_augmented,True,
s6-A-0025-sw0.10-half_life_2-plain,True,
s6-A-0025-sw0.10-half_life_2-domain_augmented,True,
s6-A-0025-sw0.10-half_life_4-plain,True,
s6-A-0025-sw0.10-half_life_4-domain_augmented,True,
s6-A-0025-sw0.10-half_life_6-plain,True,
s6-A-0025-sw0.10-half_life_6-domain_augmented,True,
s6-A-0025-sw0.25-all_history-plain,True,
s6-A-0025-sw0.25-all_history-domain_augmented,True,
s6-A-0025-sw0.25-five_year-plain,True,
s6-A-0025-sw0.25-five_year-domain_augmented,True,
s6-A-0025-sw0.25-half_life_2-plain,True,
s6-A-0025-sw0.25-half_life_2-domain_augmented,True,
s6-A-0025-sw0.25-half_life_4-plain,True,
s6-A-0025-sw0.25-half_life_4-domain_augmented,True,
s6-A-0025-sw0.25-half_life_6-plain,True,
s6-A-0025-sw0.25-half_life_6-domain_augmented,True,
s6-A-0025-sw0.50-all_history-plain,True,
s6-A-0025-sw0.50-all_history-domain_augmented,True,
s6-A-0025-sw0.50-five_year-plain,True,
s6-A-0025-sw0.50-five_year-domain_augmented,True,
s6-A-0025-sw0.50-half_life_2-plain,True,
s6-A-0025-sw0.50-half_life_2-domain_augmented,True,
s6-A-0025-sw0.50-half_life_4-plain,True,
s6-A-0025-sw0.50-half_life_4-domain_augmented,True,
s6-A-0025-sw0.50-half_life_6-plain,True,
s6-A-0025-sw0.50-half_life_6-domain_augmented,True,
s6-A-0025-ensemble-0.25,True,requires compatible top pair
s6-A-0025-ensemble-0.50,True,requires compatible top pair
s6-A-0025-ensemble-0.75,True,requires compatible top pair
s6-A-0026-sw0.00-all_history-plain,True,
s6-A-0026-sw0.00-all_history-domain_augmented,True,
s6-A-0026-sw0.00-five_year-plain,True,
s6-A-0026-sw0.00-five_year-domain_augmented,True,
s6-A-0026-sw0.00-half_life_2-plain,True,
s6-A-0026-sw0.00-half_life_2-domain_augmented,True,
s6-A-0026-sw0.00-half_life_4-plain,True,
s6-A-0026-sw0.00-half_life_4-domain_augmented,True,
s6-A-0026-sw0.00-half_life_6-plain,True,
s6-A-0026-sw0.00-half_life_6-domain_augmented,True,
s6-A-0026-sw0.10-all_history-plain,True,
s6-A-0026-sw0.10-all_history-domain_augmented,True,
s6-A-0026-sw0.10-five_year-plain,True,
s6-A-0026-sw0.10-five_year-domain_augmented,True,
s6-A-0026-sw0.10-half_life_2-plain,True,
s6-A-0026-sw0.10-half_life_2-domain_augmented,True,
s6-A-0026-sw0.10-half_life_4-plain,True,
s6-A-0026-sw0.10-half_life_4-domain_augmented,True,
s6-A-0026-sw0.10-half_life_6-plain,True,
s6-A-0026-sw0.10-half_life_6-domain_augmented,True,
s6-A-0026-sw0.25-all_history-plain,True,
s6-A-0026-sw0.25-all_history-domain_augmented,True,
s6-A-0026-sw0.25-five_year-plain,True,
s6-A-0026-sw0.25-five_year-domain_augmented,True,
s6-A-0026-sw0.25-half_life_2-plain,True,
s6-A-0026-sw0.25-half_life_2-domain_augmented,True,
s6-A-0026-sw0.25-half_life_4-plain,True,
s6-A-0026-sw0.25-half_life_4-domain_augmented,True,
s6-A-0026-sw0.25-half_life_6-plain,True,
s6-A-0026-sw0.25-half_life_6-domain_augmented,True,
s6-A-0026-sw0.50-all_history-plain,True,
s6-A-0026-sw0.50-all_history-domain_augmented,True,
s6-A-0026-sw0.50-five_year-plain,True,
s6-A-0026-sw0.50-five_year-domain_augmented,True,
s6-A-0026-sw0.50-half_life_2-plain,True,
s6-A-0026-sw0.50-half_life_2-domain_augmented,True,
s6-A-0026-sw0.50-half_life_4-plain,True,
s6-A-0026-sw0.50-half_life_4-domain_augmented,True,
s6-A-0026-sw0.50-half_life_6-plain,True,
s6-A-0026-sw0.50-half_life_6-domain_augmented,True,
s6-A-0026-ensemble-0.25,True,requires compatible top pair
s6-A-0026-ensemble-0.50,True,requires compatible top pair
s6-A-0026-ensemble-0.75,True,requires compatible top pair
s6-A-0027-sw0.00-all_history-plain,True,
s6-A-0027-sw0.00-all_history-domain_augmented,True,
s6-A-0027-sw0.00-five_year-plain,True,
s6-A-0027-sw0.00-five_year-domain_augmented,True,
s6-A-0027-sw0.00-half_life_2-plain,True,
s6-A-0027-sw0.00-half_life_2-domain_augmented,True,
s6-A-0027-sw0.00-half_life_4-plain,True,
s6-A-0027-sw0.00-half_life_4-domain_augmented,True,
s6-A-0027-sw0.00-half_life_6-plain,True,
s6-A-0027-sw0.00-half_life_6-domain_augmented,True,
s6-A-0027-sw0.10-all_history-plain,True,
s6-A-0027-sw0.10-all_history-domain_augmented,True,
s6-A-0027-sw0.10-five_year-plain,True,
s6-A-0027-sw0.10-five_year-domain_augmented,True,
s6-A-0027-sw0.10-half_life_2-plain,True,
s6-A-0027-sw0.10-half_life_2-domain_augmented,True,
s6-A-0027-sw0.10-half_life_4-plain,True,
s6-A-0027-sw0.10-half_life_4-domain_augmented,True,
s6-A-0027-sw0.10-half_life_6-plain,True,
s6-A-0027-sw0.10-half_life_6-domain_augmented,True,
s6-A-0027-sw0.25-all_history-plain,True,
s6-A-0027-sw0.25-all_history-domain_augmented,True,
s6-A-0027-sw0.25-five_year-plain,True,
s6-A-0027-sw0.25-five_year-domain_augmented,True,
s6-A-0027-sw0.25-half_life_2-plain,True,
s6-A-0027-sw0.25-half_life_2-domain_augmented,True,
s6-A-0027-sw0.25-half_life_4-plain,True,
s6-A-0027-sw0.25-half_life_4-domain_augmented,True,
s6-A-0027-sw0.25-half_life_6-plain,True,
s6-A-0027-sw0.25-half_life_6-domain_augmented,True,
s6-A-0027-sw0.50-all_history-plain,True,
s6-A-0027-sw0.50-all_history-domain_augmented,True,
s6-A-0027-sw0.50-five_year-plain,True,
s6-A-0027-sw0.50-five_year-domain_augmented,True,
s6-A-0027-sw0.50-half_life_2-plain,True,
s6-A-0027-sw0.50-half_life_2-domain_augmented,True,
s6-A-0027-sw0.50-half_life_4-plain,True,
s6-A-0027-sw0.50-half_life_4-domain_augmented,True,
s6-A-0027-sw0.50-half_life_6-plain,True,
s6-A-0027-sw0.50-half_life_6-domain_augmented,True,
s6-A-0027-ensemble-0.25,True,requires compatible top pair
s6-A-0027-ensemble-0.50,True,requires compatible top pair
s6-A-0027-ensemble-0.75,True,requires compatible top pair
s6-A-0028-sw0.00-all_history-plain,True,
s6-A-0028-sw0.00-all_history-domain_augmented,True,
s6-A-0028-sw0.00-five_year-plain,True,
s6-A-0028-sw0.00-five_year-domain_augmented,True,
s6-A-0028-sw0.00-half_life_2-plain,True,
s6-A-0028-sw0.00-half_life_2-domain_augmented,True,
s6-A-0028-sw0.00-half_life_4-plain,True,
s6-A-0028-sw0.00-half_life_4-domain_augmented,True,
s6-A-0028-sw0.00-half_life_6-plain,True,
s6-A-0028-sw0.00-half_life_6-domain_augmented,True,
s6-A-0028-sw0.10-all_history-plain,True,
s6-A-0028-sw0.10-all_history-domain_augmented,True,
s6-A-0028-sw0.10-five_year-plain,True,
s6-A-0028-sw0.10-five_year-domain_augmented,True,
s6-A-0028-sw0.10-half_life_2-plain,True,
s6-A-0028-sw0.10-half_life_2-domain_augmented,True,
s6-A-0028-sw0.10-half_life_4-plain,True,
s6-A-0028-sw0.10-half_life_4-domain_augmented,True,
s6-A-0028-sw0.10-half_life_6-plain,True,
s6-A-0028-sw0.10-half_life_6-domain_augmented,True,
s6-A-0028-sw0.25-all_history-plain,True,
s6-A-0028-sw0.25-all_history-domain_augmented,True,
s6-A-0028-sw0.25-five_year-plain,True,
s6-A-0028-sw0.25-five_year-domain_augmented,True,
s6-A-0028-sw0.25-half_life_2-plain,True,
s6-A-0028-sw0.25-half_life_2-domain_augmented,True,
s6-A-0028-sw0.25-half_life_4-plain,True,
s6-A-0028-sw0.25-half_life_4-domain_augmented,True,
s6-A-0028-sw0.25-half_life_6-plain,True,
s6-A-0028-sw0.25-half_life_6-domain_augmented,True,
s6-A-0028-sw0.50-all_history-plain,True,
s6-A-0028-sw0.50-all_history-domain_augmented,True,
s6-A-0028-sw0.50-five_year-plain,True,
s6-A-0028-sw0.50-five_year-domain_augmented,True,
s6-A-0028-sw0.50-half_life_2-plain,True,
s6-A-0028-sw0.50-half_life_2-domain_augmented,True,
s6-A-0028-sw0.50-half_life_4-plain,True,
s6-A-0028-sw0.50-half_life_4-domain_augmented,True,
s6-A-0028-sw0.50-half_life_6-plain,True,
s6-A-0028-sw0.50-half_life_6-domain_augmented,True,
s6-A-0028-ensemble-0.25,True,requires compatible top pair
s6-A-0028-ensemble-0.50,True,requires compatible top pair
s6-A-0028-ensemble-0.75,True,requires compatible top pair
s6-A-0029-sw0.00-all_history-plain,True,
s6-A-0029-sw0.00-all_history-domain_augmented,True,
s6-A-0029-sw0.00-five_year-plain,True,
s6-A-0029-sw0.00-five_year-domain_augmented,True,
s6-A-0029-sw0.00-half_life_2-plain,True,
s6-A-0029-sw0.00-half_life_2-domain_augmented,True,
s6-A-0029-sw0.00-half_life_4-plain,True,
s6-A-0029-sw0.00-half_life_4-domain_augmented,True,
s6-A-0029-sw0.00-half_life_6-plain,True,
s6-A-0029-sw0.00-half_life_6-domain_augmented,True,
s6-A-0029-sw0.10-all_history-plain,True,
s6-A-0029-sw0.10-all_history-domain_augmented,True,
s6-A-0029-sw0.10-five_year-plain,True,
s6-A-0029-sw0.10-five_year-domain_augmented,True,
s6-A-0029-sw0.10-half_life_2-plain,True,
s6-A-0029-sw0.10-half_life_2-domain_augmented,True,
s6-A-0029-sw0.10-half_life_4-plain,True,
s6-A-0029-sw0.10-half_life_4-domain_augmented,True,
s6-A-0029-sw0.10-half_life_6-plain,True,
s6-A-0029-sw0.10-half_life_6-domain_augmented,True,
s6-A-0029-sw0.25-all_history-plain,True,
s6-A-0029-sw0.25-all_history-domain_augmented,True,
s6-A-0029-sw0.25-five_year-plain,True,
s6-A-0029-sw0.25-five_year-domain_augmented,True,
s6-A-0029-sw0.25-half_life_2-plain,True,
s6-A-0029-sw0.25-half_life_2-domain_augmented,True,
s6-A-0029-sw0.25-half_life_4-plain,True,
s6-A-0029-sw0.25-half_life_4-domain_augmented,True,
s6-A-0029-sw0.25-half_life_6-plain,True,
s6-A-0029-sw0.25-half_life_6-domain_augmented,True,
s6-A-0029-sw0.50-all_history-plain,True,
s6-A-0029-sw0.50-all_history-domain_augmented,True,
s6-A-0029-sw0.50-five_year-plain,True,
s6-A-0029-sw0.50-five_year-domain_augmented,True,
s6-A-0029-sw0.50-half_life_2-plain,True,
s6-A-0029-sw0.50-half_life_2-domain_augmented,True,
s6-A-0029-sw0.50-half_life_4-plain,True,
s6-A-0029-sw0.50-half_life_4-domain_augmented,True,
s6-A-0029-sw0.50-half_life_6-plain,True,
s6-A-0029-sw0.50-half_life_6-domain_augmented,True,
s6-A-0029-ensemble-0.25,True,requires compatible top pair
s6-A-0029-ensemble-0.50,True,requires compatible top pair
s6-A-0029-ensemble-0.75,True,requires compatible top pair
s6-A-0030-sw0.00-all_history-plain,True,
s6-A-0030-sw0.00-all_history-domain_augmented,True,
s6-A-0030-sw0.00-five_year-plain,True,
s6-A-0030-sw0.00-five_year-domain_augmented,True,
s6-A-0030-sw0.00-half_life_2-plain,True,
s6-A-0030-sw0.00-half_life_2-domain_augmented,True,
s6-A-0030-sw0.00-half_life_4-plain,True,
s6-A-0030-sw0.00-half_life_4-domain_augmented,True,
s6-A-0030-sw0.00-half_life_6-plain,True,
s6-A-0030-sw0.00-half_life_6-domain_augmented,True,
s6-A-0030-sw0.10-all_history-plain,True,
s6-A-0030-sw0.10-all_history-domain_augmented,True,
s6-A-0030-sw0.10-five_year-plain,True,
s6-A-0030-sw0.10-five_year-domain_augmented,True,
s6-A-0030-sw0.10-half_life_2-plain,True,
s6-A-0030-sw0.10-half_life_2-domain_augmented,True,
s6-A-0030-sw0.10-half_life_4-plain,True,
s6-A-0030-sw0.10-half_life_4-domain_augmented,True,
s6-A-0030-sw0.10-half_life_6-plain,True,
s6-A-0030-sw0.10-half_life_6-domain_augmented,True,
s6-A-0030-sw0.25-all_history-plain,True,
s6-A-0030-sw0.25-all_history-domain_augmented,True,
s6-A-0030-sw0.25-five_year-plain,True,
s6-A-0030-sw0.25-five_year-domain_augmented,True,
s6-A-0030-sw0.25-half_life_2-plain,True,
s6-A-0030-sw0.25-half_life_2-domain_augmented,True,
s6-A-0030-sw0.25-half_life_4-plain,True,
s6-A-0030-sw0.25-half_life_4-domain_augmented,True,
s6-A-0030-sw0.25-half_life_6-plain,True,
s6-A-0030-sw0.25-half_life_6-domain_augmented,True,
s6-A-0030-sw0.50-all_history-plain,True,
s6-A-0030-sw0.50-all_history-domain_augmented,True,
s6-A-0030-sw0.50-five_year-plain,True,
s6-A-0030-sw0.50-five_year-domain_augmented,True,
s6-A-0030-sw0.50-half_life_2-plain,True,
s6-A-0030-sw0.50-half_life_2-domain_augmented,True,
s6-A-0030-sw0.50-half_life_4-plain,True,
s6-A-0030-sw0.50-half_life_4-domain_augmented,True,
s6-A-0030-sw0.50-half_life_6-plain,True,
s6-A-0030-sw0.50-half_life_6-domain_augmented,True,
s6-A-0030-ensemble-0.25,True,requires compatible top pair
s6-A-0030-ensemble-0.50,True,requires compatible top pair
s6-A-0030-ensemble-0.75,True,requires compatible top pair
s6-A-0031-sw0.00-all_history-plain,True,
s6-A-0031-sw0.00-all_history-domain_augmented,True,
s6-A-0031-sw0.00-five_year-plain,True,
s6-A-0031-sw0.00-five_year-domain_augmented,True,
s6-A-0031-sw0.00-half_life_2-plain,True,
s6-A-0031-sw0.00-half_life_2-domain_augmented,True,
s6-A-0031-sw0.00-half_life_4-plain,True,
s6-A-0031-sw0.00-half_life_4-domain_augmented,True,
s6-A-0031-sw0.00-half_life_6-plain,True,
s6-A-0031-sw0.00-half_life_6-domain_augmented,True,
s6-A-0031-sw0.10-all_history-plain,True,
s6-A-0031-sw0.10-all_history-domain_augmented,True,
s6-A-0031-sw0.10-five_year-plain,True,
s6-A-0031-sw0.10-five_year-domain_augmented,True,
s6-A-0031-sw0.10-half_life_2-plain,True,
s6-A-0031-sw0.10-half_life_2-domain_augmented,True,
s6-A-0031-sw0.10-half_life_4-plain,True,
s6-A-0031-sw0.10-half_life_4-domain_augmented,True,
s6-A-0031-sw0.10-half_life_6-plain,True,
s6-A-0031-sw0.10-half_life_6-domain_augmented,True,
s6-A-0031-sw0.25-all_history-plain,True,
s6-A-0031-sw0.25-all_history-domain_augmented,True,
s6-A-0031-sw0.25-five_year-plain,True,
s6-A-0031-sw0.25-five_year-domain_augmented,True,
s6-A-0031-sw0.25-half_life_2-plain,True,
s6-A-0031-sw0.25-half_life_2-domain_augmented,True,
s6-A-0031-sw0.25-half_life_4-plain,True,
s6-A-0031-sw0.25-half_life_4-domain_augmented,True,
s6-A-0031-sw0.25-half_life_6-plain,True,
s6-A-0031-sw0.25-half_life_6-domain_augmented,True,
s6-A-0031-sw0.50-all_history-plain,True,
s6-A-0031-sw0.50-all_history-domain_augmented,True,
s6-A-0031-sw0.50-five_year-plain,True,
s6-A-0031-sw0.50-five_year-domain_augmented,True,
s6-A-0031-sw0.50-half_life_2-plain,True,
s6-A-0031-sw0.50-half_life_2-domain_augmented,True,
s6-A-0031-sw0.50-half_life_4-plain,True,
s6-A-0031-sw0.50-half_life_4-domain_augmented,True,
s6-A-0031-sw0.50-half_life_6-plain,True,
s6-A-0031-sw0.50-half_life_6-domain_augmented,True,
s6-A-0031-ensemble-0.25,True,requires compatible top pair
s6-A-0031-ensemble-0.50,True,requires compatible top pair
s6-A-0031-ensemble-0.75,True,requires compatible top pair
s6-A-0032-sw0.00-all_history-plain,True,
s6-A-0032-sw0.00-all_history-domain_augmented,True,
s6-A-0032-sw0.00-five_year-plain,True,
s6-A-0032-sw0.00-five_year-domain_augmented,True,
s6-A-0032-sw0.00-half_life_2-plain,True,
s6-A-0032-sw0.00-half_life_2-domain_augmented,True,
s6-A-0032-sw0.00-half_life_4-plain,True,
s6-A-0032-sw0.00-half_life_4-domain_augmented,True,
s6-A-0032-sw0.00-half_life_6-plain,True,
s6-A-0032-sw0.00-half_life_6-domain_augmented,True,
s6-A-0032-sw0.10-all_history-plain,True,
s6-A-0032-sw0.10-all_history-domain_augmented,True,
s6-A-0032-sw0.10-five_year-plain,True,
s6-A-0032-sw0.10-five_year-domain_augmented,True,
s6-A-0032-sw0.10-half_life_2-plain,True,
s6-A-0032-sw0.10-half_life_2-domain_augmented,True,
s6-A-0032-sw0.10-half_life_4-plain,True,
s6-A-0032-sw0.10-half_life_4-domain_augmented,True,
s6-A-0032-sw0.10-half_life_6-plain,True,
s6-A-0032-sw0.10-half_life_6-domain_augmented,True,
s6-A-0032-sw0.25-all_history-plain,True,
s6-A-0032-sw0.25-all_history-domain_augmented,True,
s6-A-0032-sw0.25-five_year-plain,True,
s6-A-0032-sw0.25-five_year-domain_augmented,True,
s6-A-0032-sw0.25-half_life_2-plain,True,
s6-A-0032-sw0.25-half_life_2-domain_augmented,True,
s6-A-0032-sw0.25-half_life_4-plain,True,
s6-A-0032-sw0.25-half_life_4-domain_augmented,True,
s6-A-0032-sw0.25-half_life_6-plain,True,
s6-A-0032-sw0.25-half_life_6-domain_augmented,True,
s6-A-0032-sw0.50-all_history-plain,True,
s6-A-0032-sw0.50-all_history-domain_augmented,True,
s6-A-0032-sw0.50-five_year-plain,True,
s6-A-0032-sw0.50-five_year-domain_augmented,True,
s6-A-0032-sw0.50-half_life_2-plain,True,
s6-A-0032-sw0.50-half_life_2-domain_augmented,True,
s6-A-0032-sw0.50-half_life_4-plain,True,
s6-A-0032-sw0.50-half_life_4-domain_augmented,True,
s6-A-0032-sw0.50-half_life_6-plain,True,
s6-A-0032-sw0.50-half_life_6-domain_augmented,True,
s6-A-0032-ensemble-0.25,True,requires compatible top pair
s6-A-0032-ensemble-0.50,True,requires compatible top pair
s6-A-0032-ensemble-0.75,True,requires compatible top pair
s6-A-0033-sw0.00-all_history-plain,True,
s6-A-0033-sw0.00-all_history-domain_augmented,True,
s6-A-0033-sw0.00-five_year-plain,True,
s6-A-0033-sw0.00-five_year-domain_augmented,True,
s6-A-0033-sw0.00-half_life_2-plain,True,
s6-A-0033-sw0.00-half_life_2-domain_augmented,True,
s6-A-0033-sw0.00-half_life_4-plain,True,
s6-A-0033-sw0.00-half_life_4-domain_augmented,True,
s6-A-0033-sw0.00-half_life_6-plain,True,
s6-A-0033-sw0.00-half_life_6-domain_augmented,True,
s6-A-0033-sw0.10-all_history-plain,True,
s6-A-0033-sw0.10-all_history-domain_augmented,True,
s6-A-0033-sw0.10-five_year-plain,True,
s6-A-0033-sw0.10-five_year-domain_augmented,True,
s6-A-0033-sw0.10-half_life_2-plain,True,
s6-A-0033-sw0.10-half_life_2-domain_augmented,True,
s6-A-0033-sw0.10-half_life_4-plain,True,
s6-A-0033-sw0.10-half_life_4-domain_augmented,True,
s6-A-0033-sw0.10-half_life_6-plain,True,
s6-A-0033-sw0.10-half_life_6-domain_augmented,True,
s6-A-0033-sw0.25-all_history-plain,True,
s6-A-0033-sw0.25-all_history-domain_augmented,True,
s6-A-0033-sw0.25-five_year-plain,True,
s6-A-0033-sw0.25-five_year-domain_augmented,True,
s6-A-0033-sw0.25-half_life_2-plain,True,
s6-A-0033-sw0.25-half_life_2-domain_augmented,True,
s6-A-0033-sw0.25-half_life_4-plain,True,
s6-A-0033-sw0.25-half_life_4-domain_augmented,True,
s6-A-0033-sw0.25-half_life_6-plain,True,
s6-A-0033-sw0.25-half_life_6-domain_augmented,True,
s6-A-0033-sw0.50-all_history-plain,True,
s6-A-0033-sw0.50-all_history-domain_augmented,True,
s6-A-0033-sw0.50-five_year-plain,True,
s6-A-0033-sw0.50-five_year-domain_augmented,True,
s6-A-0033-sw0.50-half_life_2-plain,True,
s6-A-0033-sw0.50-half_life_2-domain_augmented,True,
s6-A-0033-sw0.50-half_life_4-plain,True,
s6-A-0033-sw0.50-half_life_4-domain_augmented,True,
s6-A-0033-sw0.50-half_life_6-plain,True,
s6-A-0033-sw0.50-half_life_6-domain_augmented,True,
s6-A-0033-ensemble-0.25,True,requires compatible top pair
s6-A-0033-ensemble-0.50,True,requires compatible top pair
s6-A-0033-ensemble-0.75,True,requires compatible top pair
s6-A-0034-sw0.00-all_history-plain,True,
s6-A-0034-sw0.00-all_history-domain_augmented,True,
s6-A-0034-sw0.00-five_year-plain,True,
s6-A-0034-sw0.00-five_year-domain_augmented,True,
s6-A-0034-sw0.00-half_life_2-plain,True,
s6-A-0034-sw0.00-half_life_2-domain_augmented,True,
s6-A-0034-sw0.00-half_life_4-plain,True,
s6-A-0034-sw0.00-half_life_4-domain_augmented,True,
s6-A-0034-sw0.00-half_life_6-plain,True,
s6-A-0034-sw0.00-half_life_6-domain_augmented,True,
s6-A-0034-sw0.10-all_history-plain,True,
s6-A-0034-sw0.10-all_history-domain_augmented,True,
s6-A-0034-sw0.10-five_year-plain,True,
s6-A-0034-sw0.10-five_year-domain_augmented,True,
s6-A-0034-sw0.10-half_life_2-plain,True,
s6-A-0034-sw0.10-half_life_2-domain_augmented,True,
s6-A-0034-sw0.10-half_life_4-plain,True,
s6-A-0034-sw0.10-half_life_4-domain_augmented,True,
s6-A-0034-sw0.10-half_life_6-plain,True,
s6-A-0034-sw0.10-half_life_6-domain_augmented,True,
s6-A-0034-sw0.25-all_history-plain,True,
s6-A-0034-sw0.25-all_history-domain_augmented,True,
s6-A-0034-sw0.25-five_year-plain,True,
s6-A-0034-sw0.25-five_year-domain_augmented,True,
s6-A-0034-sw0.25-half_life_2-plain,True,
s6-A-0034-sw0.25-half_life_2-domain_augmented,True,
s6-A-0034-sw0.25-half_life_4-plain,True,
s6-A-0034-sw0.25-half_life_4-domain_augmented,True,
s6-A-0034-sw0.25-half_life_6-plain,True,
s6-A-0034-sw0.25-half_life_6-domain_augmented,True,
s6-A-0034-sw0.50-all_history-plain,True,
s6-A-0034-sw0.50-all_history-domain_augmented,True,
s6-A-0034-sw0.50-five_year-plain,True,
s6-A-0034-sw0.50-five_year-domain_augmented,True,
s6-A-0034-sw0.50-half_life_2-plain,True,
s6-A-0034-sw0.50-half_life_2-domain_augmented,True,
s6-A-0034-sw0.50-half_life_4-plain,True,
s6-A-0034-sw0.50-half_life_4-domain_augmented,True,
s6-A-0034-sw0.50-half_life_6-plain,True,
s6-A-0034-sw0.50-half_life_6-domain_augmented,True,
s6-A-0034-ensemble-0.25,True,requires compatible top pair
s6-A-0034-ensemble-0.50,True,requires compatible top pair
s6-A-0034-ensemble-0.75,True,requires compatible top pair
s6-A-0035-sw0.00-all_history-plain,True,
s6-A-0035-sw0.00-all_history-domain_augmented,True,
s6-A-0035-sw0.00-five_year-plain,True,
s6-A-0035-sw0.00-five_year-domain_augmented,True,
s6-A-0035-sw0.00-half_life_2-plain,True,
s6-A-0035-sw0.00-half_life_2-domain_augmented,True,
s6-A-0035-sw0.00-half_life_4-plain,True,
s6-A-0035-sw0.00-half_life_4-domain_augmented,True,
s6-A-0035-sw0.00-half_life_6-plain,True,
s6-A-0035-sw0.00-half_life_6-domain_augmented,True,
s6-A-0035-sw0.10-all_history-plain,True,
s6-A-0035-sw0.10-all_history-domain_augmented,True,
s6-A-0035-sw0.10-five_year-plain,True,
s6-A-0035-sw0.10-five_year-domain_augmented,True,
s6-A-0035-sw0.10-half_life_2-plain,True,
s6-A-0035-sw0.10-half_life_2-domain_augmented,True,
s6-A-0035-sw0.10-half_life_4-plain,True,
s6-A-0035-sw0.10-half_life_4-domain_augmented,True,
s6-A-0035-sw0.10-half_life_6-plain,True,
s6-A-0035-sw0.10-half_life_6-domain_augmented,True,
s6-A-0035-sw0.25-all_history-plain,True,
s6-A-0035-sw0.25-all_history-domain_augmented,True,
s6-A-0035-sw0.25-five_year-plain,True,
s6-A-0035-sw0.25-five_year-domain_augmented,True,
s6-A-0035-sw0.25-half_life_2-plain,True,
s6-A-0035-sw0.25-half_life_2-domain_augmented,True,
s6-A-0035-sw0.25-half_life_4-plain,True,
s6-A-0035-sw0.25-half_life_4-domain_augmented,True,
s6-A-0035-sw0.25-half_life_6-plain,True,
s6-A-0035-sw0.25-half_life_6-domain_augmented,True,
s6-A-0035-sw0.50-all_history-plain,True,
s6-A-0035-sw0.50-all_history-domain_augmented,True,
s6-A-0035-sw0.50-five_year-plain,True,
s6-A-0035-sw0.50-five_year-domain_augmented,True,
s6-A-0035-sw0.50-half_life_2-plain,True,
s6-A-0035-sw0.50-half_life_2-domain_augmented,True,
s6-A-0035-sw0.50-half_life_4-plain,True,
s6-A-0035-sw0.50-half_life_4-domain_augmented,True,
s6-A-0035-sw0.50-half_life_6-plain,True,
s6-A-0035-sw0.50-half_life_6-domain_augmented,True,
s6-A-0035-ensemble-0.25,True,requires compatible top pair
s6-A-0035-ensemble-0.50,True,requires compatible top pair
s6-A-0035-ensemble-0.75,True,requires compatible top pair
s6-A-0036-sw0.00-all_history-plain,True,
s6-A-0036-sw0.00-all_history-domain_augmented,True,
s6-A-0036-sw0.00-five_year-plain,True,
s6-A-0036-sw0.00-five_year-domain_augmented,True,
s6-A-0036-sw0.00-half_life_2-plain,True,
s6-A-0036-sw0.00-half_life_2-domain_augmented,True,
s6-A-0036-sw0.00-half_life_4-plain,True,
s6-A-0036-sw0.00-half_life_4-domain_augmented,True,
s6-A-0036-sw0.00-half_life_6-plain,True,
s6-A-0036-sw0.00-half_life_6-domain_augmented,True,
s6-A-0036-sw0.10-all_history-plain,True,
s6-A-0036-sw0.10-all_history-domain_augmented,True,
s6-A-0036-sw0.10-five_year-plain,True,
s6-A-0036-sw0.10-five_year-domain_augmented,True,
s6-A-0036-sw0.10-half_life_2-plain,True,
s6-A-0036-sw0.10-half_life_2-domain_augmented,True,
s6-A-0036-sw0.10-half_life_4-plain,True,
s6-A-0036-sw0.10-half_life_4-domain_augmented,True,
s6-A-0036-sw0.10-half_life_6-plain,True,
s6-A-0036-sw0.10-half_life_6-domain_augmented,True,
s6-A-0036-sw0.25-all_history-plain,True,
s6-A-0036-sw0.25-all_history-domain_augmented,True,
s6-A-0036-sw0.25-five_year-plain,True,
s6-A-0036-sw0.25-five_year-domain_augmented,True,
s6-A-0036-sw0.25-half_life_2-plain,True,
s6-A-0036-sw0.25-half_life_2-domain_augmented,True,
s6-A-0036-sw0.25-half_life_4-plain,True,
s6-A-0036-sw0.25-half_life_4-domain_augmented,True,
s6-A-0036-sw0.25-half_life_6-plain,True,
s6-A-0036-sw0.25-half_life_6-domain_augmented,True,
s6-A-0036-sw0.50-all_history-plain,True,
s6-A-0036-sw0.50-all_history-domain_augmented,True,
s6-A-0036-sw0.50-five_year-plain,True,
s6-A-0036-sw0.50-five_year-domain_augmented,True,
s6-A-0036-sw0.50-half_life_2-plain,True,
s6-A-0036-sw0.50-half_life_2-domain_augmented,True,
s6-A-0036-sw0.50-half_life_4-plain,True,
s6-A-0036-sw0.50-half_life_4-domain_augmented,True,
s6-A-0036-sw0.50-half_life_6-plain,True,
s6-A-0036-sw0.50-half_life_6-domain_augmented,True,
s6-A-0036-ensemble-0.25,True,requires compatible top pair
s6-A-0036-ensemble-0.50,True,requires compatible top pair
s6-A-0036-ensemble-0.75,True,requires compatible top pair
s6-A-0037-sw0.00-all_history-plain,True,
s6-A-0037-sw0.00-all_history-domain_augmented,True,
s6-A-0037-sw0.00-five_year-plain,True,
s6-A-0037-sw0.00-five_year-domain_augmented,True,
s6-A-0037-sw0.00-half_life_2-plain,True,
s6-A-0037-sw0.00-half_life_2-domain_augmented,True,
s6-A-0037-sw0.00-half_life_4-plain,True,
s6-A-0037-sw0.00-half_life_4-domain_augmented,True,
s6-A-0037-sw0.00-half_life_6-plain,True,
s6-A-0037-sw0.00-half_life_6-domain_augmented,True,
s6-A-0037-sw0.10-all_history-plain,True,
s6-A-0037-sw0.10-all_history-domain_augmented,True,
s6-A-0037-sw0.10-five_year-plain,True,
s6-A-0037-sw0.10-five_year-domain_augmented,True,
s6-A-0037-sw0.10-half_life_2-plain,True,
s6-A-0037-sw0.10-half_life_2-domain_augmented,True,
s6-A-0037-sw0.10-half_life_4-plain,True,
s6-A-0037-sw0.10-half_life_4-domain_augmented,True,
s6-A-0037-sw0.10-half_life_6-plain,True,
s6-A-0037-sw0.10-half_life_6-domain_augmented,True,
s6-A-0037-sw0.25-all_history-plain,True,
s6-A-0037-sw0.25-all_history-domain_augmented,True,
s6-A-0037-sw0.25-five_year-plain,True,
s6-A-0037-sw0.25-five_year-domain_augmented,True,
s6-A-0037-sw0.25-half_life_2-plain,True,
s6-A-0037-sw0.25-half_life_2-domain_augmented,True,
s6-A-0037-sw0.25-half_life_4-plain,True,
s6-A-0037-sw0.25-half_life_4-domain_augmented,True,
s6-A-0037-sw0.25-half_life_6-plain,True,
s6-A-0037-sw0.25-half_life_6-domain_augmented,True,
s6-A-0037-sw0.50-all_history-plain,True,
s6-A-0037-sw0.50-all_history-domain_augmented,True,
s6-A-0037-sw0.50-five_year-plain,True,
s6-A-0037-sw0.50-five_year-domain_augmented,True,
s6-A-0037-sw0.50-half_life_2-plain,True,
s6-A-0037-sw0.50-half_life_2-domain_augmented,True,
s6-A-0037-sw0.50-half_life_4-plain,True,
s6-A-0037-sw0.50-half_life_4-domain_augmented,True,
s6-A-0037-sw0.50-half_life_6-plain,True,
s6-A-0037-sw0.50-half_life_6-domain_augmented,True,
s6-A-0037-ensemble-0.25,True,requires compatible top pair
s6-A-0037-ensemble-0.50,True,requires compatible top pair
s6-A-0037-ensemble-0.75,True,requires compatible top pair
s6-A-0038-sw0.00-all_history-plain,True,
s6-A-0038-sw0.00-all_history-domain_augmented,True,
s6-A-0038-sw0.00-five_year-plain,True,
s6-A-0038-sw0.00-five_year-domain_augmented,True,
s6-A-0038-sw0.00-half_life_2-plain,True,
s6-A-0038-sw0.00-half_life_2-domain_augmented,True,
s6-A-0038-sw0.00-half_life_4-plain,True,
s6-A-0038-sw0.00-half_life_4-domain_augmented,True,
s6-A-0038-sw0.00-half_life_6-plain,True,
s6-A-0038-sw0.00-half_life_6-domain_augmented,True,
s6-A-0038-sw0.10-all_history-plain,True,
s6-A-0038-sw0.10-all_history-domain_augmented,True,
s6-A-0038-sw0.10-five_year-plain,True,
s6-A-0038-sw0.10-five_year-domain_augmented,True,
s6-A-0038-sw0.10-half_life_2-plain,True,
s6-A-0038-sw0.10-half_life_2-domain_augmented,True,
s6-A-0038-sw0.10-half_life_4-plain,True,
s6-A-0038-sw0.10-half_life_4-domain_augmented,True,
s6-A-0038-sw0.10-half_life_6-plain,True,
s6-A-0038-sw0.10-half_life_6-domain_augmented,True,
s6-A-0038-sw0.25-all_history-plain,True,
s6-A-0038-sw0.25-all_history-domain_augmented,True,
s6-A-0038-sw0.25-five_year-plain,True,
s6-A-0038-sw0.25-five_year-domain_augmented,True,
s6-A-0038-sw0.25-half_life_2-plain,True,
s6-A-0038-sw0.25-half_life_2-domain_augmented,True,
s6-A-0038-sw0.25-half_life_4-plain,True,
s6-A-0038-sw0.25-half_life_4-domain_augmented,True,
s6-A-0038-sw0.25-half_life_6-plain,True,
s6-A-0038-sw0.25-half_life_6-domain_augmented,True,
s6-A-0038-sw0.50-all_history-plain,True,
s6-A-0038-sw0.50-all_history-domain_augmented,True,
s6-A-0038-sw0.50-five_year-plain,True,
s6-A-0038-sw0.50-five_year-domain_augmented,True,
s6-A-0038-sw0.50-half_life_2-plain,True,
s6-A-0038-sw0.50-half_life_2-domain_augmented,True,
s6-A-0038-sw0.50-half_life_4-plain,True,
s6-A-0038-sw0.50-half_life_4-domain_augmented,True,
s6-A-0038-sw0.50-half_life_6-plain,True,
s6-A-0038-sw0.50-half_life_6-domain_augmented,True,
s6-A-0038-ensemble-0.25,True,requires compatible top pair
s6-A-0038-ensemble-0.50,True,requires compatible top pair
s6-A-0038-ensemble-0.75,True,requires compatible top pair
s6-A-0039-sw0.00-all_history-plain,True,
s6-A-0039-sw0.00-all_history-domain_augmented,True,
s6-A-0039-sw0.00-five_year-plain,True,
s6-A-0039-sw0.00-five_year-domain_augmented,True,
s6-A-0039-sw0.00-half_life_2-plain,True,
s6-A-0039-sw0.00-half_life_2-domain_augmented,True,
s6-A-0039-sw0.00-half_life_4-plain,True,
s6-A-0039-sw0.00-half_life_4-domain_augmented,True,
s6-A-0039-sw0.00-half_life_6-plain,True,
s6-A-0039-sw0.00-half_life_6-domain_augmented,True,
s6-A-0039-sw0.10-all_history-plain,True,
s6-A-0039-sw0.10-all_history-domain_augmented,True,
s6-A-0039-sw0.10-five_year-plain,True,
s6-A-0039-sw0.10-five_year-domain_augmented,True,
s6-A-0039-sw0.10-half_life_2-plain,True,
s6-A-0039-sw0.10-half_life_2-domain_augmented,True,
s6-A-0039-sw0.10-half_life_4-plain,True,
s6-A-0039-sw0.10-half_life_4-domain_augmented,True,
s6-A-0039-sw0.10-half_life_6-plain,True,
s6-A-0039-sw0.10-half_life_6-domain_augmented,True,
s6-A-0039-sw0.25-all_history-plain,True,
s6-A-0039-sw0.25-all_history-domain_augmented,True,
s6-A-0039-sw0.25-five_year-plain,True,
s6-A-0039-sw0.25-five_year-domain_augmented,True,
s6-A-0039-sw0.25-half_life_2-plain,True,
s6-A-0039-sw0.25-half_life_2-domain_augmented,True,
s6-A-0039-sw0.25-half_life_4-plain,True,
s6-A-0039-sw0.25-half_life_4-domain_augmented,True,
s6-A-0039-sw0.25-half_life_6-plain,True,
s6-A-0039-sw0.25-half_life_6-domain_augmented,True,
s6-A-0039-sw0.50-all_history-plain,True,
s6-A-0039-sw0.50-all_history-domain_augmented,True,
s6-A-0039-sw0.50-five_year-plain,True,
s6-A-0039-sw0.50-five_year-domain_augmented,True,
s6-A-0039-sw0.50-half_life_2-plain,True,
s6-A-0039-sw0.50-half_life_2-domain_augmented,True,
s6-A-0039-sw0.50-half_life_4-plain,True,
s6-A-0039-sw0.50-half_life_4-domain_augmented,True,
s6-A-0039-sw0.50-half_life_6-plain,True,
s6-A-0039-sw0.50-half_life_6-domain_augmented,True,
s6-A-0039-ensemble-0.25,True,requires compatible top pair
s6-A-0039-ensemble-0.50,True,requires compatible top pair
s6-A-0039-ensemble-0.75,True,requires compatible top pair
s6-A-0040-sw0.00-all_history-plain,True,
s6-A-0040-sw0.00-all_history-domain_augmented,True,
s6-A-0040-sw0.00-five_year-plain,True,
s6-A-0040-sw0.00-five_year-domain_augmented,True,
s6-A-0040-sw0.00-half_life_2-plain,True,
s6-A-0040-sw0.00-half_life_2-domain_augmented,True,
s6-A-0040-sw0.00-half_life_4-plain,True,
s6-A-0040-sw0.00-half_life_4-domain_augmented,True,
s6-A-0040-sw0.00-half_life_6-plain,True,
s6-A-0040-sw0.00-half_life_6-domain_augmented,True,
s6-A-0040-sw0.10-all_history-plain,True,
s6-A-0040-sw0.10-all_history-domain_augmented,True,
s6-A-0040-sw0.10-five_year-plain,True,
s6-A-0040-sw0.10-five_year-domain_augmented,True,
s6-A-0040-sw0.10-half_life_2-plain,True,
s6-A-0040-sw0.10-half_life_2-domain_augmented,True,
s6-A-0040-sw0.10-half_life_4-plain,True,
s6-A-0040-sw0.10-half_life_4-domain_augmented,True,
s6-A-0040-sw0.10-half_life_6-plain,True,
s6-A-0040-sw0.10-half_life_6-domain_augmented,True,
s6-A-0040-sw0.25-all_history-plain,True,
s6-A-0040-sw0.25-all_history-domain_augmented,True,
s6-A-0040-sw0.25-five_year-plain,True,
s6-A-0040-sw0.25-five_year-domain_augmented,True,
s6-A-0040-sw0.25-half_life_2-plain,True,
s6-A-0040-sw0.25-half_life_2-domain_augmented,True,
s6-A-0040-sw0.25-half_life_4-plain,True,
s6-A-0040-sw0.25-half_life_4-domain_augmented,True,
s6-A-0040-sw0.25-half_life_6-plain,True,
s6-A-0040-sw0.25-half_life_6-domain_augmented,True,
s6-A-0040-sw0.50-all_history-plain,True,
s6-A-0040-sw0.50-all_history-domain_augmented,True,
s6-A-0040-sw0.50-five_year-plain,True,
s6-A-0040-sw0.50-five_year-domain_augmented,True,
s6-A-0040-sw0.50-half_life_2-plain,True,
s6-A-0040-sw0.50-half_life_2-domain_augmented,True,
s6-A-0040-sw0.50-half_life_4-plain,True,
s6-A-0040-sw0.50-half_life_4-domain_augmented,True,
s6-A-0040-sw0.50-half_life_6-plain,True,
s6-A-0040-sw0.50-half_life_6-domain_augmented,True,
s6-A-0040-ensemble-0.25,True,requires compatible top pair
s6-A-0040-ensemble-0.50,True,requires compatible top pair
s6-A-0040-ensemble-0.75,True,requires compatible top pair
s6-A-0041-sw0.00-all_history-plain,True,
s6-A-0041-sw0.00-all_history-domain_augmented,True,
s6-A-0041-sw0.00-five_year-plain,True,
s6-A-0041-sw0.00-five_year-domain_augmented,True,
s6-A-0041-sw0.00-half_life_2-plain,True,
s6-A-0041-sw0.00-half_life_2-domain_augmented,True,
s6-A-0041-sw0.00-half_life_4-plain,True,
s6-A-0041-sw0.00-half_life_4-domain_augmented,True,
s6-A-0041-sw0.00-half_life_6-plain,True,
s6-A-0041-sw0.00-half_life_6-domain_augmented,True,
s6-A-0041-sw0.10-all_history-plain,True,
s6-A-0041-sw0.10-all_history-domain_augmented,True,
s6-A-0041-sw0.10-five_year-plain,True,
s6-A-0041-sw0.10-five_year-domain_augmented,True,
s6-A-0041-sw0.10-half_life_2-plain,True,
s6-A-0041-sw0.10-half_life_2-domain_augmented,True,
s6-A-0041-sw0.10-half_life_4-plain,True,
s6-A-0041-sw0.10-half_life_4-domain_augmented,True,
s6-A-0041-sw0.10-half_life_6-plain,True,
s6-A-0041-sw0.10-half_life_6-domain_augmented,True,
s6-A-0041-sw0.25-all_history-plain,True,
s6-A-0041-sw0.25-all_history-domain_augmented,True,
s6-A-0041-sw0.25-five_year-plain,True,
s6-A-0041-sw0.25-five_year-domain_augmented,True,
s6-A-0041-sw0.25-half_life_2-plain,True,
s6-A-0041-sw0.25-half_life_2-domain_augmented,True,
s6-A-0041-sw0.25-half_life_4-plain,True,
s6-A-0041-sw0.25-half_life_4-domain_augmented,True,
s6-A-0041-sw0.25-half_life_6-plain,True,
s6-A-0041-sw0.25-half_life_6-domain_augmented,True,
s6-A-0041-sw0.50-all_history-plain,True,
s6-A-0041-sw0.50-all_history-domain_augmented,True,
s6-A-0041-sw0.50-five_year-plain,True,
s6-A-0041-sw0.50-five_year-domain_augmented,True,
s6-A-0041-sw0.50-half_life_2-plain,True,
s6-A-0041-sw0.50-half_life_2-domain_augmented,True,
s6-A-0041-sw0.50-half_life_4-plain,True,
s6-A-0041-sw0.50-half_life_4-domain_augmented,True,
s6-A-0041-sw0.50-half_life_6-plain,True,
s6-A-0041-sw0.50-half_life_6-domain_augmented,True,
s6-A-0041-ensemble-0.25,True,requires compatible top pair
s6-A-0041-ensemble-0.50,True,requires compatible top pair
s6-A-0041-ensemble-0.75,True,requires compatible top pair
s6-A-0042-sw0.00-all_history-plain,True,
s6-A-0042-sw0.00-all_history-domain_augmented,True,
s6-A-0042-sw0.00-five_year-plain,True,
s6-A-0042-sw0.00-five_year-domain_augmented,True,
s6-A-0042-sw0.00-half_life_2-plain,True,
s6-A-0042-sw0.00-half_life_2-domain_augmented,True,
s6-A-0042-sw0.00-half_life_4-plain,True,
s6-A-0042-sw0.00-half_life_4-domain_augmented,True,
s6-A-0042-sw0.00-half_life_6-plain,True,
s6-A-0042-sw0.00-half_life_6-domain_augmented,True,
s6-A-0042-sw0.10-all_history-plain,True,
s6-A-0042-sw0.10-all_history-domain_augmented,True,
s6-A-0042-sw0.10-five_year-plain,True,
s6-A-0042-sw0.10-five_year-domain_augmented,True,
s6-A-0042-sw0.10-half_life_2-plain,True,
s6-A-0042-sw0.10-half_life_2-domain_augmented,True,
s6-A-0042-sw0.10-half_life_4-plain,True,
s6-A-0042-sw0.10-half_life_4-domain_augmented,True,
s6-A-0042-sw0.10-half_life_6-plain,True,
s6-A-0042-sw0.10-half_life_6-domain_augmented,True,
s6-A-0042-sw0.25-all_history-plain,True,
s6-A-0042-sw0.25-all_history-domain_augmented,True,
s6-A-0042-sw0.25-five_year-plain,True,
s6-A-0042-sw0.25-five_year-domain_augmented,True,
s6-A-0042-sw0.25-half_life_2-plain,True,
s6-A-0042-sw0.25-half_life_2-domain_augmented,True,
s6-A-0042-sw0.25-half_life_4-plain,True,
s6-A-0042-sw0.25-half_life_4-domain_augmented,True,
s6-A-0042-sw0.25-half_life_6-plain,True,
s6-A-0042-sw0.25-half_life_6-domain_augmented,True,
s6-A-0042-sw0.50-all_history-plain,True,
s6-A-0042-sw0.50-all_history-domain_augmented,True,
s6-A-0042-sw0.50-five_year-plain,True,
s6-A-0042-sw0.50-five_year-domain_augmented,True,
s6-A-0042-sw0.50-half_life_2-plain,True,
s6-A-0042-sw0.50-half_life_2-domain_augmented,True,
s6-A-0042-sw0.50-half_life_4-plain,True,
s6-A-0042-sw0.50-half_life_4-domain_augmented,True,
s6-A-0042-sw0.50-half_life_6-plain,True,
s6-A-0042-sw0.50-half_life_6-domain_augmented,True,
s6-A-0042-ensemble-0.25,True,requires compatible top pair
s6-A-0042-ensemble-0.50,True,requires compatible top pair
s6-A-0042-ensemble-0.75,True,requires compatible top pair
s6-A-0043-sw0.00-all_history-plain,True,
s6-A-0043-sw0.00-all_history-domain_augmented,True,
s6-A-0043-sw0.00-five_year-plain,True,
s6-A-0043-sw0.00-five_year-domain_augmented,True,
s6-A-0043-sw0.00-half_life_2-plain,True,
s6-A-0043-sw0.00-half_life_2-domain_augmented,True,
s6-A-0043-sw0.00-half_life_4-plain,True,
s6-A-0043-sw0.00-half_life_4-domain_augmented,True,
s6-A-0043-sw0.00-half_life_6-plain,True,
s6-A-0043-sw0.00-half_life_6-domain_augmented,True,
s6-A-0043-sw0.10-all_history-plain,True,
s6-A-0043-sw0.10-all_history-domain_augmented,True,
s6-A-0043-sw0.10-five_year-plain,True,
s6-A-0043-sw0.10-five_year-domain_augmented,True,
s6-A-0043-sw0.10-half_life_2-plain,True,
s6-A-0043-sw0.10-half_life_2-domain_augmented,True,
s6-A-0043-sw0.10-half_life_4-plain,True,
s6-A-0043-sw0.10-half_life_4-domain_augmented,True,
s6-A-0043-sw0.10-half_life_6-plain,True,
s6-A-0043-sw0.10-half_life_6-domain_augmented,True,
s6-A-0043-sw0.25-all_history-plain,True,
s6-A-0043-sw0.25-all_history-domain_augmented,True,
s6-A-0043-sw0.25-five_year-plain,True,
s6-A-0043-sw0.25-five_year-domain_augmented,True,
s6-A-0043-sw0.25-half_life_2-plain,True,
s6-A-0043-sw0.25-half_life_2-domain_augmented,True,
s6-A-0043-sw0.25-half_life_4-plain,True,
s6-A-0043-sw0.25-half_life_4-domain_augmented,True,
s6-A-0043-sw0.25-half_life_6-plain,True,
s6-A-0043-sw0.25-half_life_6-domain_augmented,True,
s6-A-0043-sw0.50-all_history-plain,True,
s6-A-0043-sw0.50-all_history-domain_augmented,True,
s6-A-0043-sw0.50-five_year-plain,True,
s6-A-0043-sw0.50-five_year-domain_augmented,True,
s6-A-0043-sw0.50-half_life_2-plain,True,
s6-A-0043-sw0.50-half_life_2-domain_augmented,True,
s6-A-0043-sw0.50-half_life_4-plain,True,
s6-A-0043-sw0.50-half_life_4-domain_augmented,True,
s6-A-0043-sw0.50-half_life_6-plain,True,
s6-A-0043-sw0.50-half_life_6-domain_augmented,True,
s6-A-0043-ensemble-0.25,True,requires compatible top pair
s6-A-0043-ensemble-0.50,True,requires compatible top pair
s6-A-0043-ensemble-0.75,True,requires compatible top pair
s6-A-0044-sw0.00-all_history-plain,True,
s6-A-0044-sw0.00-all_history-domain_augmented,True,
s6-A-0044-sw0.00-five_year-plain,True,
s6-A-0044-sw0.00-five_year-domain_augmented,True,
s6-A-0044-sw0.00-half_life_2-plain,True,
s6-A-0044-sw0.00-half_life_2-domain_augmented,True,
s6-A-0044-sw0.00-half_life_4-plain,True,
s6-A-0044-sw0.00-half_life_4-domain_augmented,True,
s6-A-0044-sw0.00-half_life_6-plain,True,
s6-A-0044-sw0.00-half_life_6-domain_augmented,True,
s6-A-0044-sw0.10-all_history-plain,True,
s6-A-0044-sw0.10-all_history-domain_augmented,True,
s6-A-0044-sw0.10-five_year-plain,True,
s6-A-0044-sw0.10-five_year-domain_augmented,True,
s6-A-0044-sw0.10-half_life_2-plain,True,
s6-A-0044-sw0.10-half_life_2-domain_augmented,True,
s6-A-0044-sw0.10-half_life_4-plain,True,
s6-A-0044-sw0.10-half_life_4-domain_augmented,True,
s6-A-0044-sw0.10-half_life_6-plain,True,
s6-A-0044-sw0.10-half_life_6-domain_augmented,True,
s6-A-0044-sw0.25-all_history-plain,True,
s6-A-0044-sw0.25-all_history-domain_augmented,True,
s6-A-0044-sw0.25-five_year-plain,True,
s6-A-0044-sw0.25-five_year-domain_augmented,True,
s6-A-0044-sw0.25-half_life_2-plain,True,
s6-A-0044-sw0.25-half_life_2-domain_augmented,True,
s6-A-0044-sw0.25-half_life_4-plain,True,
s6-A-0044-sw0.25-half_life_4-domain_augmented,True,
s6-A-0044-sw0.25-half_life_6-plain,True,
s6-A-0044-sw0.25-half_life_6-domain_augmented,True,
s6-A-0044-sw0.50-all_history-plain,True,
s6-A-0044-sw0.50-all_history-domain_augmented,True,
s6-A-0044-sw0.50-five_year-plain,True,
s6-A-0044-sw0.50-five_year-domain_augmented,True,
s6-A-0044-sw0.50-half_life_2-plain,True,
s6-A-0044-sw0.50-half_life_2-domain_augmented,True,
s6-A-0044-sw0.50-half_life_4-plain,True,
s6-A-0044-sw0.50-half_life_4-domain_augmented,True,
s6-A-0044-sw0.50-half_life_6-plain,True,
s6-A-0044-sw0.50-half_life_6-domain_augmented,True,
s6-A-0044-ensemble-0.25,True,requires compatible top pair
s6-A-0044-ensemble-0.50,True,requires compatible top pair
s6-A-0044-ensemble-0.75,True,requires compatible top pair
s6-A-0045-sw0.00-all_history-plain,True,
s6-A-0045-sw0.00-all_history-domain_augmented,True,
s6-A-0045-sw0.00-five_year-plain,True,
s6-A-0045-sw0.00-five_year-domain_augmented,True,
s6-A-0045-sw0.00-half_life_2-plain,True,
s6-A-0045-sw0.00-half_life_2-domain_augmented,True,
s6-A-0045-sw0.00-half_life_4-plain,True,
s6-A-0045-sw0.00-half_life_4-domain_augmented,True,
s6-A-0045-sw0.00-half_life_6-plain,True,
s6-A-0045-sw0.00-half_life_6-domain_augmented,True,
s6-A-0045-sw0.10-all_history-plain,True,
s6-A-0045-sw0.10-all_history-domain_augmented,True,
s6-A-0045-sw0.10-five_year-plain,True,
s6-A-0045-sw0.10-five_year-domain_augmented,True,
s6-A-0045-sw0.10-half_life_2-plain,True,
s6-A-0045-sw0.10-half_life_2-domain_augmented,True,
s6-A-0045-sw0.10-half_life_4-plain,True,
s6-A-0045-sw0.10-half_life_4-domain_augmented,True,
s6-A-0045-sw0.10-half_life_6-plain,True,
s6-A-0045-sw0.10-half_life_6-domain_augmented,True,
s6-A-0045-sw0.25-all_history-plain,True,
s6-A-0045-sw0.25-all_history-domain_augmented,True,
s6-A-0045-sw0.25-five_year-plain,True,
s6-A-0045-sw0.25-five_year-domain_augmented,True,
s6-A-0045-sw0.25-half_life_2-plain,True,
s6-A-0045-sw0.25-half_life_2-domain_augmented,True,
s6-A-0045-sw0.25-half_life_4-plain,True,
s6-A-0045-sw0.25-half_life_4-domain_augmented,True,
s6-A-0045-sw0.25-half_life_6-plain,True,
s6-A-0045-sw0.25-half_life_6-domain_augmented,True,
s6-A-0045-sw0.50-all_history-plain,True,
s6-A-0045-sw0.50-all_history-domain_augmented,True,
s6-A-0045-sw0.50-five_year-plain,True,
s6-A-0045-sw0.50-five_year-domain_augmented,True,
s6-A-0045-sw0.50-half_life_2-plain,True,
s6-A-0045-sw0.50-half_life_2-domain_augmented,True,
s6-A-0045-sw0.50-half_life_4-plain,True,
s6-A-0045-sw0.50-half_life_4-domain_augmented,True,
s6-A-0045-sw0.50-half_life_6-plain,True,
s6-A-0045-sw0.50-half_life_6-domain_augmented,True,
s6-A-0045-ensemble-0.25,True,requires compatible top pair
s6-A-0045-ensemble-0.50,True,requires compatible top pair
s6-A-0045-ensemble-0.75,True,requires compatible top pair
s6-A-0046-sw0.00-all_history-plain,True,
s6-A-0046-sw0.00-all_history-domain_augmented,True,
s6-A-0046-sw0.00-five_year-plain,True,
s6-A-0046-sw0.00-five_year-domain_augmented,True,
s6-A-0046-sw0.00-half_life_2-plain,True,
s6-A-0046-sw0.00-half_life_2-domain_augmented,True,
s6-A-0046-sw0.00-half_life_4-plain,True,
s6-A-0046-sw0.00-half_life_4-domain_augmented,True,
s6-A-0046-sw0.00-half_life_6-plain,True,
s6-A-0046-sw0.00-half_life_6-domain_augmented,True,
s6-A-0046-sw0.10-all_history-plain,True,
s6-A-0046-sw0.10-all_history-domain_augmented,True,
s6-A-0046-sw0.10-five_year-plain,True,
s6-A-0046-sw0.10-five_year-domain_augmented,True,
s6-A-0046-sw0.10-half_life_2-plain,True,
s6-A-0046-sw0.10-half_life_2-domain_augmented,True,
s6-A-0046-sw0.10-half_life_4-plain,True,
s6-A-0046-sw0.10-half_life_4-domain_augmented,True,
s6-A-0046-sw0.10-half_life_6-plain,True,
s6-A-0046-sw0.10-half_life_6-domain_augmented,True,
s6-A-0046-sw0.25-all_history-plain,True,
s6-A-0046-sw0.25-all_history-domain_augmented,True,
s6-A-0046-sw0.25-five_year-plain,True,
s6-A-0046-sw0.25-five_year-domain_augmented,True,
s6-A-0046-sw0.25-half_life_2-plain,True,
s6-A-0046-sw0.25-half_life_2-domain_augmented,True,
s6-A-0046-sw0.25-half_life_4-plain,True,
s6-A-0046-sw0.25-half_life_4-domain_augmented,True,
s6-A-0046-sw0.25-half_life_6-plain,True,
s6-A-0046-sw0.25-half_life_6-domain_augmented,True,
s6-A-0046-sw0.50-all_history-plain,True,
s6-A-0046-sw0.50-all_history-domain_augmented,True,
s6-A-0046-sw0.50-five_year-plain,True,
s6-A-0046-sw0.50-five_year-domain_augmented,True,
s6-A-0046-sw0.50-half_life_2-plain,True,
s6-A-0046-sw0.50-half_life_2-domain_augmented,True,
s6-A-0046-sw0.50-half_life_4-plain,True,
s6-A-0046-sw0.50-half_life_4-domain_augmented,True,
s6-A-0046-sw0.50-half_life_6-plain,True,
s6-A-0046-sw0.50-half_life_6-domain_augmented,True,
s6-A-0046-ensemble-0.25,True,requires compatible top pair
s6-A-0046-ensemble-0.50,True,requires compatible top pair
s6-A-0046-ensemble-0.75,True,requires compatible top pair
s6-A-0047-sw0.00-all_history-plain,True,
s6-A-0047-sw0.00-all_history-domain_augmented,True,
s6-A-0047-sw0.00-five_year-plain,True,
s6-A-0047-sw0.00-five_year-domain_augmented,True,
s6-A-0047-sw0.00-half_life_2-plain,True,
s6-A-0047-sw0.00-half_life_2-domain_augmented,True,
s6-A-0047-sw0.00-half_life_4-plain,True,
s6-A-0047-sw0.00-half_life_4-domain_augmented,True,
s6-A-0047-sw0.00-half_life_6-plain,True,
s6-A-0047-sw0.00-half_life_6-domain_augmented,True,
s6-A-0047-sw0.10-all_history-plain,True,
s6-A-0047-sw0.10-all_history-domain_augmented,True,
s6-A-0047-sw0.10-five_year-plain,True,
s6-A-0047-sw0.10-five_year-domain_augmented,True,
s6-A-0047-sw0.10-half_life_2-plain,True,
s6-A-0047-sw0.10-half_life_2-domain_augmented,True,
s6-A-0047-sw0.10-half_life_4-plain,True,
s6-A-0047-sw0.10-half_life_4-domain_augmented,True,
s6-A-0047-sw0.10-half_life_6-plain,True,
s6-A-0047-sw0.10-half_life_6-domain_augmented,True,
s6-A-0047-sw0.25-all_history-plain,True,
s6-A-0047-sw0.25-all_history-domain_augmented,True,
s6-A-0047-sw0.25-five_year-plain,True,
s6-A-0047-sw0.25-five_year-domain_augmented,True,
s6-A-0047-sw0.25-half_life_2-plain,True,
s6-A-0047-sw0.25-half_life_2-domain_augmented,True,
s6-A-0047-sw0.25-half_life_4-plain,True,
s6-A-0047-sw0.25-half_life_4-domain_augmented,True,
s6-A-0047-sw0.25-half_life_6-plain,True,
s6-A-0047-sw0.25-half_life_6-domain_augmented,True,
s6-A-0047-sw0.50-all_history-plain,True,
s6-A-0047-sw0.50-all_history-domain_augmented,True,
s6-A-0047-sw0.50-five_year-plain,True,
s6-A-0047-sw0.50-five_year-domain_augmented,True,
s6-A-0047-sw0.50-half_life_2-plain,True,
s6-A-0047-sw0.50-half_life_2-domain_augmented,True,
s6-A-0047-sw0.50-half_life_4-plain,True,
s6-A-0047-sw0.50-half_life_4-domain_augmented,True,
s6-A-0047-sw0.50-half_life_6-plain,True,
s6-A-0047-sw0.50-half_life_6-domain_augmented,True,
s6-A-0047-ensemble-0.25,True,requires compatible top pair
s6-A-0047-ensemble-0.50,True,requires compatible top pair
s6-A-0047-ensemble-0.75,True,requires compatible top pair
s6-A-0048-sw0.00-all_history-plain,True,
s6-A-0048-sw0.00-all_history-domain_augmented,True,
s6-A-0048-sw0.00-five_year-plain,True,
s6-A-0048-sw0.00-five_year-domain_augmented,True,
s6-A-0048-sw0.00-half_life_2-plain,True,
s6-A-0048-sw0.00-half_life_2-domain_augmented,True,
s6-A-0048-sw0.00-half_life_4-plain,True,
s6-A-0048-sw0.00-half_life_4-domain_augmented,True,
s6-A-0048-sw0.00-half_life_6-plain,True,
s6-A-0048-sw0.00-half_life_6-domain_augmented,True,
s6-A-0048-sw0.10-all_history-plain,True,
s6-A-0048-sw0.10-all_history-domain_augmented,True,
s6-A-0048-sw0.10-five_year-plain,True,
s6-A-0048-sw0.10-five_year-domain_augmented,True,
s6-A-0048-sw0.10-half_life_2-plain,True,
s6-A-0048-sw0.10-half_life_2-domain_augmented,True,
s6-A-0048-sw0.10-half_life_4-plain,True,
s6-A-0048-sw0.10-half_life_4-domain_augmented,True,
s6-A-0048-sw0.10-half_life_6-plain,True,
s6-A-0048-sw0.10-half_life_6-domain_augmented,True,
s6-A-0048-sw0.25-all_history-plain,True,
s6-A-0048-sw0.25-all_history-domain_augmented,True,
s6-A-0048-sw0.25-five_year-plain,True,
s6-A-0048-sw0.25-five_year-domain_augmented,True,
s6-A-0048-sw0.25-half_life_2-plain,True,
s6-A-0048-sw0.25-half_life_2-domain_augmented,True,
s6-A-0048-sw0.25-half_life_4-plain,True,
s6-A-0048-sw0.25-half_life_4-domain_augmented,True,
s6-A-0048-sw0.25-half_life_6-plain,True,
s6-A-0048-sw0.25-half_life_6-domain_augmented,True,
s6-A-0048-sw0.50-all_history-plain,True,
s6-A-0048-sw0.50-all_history-domain_augmented,True,
s6-A-0048-sw0.50-five_year-plain,True,
s6-A-0048-sw0.50-five_year-domain_augmented,True,
s6-A-0048-sw0.50-half_life_2-plain,True,
s6-A-0048-sw0.50-half_life_2-domain_augmented,True,
s6-A-0048-sw0.50-half_life_4-plain,True,
s6-A-0048-sw0.50-half_life_4-domain_augmented,True,
s6-A-0048-sw0.50-half_life_6-plain,True,
s6-A-0048-sw0.50-half_life_6-domain_augmented,True,
s6-A-0048-ensemble-0.25,True,requires compatible top pair
s6-A-0048-ensemble-0.50,True,requires compatible top pair
s6-A-0048-ensemble-0.75,True,requires compatible top pair
s6-A-0049-sw0.00-all_history-plain,True,
s6-A-0049-sw0.00-all_history-domain_augmented,True,
s6-A-0049-sw0.00-five_year-plain,True,
s6-A-0049-sw0.00-five_year-domain_augmented,True,
s6-A-0049-sw0.00-half_life_2-plain,True,
s6-A-0049-sw0.00-half_life_2-domain_augmented,True,
s6-A-0049-sw0.00-half_life_4-plain,True,
s6-A-0049-sw0.00-half_life_4-domain_augmented,True,
s6-A-0049-sw0.00-half_life_6-plain,True,
s6-A-0049-sw0.00-half_life_6-domain_augmented,True,
s6-A-0049-sw0.10-all_history-plain,True,
s6-A-0049-sw0.10-all_history-domain_augmented,True,
s6-A-0049-sw0.10-five_year-plain,True,
s6-A-0049-sw0.10-five_year-domain_augmented,True,
s6-A-0049-sw0.10-half_life_2-plain,True,
s6-A-0049-sw0.10-half_life_2-domain_augmented,True,
s6-A-0049-sw0.10-half_life_4-plain,True,
s6-A-0049-sw0.10-half_life_4-domain_augmented,True,
s6-A-0049-sw0.10-half_life_6-plain,True,
s6-A-0049-sw0.10-half_life_6-domain_augmented,True,
s6-A-0049-sw0.25-all_history-plain,True,
s6-A-0049-sw0.25-all_history-domain_augmented,True,
s6-A-0049-sw0.25-five_year-plain,True,
s6-A-0049-sw0.25-five_year-domain_augmented,True,
s6-A-0049-sw0.25-half_life_2-plain,True,
s6-A-0049-sw0.25-half_life_2-domain_augmented,True,
s6-A-0049-sw0.25-half_life_4-plain,True,
s6-A-0049-sw0.25-half_life_4-domain_augmented,True,
s6-A-0049-sw0.25-half_life_6-plain,True,
s6-A-0049-sw0.25-half_life_6-domain_augmented,True,
s6-A-0049-sw0.50-all_history-plain,True,
s6-A-0049-sw0.50-all_history-domain_augmented,True,
s6-A-0049-sw0.50-five_year-plain,True,
s6-A-0049-sw0.50-five_year-domain_augmented,True,
s6-A-0049-sw0.50-half_life_2-plain,True,
s6-A-0049-sw0.50-half_life_2-domain_augmented,True,
s6-A-0049-sw0.50-half_life_4-plain,True,
s6-A-0049-sw0.50-half_life_4-domain_augmented,True,
s6-A-0049-sw0.50-half_life_6-plain,True,
s6-A-0049-sw0.50-half_life_6-domain_augmented,True,
s6-A-0049-ensemble-0.25,True,requires compatible top pair
s6-A-0049-ensemble-0.50,True,requires compatible top pair
s6-A-0049-ensemble-0.75,True,requires compatible top pair
s6-A-0050-sw0.00-all_history-plain,True,
s6-A-0050-sw0.00-all_history-domain_augmented,True,
s6-A-0050-sw0.00-five_year-plain,True,
s6-A-0050-sw0.00-five_year-domain_augmented,True,
s6-A-0050-sw0.00-half_life_2-plain,True,
s6-A-0050-sw0.00-half_life_2-domain_augmented,True,
s6-A-0050-sw0.00-half_life_4-plain,True,
s6-A-0050-sw0.00-half_life_4-domain_augmented,True,
s6-A-0050-sw0.00-half_life_6-plain,True,
s6-A-0050-sw0.00-half_life_6-domain_augmented,True,
s6-A-0050-sw0.10-all_history-plain,True,
s6-A-0050-sw0.10-all_history-domain_augmented,True,
s6-A-0050-sw0.10-five_year-plain,True,
s6-A-0050-sw0.10-five_year-domain_augmented,True,
s6-A-0050-sw0.10-half_life_2-plain,True,
s6-A-0050-sw0.10-half_life_2-domain_augmented,True,
s6-A-0050-sw0.10-half_life_4-plain,True,
s6-A-0050-sw0.10-half_life_4-domain_augmented,True,
s6-A-0050-sw0.10-half_life_6-plain,True,
s6-A-0050-sw0.10-half_life_6-domain_augmented,True,
s6-A-0050-sw0.25-all_history-plain,True,
s6-A-0050-sw0.25-all_history-domain_augmented,True,
s6-A-0050-sw0.25-five_year-plain,True,
s6-A-0050-sw0.25-five_year-domain_augmented,True,
s6-A-0050-sw0.25-half_life_2-plain,True,
s6-A-0050-sw0.25-half_life_2-domain_augmented,True,
s6-A-0050-sw0.25-half_life_4-plain,True,
s6-A-0050-sw0.25-half_life_4-domain_augmented,True,
s6-A-0050-sw0.25-half_life_6-plain,True,
s6-A-0050-sw0.25-half_life_6-domain_augmented,True,
s6-A-0050-sw0.50-all_history-plain,True,
s6-A-0050-sw0.50-all_history-domain_augmented,True,
s6-A-0050-sw0.50-five_year-plain,True,
s6-A-0050-sw0.50-five_year-domain_augmented,True,
s6-A-0050-sw0.50-half_life_2-plain,True,
s6-A-0050-sw0.50-half_life_2-domain_augmented,True,
s6-A-0050-sw0.50-half_life_4-plain,True,
s6-A-0050-sw0.50-half_life_4-domain_augmented,True,
s6-A-0050-sw0.50-half_life_6-plain,True,
s6-A-0050-sw0.50-half_life_6-domain_augmented,True,
s6-A-0050-ensemble-0.25,True,requires compatible top pair
s6-A-0050-ensemble-0.50,True,requires compatible top pair
s6-A-0050-ensemble-0.75,True,requires compatible top pair
s6-A-0051-sw0.00-all_history-plain,True,
s6-A-0051-sw0.00-all_history-domain_augmented,True,
s6-A-0051-sw0.00-five_year-plain,True,
s6-A-0051-sw0.00-five_year-domain_augmented,True,
s6-A-0051-sw0.00-half_life_2-plain,True,
s6-A-0051-sw0.00-half_life_2-domain_augmented,True,
s6-A-0051-sw0.00-half_life_4-plain,True,
s6-A-0051-sw0.00-half_life_4-domain_augmented,True,
s6-A-0051-sw0.00-half_life_6-plain,True,
s6-A-0051-sw0.00-half_life_6-domain_augmented,True,
s6-A-0051-sw0.10-all_history-plain,True,
s6-A-0051-sw0.10-all_history-domain_augmented,True,
s6-A-0051-sw0.10-five_year-plain,True,
s6-A-0051-sw0.10-five_year-domain_augmented,True,
s6-A-0051-sw0.10-half_life_2-plain,True,
s6-A-0051-sw0.10-half_life_2-domain_augmented,True,
s6-A-0051-sw0.10-half_life_4-plain,True,
s6-A-0051-sw0.10-half_life_4-domain_augmented,True,
s6-A-0051-sw0.10-half_life_6-plain,True,
s6-A-0051-sw0.10-half_life_6-domain_augmented,True,
s6-A-0051-sw0.25-all_history-plain,True,
s6-A-0051-sw0.25-all_history-domain_augmented,True,
s6-A-0051-sw0.25-five_year-plain,True,
s6-A-0051-sw0.25-five_year-domain_augmented,True,
s6-A-0051-sw0.25-half_life_2-plain,True,
s6-A-0051-sw0.25-half_life_2-domain_augmented,True,
s6-A-0051-sw0.25-half_life_4-plain,True,
s6-A-0051-sw0.25-half_life_4-domain_augmented,True,
s6-A-0051-sw0.25-half_life_6-plain,True,
s6-A-0051-sw0.25-half_life_6-domain_augmented,True,
s6-A-0051-sw0.50-all_history-plain,True,
s6-A-0051-sw0.50-all_history-domain_augmented,True,
s6-A-0051-sw0.50-five_year-plain,True,
s6-A-0051-sw0.50-five_year-domain_augmented,True,
s6-A-0051-sw0.50-half_life_2-plain,True,
s6-A-0051-sw0.50-half_life_2-domain_augmented,True,
s6-A-0051-sw0.50-half_life_4-plain,True,
s6-A-0051-sw0.50-half_life_4-domain_augmented,True,
s6-A-0051-sw0.50-half_life_6-plain,True,
s6-A-0051-sw0.50-half_life_6-domain_augmented,True,
s6-A-0052-sw0.00-all_history-plain,True,
s6-A-0052-sw0.00-all_history-domain_augmented,True,
s6-A-0052-sw0.00-five_year-plain,True,
s6-A-0052-sw0.00-five_year-domain_augmented,True,
s6-A-0052-sw0.00-half_life_2-plain,True,
s6-A-0052-sw0.00-half_life_2-domain_augmented,True,
s6-A-0052-sw0.00-half_life_4-plain,True,
s6-A-0052-sw0.00-half_life_4-domain_augmented,True,
s6-A-0052-sw0.00-half_life_6-plain,True,
s6-A-0052-sw0.00-half_life_6-domain_augmented,True,
s6-A-0052-sw0.10-all_history-plain,True,
s6-A-0052-sw0.10-all_history-domain_augmented,True,
s6-A-0052-sw0.10-five_year-plain,True,
s6-A-0052-sw0.10-five_year-domain_augmented,True,
s6-A-0052-sw0.10-half_life_2-plain,True,
s6-A-0052-sw0.10-half_life_2-domain_augmented,True,
s6-A-0052-sw0.10-half_life_4-plain,True,
s6-A-0052-sw0.10-half_life_4-domain_augmented,True,
s6-A-0052-sw0.10-half_life_6-plain,True,
s6-A-0052-sw0.10-half_life_6-domain_augmented,True,
s6-A-0052-sw0.25-all_history-plain,True,
s6-A-0052-sw0.25-all_history-domain_augmented,True,
s6-A-0052-sw0.25-five_year-plain,True,
s6-A-0052-sw0.25-five_year-domain_augmented,True,
s6-A-0052-sw0.25-half_life_2-plain,True,
s6-A-0052-sw0.25-half_life_2-domain_augmented,True,
s6-A-0052-sw0.25-half_life_4-plain,True,
s6-A-0052-sw0.25-half_life_4-domain_augmented,True,
s6-A-0052-sw0.25-half_life_6-plain,True,
s6-A-0052-sw0.25-half_life_6-domain_augmented,True,
s6-A-0052-sw0.50-all_history-plain,True,
s6-A-0052-sw0.50-all_history-domain_augmented,True,
s6-A-0052-sw0.50-five_year-plain,True,
s6-A-0052-sw0.50-five_year-domain_augmented,True,
s6-A-0052-sw0.50-half_life_2-plain,True,
s6-A-0052-sw0.50-half_life_2-domain_augmented,True,
s6-A-0052-sw0.50-half_life_4-plain,True,
s6-A-0052-sw0.50-half_life_4-domain_augmented,True,
s6-A-0052-sw0.50-half_life_6-plain,True,
s6-A-0052-sw0.50-half_life_6-domain_augmented,True,
s6-A-0053-sw0.00-all_history-plain,True,
s6-A-0053-sw0.00-all_history-domain_augmented,True,
s6-A-0053-sw0.00-five_year-plain,True,
s6-A-0053-sw0.00-five_year-domain_augmented,True,
s6-A-0053-sw0.00-half_life_2-plain,True,
s6-A-0053-sw0.00-half_life_2-domain_augmented,True,
s6-A-0053-sw0.00-half_life_4-plain,True,
s6-A-0053-sw0.00-half_life_4-domain_augmented,True,
s6-A-0053-sw0.00-half_life_6-plain,True,
s6-A-0053-sw0.00-half_life_6-domain_augmented,True,
s6-A-0053-sw0.10-all_history-plain,True,
s6-A-0053-sw0.10-all_history-domain_augmented,True,
s6-A-0053-sw0.10-five_year-plain,True,
s6-A-0053-sw0.10-five_year-domain_augmented,True,
s6-A-0053-sw0.10-half_life_2-plain,True,
s6-A-0053-sw0.10-half_life_2-domain_augmented,True,
s6-A-0053-sw0.10-half_life_4-plain,True,
s6-A-0053-sw0.10-half_life_4-domain_augmented,True,
s6-A-0053-sw0.10-half_life_6-plain,True,
s6-A-0053-sw0.10-half_life_6-domain_augmented,True,
s6-A-0053-sw0.25-all_history-plain,True,
s6-A-0053-sw0.25-all_history-domain_augmented,True,
s6-A-0053-sw0.25-five_year-plain,True,
s6-A-0053-sw0.25-five_year-domain_augmented,True,
s6-A-0053-sw0.25-half_life_2-plain,True,
s6-A-0053-sw0.25-half_life_2-domain_augmented,True,
s6-A-0053-sw0.25-half_life_4-plain,True,
s6-A-0053-sw0.25-half_life_4-domain_augmented,True,
s6-A-0053-sw0.25-half_life_6-plain,True,
s6-A-0053-sw0.25-half_life_6-domain_augmented,True,
s6-A-0053-sw0.50-all_history-plain,True,
s6-A-0053-sw0.50-all_history-domain_augmented,True,
s6-A-0053-sw0.50-five_year-plain,True,
s6-A-0053-sw0.50-five_year-domain_augmented,True,
s6-A-0053-sw0.50-half_life_2-plain,True,
s6-A-0053-sw0.50-half_life_2-domain_augmented,True,
s6-A-0053-sw0.50-half_life_4-plain,True,
s6-A-0053-sw0.50-half_life_4-domain_augmented,True,
s6-A-0053-sw0.50-half_life_6-plain,True,
s6-A-0053-sw0.50-half_life_6-domain_augmented,True,
s6-A-0054-sw0.00-all_history-plain,True,
s6-A-0054-sw0.00-all_history-domain_augmented,True,
s6-A-0054-sw0.00-five_year-plain,True,
s6-A-0054-sw0.00-five_year-domain_augmented,True,
s6-A-0054-sw0.00-half_life_2-plain,True,
s6-A-0054-sw0.00-half_life_2-domain_augmented,True,
s6-A-0054-sw0.00-half_life_4-plain,True,
s6-A-0054-sw0.00-half_life_4-domain_augmented,True,
s6-A-0054-sw0.00-half_life_6-plain,True,
s6-A-0054-sw0.00-half_life_6-domain_augmented,True,
s6-A-0054-sw0.10-all_history-plain,True,
s6-A-0054-sw0.10-all_history-domain_augmented,True,
s6-A-0054-sw0.10-five_year-plain,True,
s6-A-0054-sw0.10-five_year-domain_augmented,True,
s6-A-0054-sw0.10-half_life_2-plain,True,
s6-A-0054-sw0.10-half_life_2-domain_augmented,True,
s6-A-0054-sw0.10-half_life_4-plain,True,
s6-A-0054-sw0.10-half_life_4-domain_augmented,True,
s6-A-0054-sw0.10-half_life_6-plain,True,
s6-A-0054-sw0.10-half_life_6-domain_augmented,True,
s6-A-0054-sw0.25-all_history-plain,True,
s6-A-0054-sw0.25-all_history-domain_augmented,True,
s6-A-0054-sw0.25-five_year-plain,True,
s6-A-0054-sw0.25-five_year-domain_augmented,True,
s6-A-0054-sw0.25-half_life_2-plain,True,
s6-A-0054-sw0.25-half_life_2-domain_augmented,True,
s6-A-0054-sw0.25-half_life_4-plain,True,
s6-A-0054-sw0.25-half_life_4-domain_augmented,True,
s6-A-0054-sw0.25-half_life_6-plain,True,
s6-A-0054-sw0.25-half_life_6-domain_augmented,True,
s6-A-0054-sw0.50-all_history-plain,True,
s6-A-0054-sw0.50-all_history-domain_augmented,True,
s6-A-0054-sw0.50-five_year-plain,True,
s6-A-0054-sw0.50-five_year-domain_augmented,True,
s6-A-0054-sw0.50-half_life_2-plain,True,
s6-A-0054-sw0.50-half_life_2-domain_augmented,True,
s6-A-0054-sw0.50-half_life_4-plain,True,
s6-A-0054-sw0.50-half_life_4-domain_augmented,True,
s6-A-0054-sw0.50-half_life_6-plain,True,
s6-A-0054-sw0.50-half_life_6-domain_augmented,True,
s6-A-0055-sw0.00-all_history-plain,True,
s6-A-0055-sw0.00-all_history-domain_augmented,True,
s6-A-0055-sw0.00-five_year-plain,True,
s6-A-0055-sw0.00-five_year-domain_augmented,True,
s6-A-0055-sw0.00-half_life_2-plain,True,
s6-A-0055-sw0.00-half_life_2-domain_augmented,True,
s6-A-0055-sw0.00-half_life_4-plain,True,
s6-A-0055-sw0.00-half_life_4-domain_augmented,True,
s6-A-0055-sw0.00-half_life_6-plain,True,
s6-A-0055-sw0.00-half_life_6-domain_augmented,True,
s6-A-0055-sw0.10-all_history-plain,True,
s6-A-0055-sw0.10-all_history-domain_augmented,True,
s6-A-0055-sw0.10-five_year-plain,True,
s6-A-0055-sw0.10-five_year-domain_augmented,True,
s6-A-0055-sw0.10-half_life_2-plain,True,
s6-A-0055-sw0.10-half_life_2-domain_augmented,True,
s6-A-0055-sw0.10-half_life_4-plain,True,
s6-A-0055-sw0.10-half_life_4-domain_augmented,True,
s6-A-0055-sw0.10-half_life_6-plain,True,
s6-A-0055-sw0.10-half_life_6-domain_augmented,True,
s6-A-0055-sw0.25-all_history-plain,True,
s6-A-0055-sw0.25-all_history-domain_augmented,True,
s6-A-0055-sw0.25-five_year-plain,True,
s6-A-0055-sw0.25-five_year-domain_augmented,True,
s6-A-0055-sw0.25-half_life_2-plain,True,
s6-A-0055-sw0.25-half_life_2-domain_augmented,True,
s6-A-0055-sw0.25-half_life_4-plain,True,
s6-A-0055-sw0.25-half_life_4-domain_augmented,True,
s6-A-0055-sw0.25-half_life_6-plain,True,
s6-A-0055-sw0.25-half_life_6-domain_augmented,True,
s6-A-0055-sw0.50-all_history-plain,True,
s6-A-0055-sw0.50-all_history-domain_augmented,True,
s6-A-0055-sw0.50-five_year-plain,True,
s6-A-0055-sw0.50-five_year-domain_augmented,True,
s6-A-0055-sw0.50-half_life_2-plain,True,
s6-A-0055-sw0.50-half_life_2-domain_augmented,True,
s6-A-0055-sw0.50-half_life_4-plain,True,
s6-A-0055-sw0.50-half_life_4-domain_augmented,True,
s6-A-0055-sw0.50-half_life_6-plain,True,
s6-A-0055-sw0.50-half_life_6-domain_augmented,True,
s6-A-0056-sw0.00-all_history-plain,True,
s6-A-0056-sw0.00-all_history-domain_augmented,True,
s6-A-0056-sw0.00-five_year-plain,True,
s6-A-0056-sw0.00-five_year-domain_augmented,True,
s6-A-0056-sw0.00-half_life_2-plain,True,
s6-A-0056-sw0.00-half_life_2-domain_augmented,True,
s6-A-0056-sw0.00-half_life_4-plain,True,
s6-A-0056-sw0.00-half_life_4-domain_augmented,True,
s6-A-0056-sw0.00-half_life_6-plain,True,
s6-A-0056-sw0.00-half_life_6-domain_augmented,True,
s6-A-0056-sw0.10-all_history-plain,True,
s6-A-0056-sw0.10-all_history-domain_augmented,True,
s6-A-0056-sw0.10-five_year-plain,True,
s6-A-0056-sw0.10-five_year-domain_augmented,True,
s6-A-0056-sw0.10-half_life_2-plain,True,
s6-A-0056-sw0.10-half_life_2-domain_augmented,True,
s6-A-0056-sw0.10-half_life_4-plain,True,
s6-A-0056-sw0.10-half_life_4-domain_augmented,True,
s6-A-0056-sw0.10-half_life_6-plain,True,
s6-A-0056-sw0.10-half_life_6-domain_augmented,True,
s6-A-0056-sw0.25-all_history-plain,True,
s6-A-0056-sw0.25-all_history-domain_augmented,True,
s6-A-0056-sw0.25-five_year-plain,True,
s6-A-0056-sw0.25-five_year-domain_augmented,True,
s6-A-0056-sw0.25-half_life_2-plain,True,
s6-A-0056-sw0.25-half_life_2-domain_augmented,True,
s6-A-0056-sw0.25-half_life_4-plain,True,
s6-A-0056-sw0.25-half_life_4-domain_augmented,True,
s6-A-0056-sw0.25-half_life_6-plain,True,
s6-A-0056-sw0.25-half_life_6-domain_augmented,True,
s6-A-0056-sw0.50-all_history-plain,True,
s6-A-0056-sw0.50-all_history-domain_augmented,True,
s6-A-0056-sw0.50-five_year-plain,True,
s6-A-0056-sw0.50-five_year-domain_augmented,True,
s6-A-0056-sw0.50-half_life_2-plain,True,
s6-A-0056-sw0.50-half_life_2-domain_augmented,True,
s6-A-0056-sw0.50-half_life_4-plain,True,
s6-A-0056-sw0.50-half_life_4-domain_augmented,True,
s6-A-0056-sw0.50-half_life_6-plain,True,
s6-A-0056-sw0.50-half_life_6-domain_augmented,True,
s6-A-0057-sw0.00-all_history-plain,True,
s6-A-0057-sw0.00-all_history-domain_augmented,True,
s6-A-0057-sw0.00-five_year-plain,True,
s6-A-0057-sw0.00-five_year-domain_augmented,True,
s6-A-0057-sw0.00-half_life_2-plain,True,
s6-A-0057-sw0.00-half_life_2-domain_augmented,True,
s6-A-0057-sw0.00-half_life_4-plain,True,
s6-A-0057-sw0.00-half_life_4-domain_augmented,True,
s6-A-0057-sw0.00-half_life_6-plain,True,
s6-A-0057-sw0.00-half_life_6-domain_augmented,True,
s6-A-0057-sw0.10-all_history-plain,True,
s6-A-0057-sw0.10-all_history-domain_augmented,True,
s6-A-0057-sw0.10-five_year-plain,True,
s6-A-0057-sw0.10-five_year-domain_augmented,True,
s6-A-0057-sw0.10-half_life_2-plain,True,
s6-A-0057-sw0.10-half_life_2-domain_augmented,True,
s6-A-0057-sw0.10-half_life_4-plain,True,
s6-A-0057-sw0.10-half_life_4-domain_augmented,True,
s6-A-0057-sw0.10-half_life_6-plain,True,
s6-A-0057-sw0.10-half_life_6-domain_augmented,True,
s6-A-0057-sw0.25-all_history-plain,True,
s6-A-0057-sw0.25-all_history-domain_augmented,True,
s6-A-0057-sw0.25-five_year-plain,True,
s6-A-0057-sw0.25-five_year-domain_augmented,True,
s6-A-0057-sw0.25-half_life_2-plain,True,
s6-A-0057-sw0.25-half_life_2-domain_augmented,True,
s6-A-0057-sw0.25-half_life_4-plain,True,
s6-A-0057-sw0.25-half_life_4-domain_augmented,True,
s6-A-0057-sw0.25-half_life_6-plain,True,
s6-A-0057-sw0.25-half_life_6-domain_augmented,True,
s6-A-0057-sw0.50-all_history-plain,True,
s6-A-0057-sw0.50-all_history-domain_augmented,True,
s6-A-0057-sw0.50-five_year-plain,True,
s6-A-0057-sw0.50-five_year-domain_augmented,True,
s6-A-0057-sw0.50-half_life_2-plain,True,
s6-A-0057-sw0.50-half_life_2-domain_augmented,True,
s6-A-0057-sw0.50-half_life_4-plain,True,
s6-A-0057-sw0.50-half_life_4-domain_augmented,True,
s6-A-0057-sw0.50-half_life_6-plain,True,
s6-A-0057-sw0.50-half_life_6-domain_augmented,True,
s6-A-0058-sw0.00-all_history-plain,True,
s6-A-0058-sw0.00-all_history-domain_augmented,True,
s6-A-0058-sw0.00-five_year-plain,True,
s6-A-0058-sw0.00-five_year-domain_augmented,True,
s6-A-0058-sw0.00-half_life_2-plain,True,
s6-A-0058-sw0.00-half_life_2-domain_augmented,True,
s6-A-0058-sw0.00-half_life_4-plain,True,
s6-A-0058-sw0.00-half_life_4-domain_augmented,True,
s6-A-0058-sw0.00-half_life_6-plain,True,
s6-A-0058-sw0.00-half_life_6-domain_augmented,True,
s6-A-0058-sw0.10-all_history-plain,True,
s6-A-0058-sw0.10-all_history-domain_augmented,True,
s6-A-0058-sw0.10-five_year-plain,True,
s6-A-0058-sw0.10-five_year-domain_augmented,True,
s6-A-0058-sw0.10-half_life_2-plain,True,
s6-A-0058-sw0.10-half_life_2-domain_augmented,True,
s6-A-0058-sw0.10-half_life_4-plain,True,
s6-A-0058-sw0.10-half_life_4-domain_augmented,True,
s6-A-0058-sw0.10-half_life_6-plain,True,
s6-A-0058-sw0.10-half_life_6-domain_augmented,True,
s6-A-0058-sw0.25-all_history-plain,True,
s6-A-0058-sw0.25-all_history-domain_augmented,True,
s6-A-0058-sw0.25-five_year-plain,True,
s6-A-0058-sw0.25-five_year-domain_augmented,True,
s6-A-0058-sw0.25-half_life_2-plain,True,
s6-A-0058-sw0.25-half_life_2-domain_augmented,True,
s6-A-0058-sw0.25-half_life_4-plain,True,
s6-A-0058-sw0.25-half_life_4-domain_augmented,True,
s6-A-0058-sw0.25-half_life_6-plain,True,
s6-A-0058-sw0.25-half_life_6-domain_augmented,True,
s6-A-0058-sw0.50-all_history-plain,True,
s6-A-0058-sw0.50-all_history-domain_augmented,True,
s6-A-0058-sw0.50-five_year-plain,True,
s6-A-0058-sw0.50-five_year-domain_augmented,True,
s6-A-0058-sw0.50-half_life_2-plain,True,
s6-A-0058-sw0.50-half_life_2-domain_augmented,True,
s6-A-0058-sw0.50-half_life_4-plain,True,
s6-A-0058-sw0.50-half_life_4-domain_augmented,True,
s6-A-0058-sw0.50-half_life_6-plain,True,
s6-A-0058-sw0.50-half_life_6-domain_augmented,True,
s6-A-0059-sw0.00-all_history-plain,True,
s6-A-0059-sw0.00-all_history-domain_augmented,True,
s6-A-0059-sw0.00-five_year-plain,True,
s6-A-0059-sw0.00-five_year-domain_augmented,True,
s6-A-0059-sw0.00-half_life_2-plain,True,
s6-A-0059-sw0.00-half_life_2-domain_augmented,True,
s6-A-0059-sw0.00-half_life_4-plain,True,
s6-A-0059-sw0.00-half_life_4-domain_augmented,True,
s6-A-0059-sw0.00-half_life_6-plain,True,
s6-A-0059-sw0.00-half_life_6-domain_augmented,True,
s6-A-0059-sw0.10-all_history-plain,True,
s6-A-0059-sw0.10-all_history-domain_augmented,True,
s6-A-0059-sw0.10-five_year-plain,True,
s6-A-0059-sw0.10-five_year-domain_augmented,True,
s6-A-0059-sw0.10-half_life_2-plain,True,
s6-A-0059-sw0.10-half_life_2-domain_augmented,True,
s6-A-0059-sw0.10-half_life_4-plain,True,
s6-A-0059-sw0.10-half_life_4-domain_augmented,True,
s6-A-0059-sw0.10-half_life_6-plain,True,
s6-A-0059-sw0.10-half_life_6-domain_augmented,True,
s6-A-0059-sw0.25-all_history-plain,True,
s6-A-0059-sw0.25-all_history-domain_augmented,True,
s6-A-0059-sw0.25-five_year-plain,True,
s6-A-0059-sw0.25-five_year-domain_augmented,True,
s6-A-0059-sw0.25-half_life_2-plain,True,
s6-A-0059-sw0.25-half_life_2-domain_augmented,True,
s6-A-0059-sw0.25-half_life_4-plain,True,
s6-A-0059-sw0.25-half_life_4-domain_augmented,True,
s6-A-0059-sw0.25-half_life_6-plain,True,
s6-A-0059-sw0.25-half_life_6-domain_augmented,True,
s6-A-0059-sw0.50-all_history-plain,True,
s6-A-0059-sw0.50-all_history-domain_augmented,True,
s6-A-0059-sw0.50-five_year-plain,True,
s6-A-0059-sw0.50-five_year-domain_augmented,True,
s6-A-0059-sw0.50-half_life_2-plain,True,
s6-A-0059-sw0.50-half_life_2-domain_augmented,True,
s6-A-0059-sw0.50-half_life_4-plain,True,
s6-A-0059-sw0.50-half_life_4-domain_augmented,True,
s6-A-0059-sw0.50-half_life_6-plain,True,
s6-A-0059-sw0.50-half_life_6-domain_augmented,True,
s6-A-0060-sw0.00-all_history-plain,True,
s6-A-0060-sw0.00-all_history-domain_augmented,True,
s6-A-0060-sw0.00-five_year-plain,True,
s6-A-0060-sw0.00-five_year-domain_augmented,True,
s6-A-0060-sw0.00-half_life_2-plain,True,
s6-A-0060-sw0.00-half_life_2-domain_augmented,True,
s6-A-0060-sw0.00-half_life_4-plain,True,
s6-A-0060-sw0.00-half_life_4-domain_augmented,True,
s6-A-0060-sw0.00-half_life_6-plain,True,
s6-A-0060-sw0.00-half_life_6-domain_augmented,True,
s6-A-0060-sw0.10-all_history-plain,True,
s6-A-0060-sw0.10-all_history-domain_augmented,True,
s6-A-0060-sw0.10-five_year-plain,True,
s6-A-0060-sw0.10-five_year-domain_augmented,True,
s6-A-0060-sw0.10-half_life_2-plain,True,
s6-A-0060-sw0.10-half_life_2-domain_augmented,True,
s6-A-0060-sw0.10-half_life_4-plain,True,
s6-A-0060-sw0.10-half_life_4-domain_augmented,True,
s6-A-0060-sw0.10-half_life_6-plain,True,
s6-A-0060-sw0.10-half_life_6-domain_augmented,True,
s6-A-0060-sw0.25-all_history-plain,True,
s6-A-0060-sw0.25-all_history-domain_augmented,True,
s6-A-0060-sw0.25-five_year-plain,True,
s6-A-0060-sw0.25-five_year-domain_augmented,True,
s6-A-0060-sw0.25-half_life_2-plain,True,
s6-A-0060-sw0.25-half_life_2-domain_augmented,True,
s6-A-0060-sw0.25-half_life_4-plain,True,
s6-A-0060-sw0.25-half_life_4-domain_augmented,True,
s6-A-0060-sw0.25-half_life_6-plain,True,
s6-A-0060-sw0.25-half_life_6-domain_augmented,True,
s6-A-0060-sw0.50-all_history-plain,True,
s6-A-0060-sw0.50-all_history-domain_augmented,True,
s6-A-0060-sw0.50-five_year-plain,True,
s6-A-0060-sw0.50-five_year-domain_augmented,True,
s6-A-0060-sw0.50-half_life_2-plain,True,
s6-A-0060-sw0.50-half_life_2-domain_augmented,True,
s6-A-0060-sw0.50-half_life_4-plain,True,
s6-A-0060-sw0.50-half_life_4-domain_augmented,True,
s6-A-0060-sw0.50-half_life_6-plain,True,
s6-A-0060-sw0.50-half_life_6-domain_augmented,True,
s6-A-0060-ensemble-0.25,True,requires compatible top pair
s6-A-0060-ensemble-0.50,True,requires compatible top pair
s6-A-0060-ensemble-0.75,True,requires compatible top pair
s6-A-0061-sw0.00-all_history-plain,True,
s6-A-0061-sw0.00-all_history-domain_augmented,True,
s6-A-0061-sw0.00-five_year-plain,True,
s6-A-0061-sw0.00-five_year-domain_augmented,True,
s6-A-0061-sw0.00-half_life_2-plain,True,
s6-A-0061-sw0.00-half_life_2-domain_augmented,True,
s6-A-0061-sw0.00-half_life_4-plain,True,
s6-A-0061-sw0.00-half_life_4-domain_augmented,True,
s6-A-0061-sw0.00-half_life_6-plain,True,
s6-A-0061-sw0.00-half_life_6-domain_augmented,True,
s6-A-0061-sw0.10-all_history-plain,True,
s6-A-0061-sw0.10-all_history-domain_augmented,True,
s6-A-0061-sw0.10-five_year-plain,True,
s6-A-0061-sw0.10-five_year-domain_augmented,True,
s6-A-0061-sw0.10-half_life_2-plain,True,
s6-A-0061-sw0.10-half_life_2-domain_augmented,True,
s6-A-0061-sw0.10-half_life_4-plain,True,
s6-A-0061-sw0.10-half_life_4-domain_augmented,True,
s6-A-0061-sw0.10-half_life_6-plain,True,
s6-A-0061-sw0.10-half_life_6-domain_augmented,True,
s6-A-0061-sw0.25-all_history-plain,True,
s6-A-0061-sw0.25-all_history-domain_augmented,True,
s6-A-0061-sw0.25-five_year-plain,True,
s6-A-0061-sw0.25-five_year-domain_augmented,True,
s6-A-0061-sw0.25-half_life_2-plain,True,
s6-A-0061-sw0.25-half_life_2-domain_augmented,True,
s6-A-0061-sw0.25-half_life_4-plain,True,
s6-A-0061-sw0.25-half_life_4-domain_augmented,True,
s6-A-0061-sw0.25-half_life_6-plain,True,
s6-A-0061-sw0.25-half_life_6-domain_augmented,True,
s6-A-0061-sw0.50-all_history-plain,True,
s6-A-0061-sw0.50-all_history-domain_augmented,True,
s6-A-0061-sw0.50-five_year-plain,True,
s6-A-0061-sw0.50-five_year-domain_augmented,True,
s6-A-0061-sw0.50-half_life_2-plain,True,
s6-A-0061-sw0.50-half_life_2-domain_augmented,True,
s6-A-0061-sw0.50-half_life_4-plain,True,
s6-A-0061-sw0.50-half_life_4-domain_augmented,True,
s6-A-0061-sw0.50-half_life_6-plain,True,
s6-A-0061-sw0.50-half_life_6-domain_augmented,True,
s6-A-0061-ensemble-0.25,True,requires compatible top pair
s6-A-0061-ensemble-0.50,True,requires compatible top pair
s6-A-0061-ensemble-0.75,True,requires compatible top pair
s6-A-0062-sw0.00-all_history-plain,True,
s6-A-0062-sw0.00-all_history-domain_augmented,True,
s6-A-0062-sw0.00-five_year-plain,True,
s6-A-0062-sw0.00-five_year-domain_augmented,True,
s6-A-0062-sw0.00-half_life_2-plain,True,
s6-A-0062-sw0.00-half_life_2-domain_augmented,True,
s6-A-0062-sw0.00-half_life_4-plain,True,
s6-A-0062-sw0.00-half_life_4-domain_augmented,True,
s6-A-0062-sw0.00-half_life_6-plain,True,
s6-A-0062-sw0.00-half_life_6-domain_augmented,True,
s6-A-0062-sw0.10-all_history-plain,True,
s6-A-0062-sw0.10-all_history-domain_augmented,True,
s6-A-0062-sw0.10-five_year-plain,True,
s6-A-0062-sw0.10-five_year-domain_augmented,True,
s6-A-0062-sw0.10-half_life_2-plain,True,
s6-A-0062-sw0.10-half_life_2-domain_augmented,True,
s6-A-0062-sw0.10-half_life_4-plain,True,
s6-A-0062-sw0.10-half_life_4-domain_augmented,True,
s6-A-0062-sw0.10-half_life_6-plain,True,
s6-A-0062-sw0.10-half_life_6-domain_augmented,True,
s6-A-0062-sw0.25-all_history-plain,True,
s6-A-0062-sw0.25-all_history-domain_augmented,True,
s6-A-0062-sw0.25-five_year-plain,True,
s6-A-0062-sw0.25-five_year-domain_augmented,True,
s6-A-0062-sw0.25-half_life_2-plain,True,
s6-A-0062-sw0.25-half_life_2-domain_augmented,True,
s6-A-0062-sw0.25-half_life_4-plain,True,
s6-A-0062-sw0.25-half_life_4-domain_augmented,True,
s6-A-0062-sw0.25-half_life_6-plain,True,
s6-A-0062-sw0.25-half_life_6-domain_augmented,True,
s6-A-0062-sw0.50-all_history-plain,True,
s6-A-0062-sw0.50-all_history-domain_augmented,True,
s6-A-0062-sw0.50-five_year-plain,True,
s6-A-0062-sw0.50-five_year-domain_augmented,True,
s6-A-0062-sw0.50-half_life_2-plain,True,
s6-A-0062-sw0.50-half_life_2-domain_augmented,True,
s6-A-0062-sw0.50-half_life_4-plain,True,
s6-A-0062-sw0.50-half_life_4-domain_augmented,True,
s6-A-0062-sw0.50-half_life_6-plain,True,
s6-A-0062-sw0.50-half_life_6-domain_augmented,True,
s6-A-0062-ensemble-0.25,True,requires compatible top pair
s6-A-0062-ensemble-0.50,True,requires compatible top pair
s6-A-0062-ensemble-0.75,True,requires compatible top pair
s6-A-0063-sw0.00-all_history-plain,True,
s6-A-0063-sw0.00-all_history-domain_augmented,True,
s6-A-0063-sw0.00-five_year-plain,True,
s6-A-0063-sw0.00-five_year-domain_augmented,True,
s6-A-0063-sw0.00-half_life_2-plain,True,
s6-A-0063-sw0.00-half_life_2-domain_augmented,True,
s6-A-0063-sw0.00-half_life_4-plain,True,
s6-A-0063-sw0.00-half_life_4-domain_augmented,True,
s6-A-0063-sw0.00-half_life_6-plain,True,
s6-A-0063-sw0.00-half_life_6-domain_augmented,True,
s6-A-0063-sw0.10-all_history-plain,True,
s6-A-0063-sw0.10-all_history-domain_augmented,True,
s6-A-0063-sw0.10-five_year-plain,True,
s6-A-0063-sw0.10-five_year-domain_augmented,True,
s6-A-0063-sw0.10-half_life_2-plain,True,
s6-A-0063-sw0.10-half_life_2-domain_augmented,True,
s6-A-0063-sw0.10-half_life_4-plain,True,
s6-A-0063-sw0.10-half_life_4-domain_augmented,True,
s6-A-0063-sw0.10-half_life_6-plain,True,
s6-A-0063-sw0.10-half_life_6-domain_augmented,True,
s6-A-0063-sw0.25-all_history-plain,True,
s6-A-0063-sw0.25-all_history-domain_augmented,True,
s6-A-0063-sw0.25-five_year-plain,True,
s6-A-0063-sw0.25-five_year-domain_augmented,True,
s6-A-0063-sw0.25-half_life_2-plain,True,
s6-A-0063-sw0.25-half_life_2-domain_augmented,True,
s6-A-0063-sw0.25-half_life_4-plain,True,
s6-A-0063-sw0.25-half_life_4-domain_augmented,True,
s6-A-0063-sw0.25-half_life_6-plain,True,
s6-A-0063-sw0.25-half_life_6-domain_augmented,True,
s6-A-0063-sw0.50-all_history-plain,True,
s6-A-0063-sw0.50-all_history-domain_augmented,True,
s6-A-0063-sw0.50-five_year-plain,True,
s6-A-0063-sw0.50-five_year-domain_augmented,True,
s6-A-0063-sw0.50-half_life_2-plain,True,
s6-A-0063-sw0.50-half_life_2-domain_augmented,True,
s6-A-0063-sw0.50-half_life_4-plain,True,
s6-A-0063-sw0.50-half_life_4-domain_augmented,True,
s6-A-0063-sw0.50-half_life_6-plain,True,
s6-A-0063-sw0.50-half_life_6-domain_augmented,True,
s6-A-0063-ensemble-0.25,True,requires compatible top pair
s6-A-0063-ensemble-0.50,True,requires compatible top pair
s6-A-0063-ensemble-0.75,True,requires compatible top pair
s6-A-0064-sw0.00-all_history-plain,True,
s6-A-0064-sw0.00-all_history-domain_augmented,True,
s6-A-0064-sw0.00-five_year-plain,True,
s6-A-0064-sw0.00-five_year-domain_augmented,True,
s6-A-0064-sw0.00-half_life_2-plain,True,
s6-A-0064-sw0.00-half_life_2-domain_augmented,True,
s6-A-0064-sw0.00-half_life_4-plain,True,
s6-A-0064-sw0.00-half_life_4-domain_augmented,True,
s6-A-0064-sw0.00-half_life_6-plain,True,
s6-A-0064-sw0.00-half_life_6-domain_augmented,True,
s6-A-0064-sw0.10-all_history-plain,True,
s6-A-0064-sw0.10-all_history-domain_augmented,True,
s6-A-0064-sw0.10-five_year-plain,True,
s6-A-0064-sw0.10-five_year-domain_augmented,True,
s6-A-0064-sw0.10-half_life_2-plain,True,
s6-A-0064-sw0.10-half_life_2-domain_augmented,True,
s6-A-0064-sw0.10-half_life_4-plain,True,
s6-A-0064-sw0.10-half_life_4-domain_augmented,True,
s6-A-0064-sw0.10-half_life_6-plain,True,
s6-A-0064-sw0.10-half_life_6-domain_augmented,True,
s6-A-0064-sw0.25-all_history-plain,True,
s6-A-0064-sw0.25-all_history-domain_augmented,True,
s6-A-0064-sw0.25-five_year-plain,True,
s6-A-0064-sw0.25-five_year-domain_augmented,True,
s6-A-0064-sw0.25-half_life_2-plain,True,
s6-A-0064-sw0.25-half_life_2-domain_augmented,True,
s6-A-0064-sw0.25-half_life_4-plain,True,
s6-A-0064-sw0.25-half_life_4-domain_augmented,True,
s6-A-0064-sw0.25-half_life_6-plain,True,
s6-A-0064-sw0.25-half_life_6-domain_augmented,True,
s6-A-0064-sw0.50-all_history-plain,True,
s6-A-0064-sw0.50-all_history-domain_augmented,True,
s6-A-0064-sw0.50-five_year-plain,True,
s6-A-0064-sw0.50-five_year-domain_augmented,True,
s6-A-0064-sw0.50-half_life_2-plain,True,
s6-A-0064-sw0.50-half_life_2-domain_augmented,True,
s6-A-0064-sw0.50-half_life_4-plain,True,
s6-A-0064-sw0.50-half_life_4-domain_augmented,True,
s6-A-0064-sw0.50-half_life_6-plain,True,
s6-A-0064-sw0.50-half_life_6-domain_augmented,True,
s6-A-0064-ensemble-0.25,True,requires compatible top pair
s6-A-0064-ensemble-0.50,True,requires compatible top pair
s6-A-0064-ensemble-0.75,True,requires compatible top pair
s6-A-0065-sw0.00-all_history-plain,True,
s6-A-0065-sw0.00-all_history-domain_augmented,True,
s6-A-0065-sw0.00-five_year-plain,True,
s6-A-0065-sw0.00-five_year-domain_augmented,True,
s6-A-0065-sw0.00-half_life_2-plain,True,
s6-A-0065-sw0.00-half_life_2-domain_augmented,True,
s6-A-0065-sw0.00-half_life_4-plain,True,
s6-A-0065-sw0.00-half_life_4-domain_augmented,True,
s6-A-0065-sw0.00-half_life_6-plain,True,
s6-A-0065-sw0.00-half_life_6-domain_augmented,True,
s6-A-0065-sw0.10-all_history-plain,True,
s6-A-0065-sw0.10-all_history-domain_augmented,True,
s6-A-0065-sw0.10-five_year-plain,True,
s6-A-0065-sw0.10-five_year-domain_augmented,True,
s6-A-0065-sw0.10-half_life_2-plain,True,
s6-A-0065-sw0.10-half_life_2-domain_augmented,True,
s6-A-0065-sw0.10-half_life_4-plain,True,
s6-A-0065-sw0.10-half_life_4-domain_augmented,True,
s6-A-0065-sw0.10-half_life_6-plain,True,
s6-A-0065-sw0.10-half_life_6-domain_augmented,True,
s6-A-0065-sw0.25-all_history-plain,True,
s6-A-0065-sw0.25-all_history-domain_augmented,True,
s6-A-0065-sw0.25-five_year-plain,True,
s6-A-0065-sw0.25-five_year-domain_augmented,True,
s6-A-0065-sw0.25-half_life_2-plain,True,
s6-A-0065-sw0.25-half_life_2-domain_augmented,True,
s6-A-0065-sw0.25-half_life_4-plain,True,
s6-A-0065-sw0.25-half_life_4-domain_augmented,True,
s6-A-0065-sw0.25-half_life_6-plain,True,
s6-A-0065-sw0.25-half_life_6-domain_augmented,True,
s6-A-0065-sw0.50-all_history-plain,True,
s6-A-0065-sw0.50-all_history-domain_augmented,True,
s6-A-0065-sw0.50-five_year-plain,True,
s6-A-0065-sw0.50-five_year-domain_augmented,True,
s6-A-0065-sw0.50-half_life_2-plain,True,
s6-A-0065-sw0.50-half_life_2-domain_augmented,True,
s6-A-0065-sw0.50-half_life_4-plain,True,
s6-A-0065-sw0.50-half_life_4-domain_augmented,True,
s6-A-0065-sw0.50-half_life_6-plain,True,
s6-A-0065-sw0.50-half_life_6-domain_augmented,True,
s6-A-0065-ensemble-0.25,True,requires compatible top pair
s6-A-0065-ensemble-0.50,True,requires compatible top pair
s6-A-0065-ensemble-0.75,True,requires compatible top pair
s6-A-0066-sw0.00-all_history-plain,True,
s6-A-0066-sw0.00-all_history-domain_augmented,True,
s6-A-0066-sw0.00-five_year-plain,True,
s6-A-0066-sw0.00-five_year-domain_augmented,True,
s6-A-0066-sw0.00-half_life_2-plain,True,
s6-A-0066-sw0.00-half_life_2-domain_augmented,True,
s6-A-0066-sw0.00-half_life_4-plain,True,
s6-A-0066-sw0.00-half_life_4-domain_augmented,True,
s6-A-0066-sw0.00-half_life_6-plain,True,
s6-A-0066-sw0.00-half_life_6-domain_augmented,True,
s6-A-0066-sw0.10-all_history-plain,True,
s6-A-0066-sw0.10-all_history-domain_augmented,True,
s6-A-0066-sw0.10-five_year-plain,True,
s6-A-0066-sw0.10-five_year-domain_augmented,True,
s6-A-0066-sw0.10-half_life_2-plain,True,
s6-A-0066-sw0.10-half_life_2-domain_augmented,True,
s6-A-0066-sw0.10-half_life_4-plain,True,
s6-A-0066-sw0.10-half_life_4-domain_augmented,True,
s6-A-0066-sw0.10-half_life_6-plain,True,
s6-A-0066-sw0.10-half_life_6-domain_augmented,True,
s6-A-0066-sw0.25-all_history-plain,True,
s6-A-0066-sw0.25-all_history-domain_augmented,True,
s6-A-0066-sw0.25-five_year-plain,True,
s6-A-0066-sw0.25-five_year-domain_augmented,True,
s6-A-0066-sw0.25-half_life_2-plain,True,
s6-A-0066-sw0.25-half_life_2-domain_augmented,True,
s6-A-0066-sw0.25-half_life_4-plain,True,
s6-A-0066-sw0.25-half_life_4-domain_augmented,True,
s6-A-0066-sw0.25-half_life_6-plain,True,
s6-A-0066-sw0.25-half_life_6-domain_augmented,True,
s6-A-0066-sw0.50-all_history-plain,True,
s6-A-0066-sw0.50-all_history-domain_augmented,True,
s6-A-0066-sw0.50-five_year-plain,True,
s6-A-0066-sw0.50-five_year-domain_augmented,True,
s6-A-0066-sw0.50-half_life_2-plain,True,
s6-A-0066-sw0.50-half_life_2-domain_augmented,True,
s6-A-0066-sw0.50-half_life_4-plain,True,
s6-A-0066-sw0.50-half_life_4-domain_augmented,True,
s6-A-0066-sw0.50-half_life_6-plain,True,
s6-A-0066-sw0.50-half_life_6-domain_augmented,True,
s6-A-0066-ensemble-0.25,True,requires compatible top pair
s6-A-0066-ensemble-0.50,True,requires compatible top pair
s6-A-0066-ensemble-0.75,True,requires compatible top pair
s6-A-0067-sw0.00-all_history-plain,True,
s6-A-0067-sw0.00-all_history-domain_augmented,True,
s6-A-0067-sw0.00-five_year-plain,True,
s6-A-0067-sw0.00-five_year-domain_augmented,True,
s6-A-0067-sw0.00-half_life_2-plain,True,
s6-A-0067-sw0.00-half_life_2-domain_augmented,True,
s6-A-0067-sw0.00-half_life_4-plain,True,
s6-A-0067-sw0.00-half_life_4-domain_augmented,True,
s6-A-0067-sw0.00-half_life_6-plain,True,
s6-A-0067-sw0.00-half_life_6-domain_augmented,True,
s6-A-0067-sw0.10-all_history-plain,True,
s6-A-0067-sw0.10-all_history-domain_augmented,True,
s6-A-0067-sw0.10-five_year-plain,True,
s6-A-0067-sw0.10-five_year-domain_augmented,True,
s6-A-0067-sw0.10-half_life_2-plain,True,
s6-A-0067-sw0.10-half_life_2-domain_augmented,True,
s6-A-0067-sw0.10-half_life_4-plain,True,
s6-A-0067-sw0.10-half_life_4-domain_augmented,True,
s6-A-0067-sw0.10-half_life_6-plain,True,
s6-A-0067-sw0.10-half_life_6-domain_augmented,True,
s6-A-0067-sw0.25-all_history-plain,True,
s6-A-0067-sw0.25-all_history-domain_augmented,True,
s6-A-0067-sw0.25-five_year-plain,True,
s6-A-0067-sw0.25-five_year-domain_augmented,True,
s6-A-0067-sw0.25-half_life_2-plain,True,
s6-A-0067-sw0.25-half_life_2-domain_augmented,True,
s6-A-0067-sw0.25-half_life_4-plain,True,
s6-A-0067-sw0.25-half_life_4-domain_augmented,True,
s6-A-0067-sw0.25-half_life_6-plain,True,
s6-A-0067-sw0.25-half_life_6-domain_augmented,True,
s6-A-0067-sw0.50-all_history-plain,True,
s6-A-0067-sw0.50-all_history-domain_augmented,True,
s6-A-0067-sw0.50-five_year-plain,True,
s6-A-0067-sw0.50-five_year-domain_augmented,True,
s6-A-0067-sw0.50-half_life_2-plain,True,
s6-A-0067-sw0.50-half_life_2-domain_augmented,True,
s6-A-0067-sw0.50-half_life_4-plain,True,
s6-A-0067-sw0.50-half_life_4-domain_augmented,True,
s6-A-0067-sw0.50-half_life_6-plain,True,
s6-A-0067-sw0.50-half_life_6-domain_augmented,True,
s6-A-0067-ensemble-0.25,True,requires compatible top pair
s6-A-0067-ensemble-0.50,True,requires compatible top pair
s6-A-0067-ensemble-0.75,True,requires compatible top pair
s6-A-0068-sw0.00-all_history-plain,True,
s6-A-0068-sw0.00-all_history-domain_augmented,True,
s6-A-0068-sw0.00-five_year-plain,True,
s6-A-0068-sw0.00-five_year-domain_augmented,True,
s6-A-0068-sw0.00-half_life_2-plain,True,
s6-A-0068-sw0.00-half_life_2-domain_augmented,True,
s6-A-0068-sw0.00-half_life_4-plain,True,
s6-A-0068-sw0.00-half_life_4-domain_augmented,True,
s6-A-0068-sw0.00-half_life_6-plain,True,
s6-A-0068-sw0.00-half_life_6-domain_augmented,True,
s6-A-0068-sw0.10-all_history-plain,True,
s6-A-0068-sw0.10-all_history-domain_augmented,True,
s6-A-0068-sw0.10-five_year-plain,True,
s6-A-0068-sw0.10-five_year-domain_augmented,True,
s6-A-0068-sw0.10-half_life_2-plain,True,
s6-A-0068-sw0.10-half_life_2-domain_augmented,True,
s6-A-0068-sw0.10-half_life_4-plain,True,
s6-A-0068-sw0.10-half_life_4-domain_augmented,True,
s6-A-0068-sw0.10-half_life_6-plain,True,
s6-A-0068-sw0.10-half_life_6-domain_augmented,True,
s6-A-0068-sw0.25-all_history-plain,True,
s6-A-0068-sw0.25-all_history-domain_augmented,True,
s6-A-0068-sw0.25-five_year-plain,True,
s6-A-0068-sw0.25-five_year-domain_augmented,True,
s6-A-0068-sw0.25-half_life_2-plain,True,
s6-A-0068-sw0.25-half_life_2-domain_augmented,True,
s6-A-0068-sw0.25-half_life_4-plain,True,
s6-A-0068-sw0.25-half_life_4-domain_augmented,True,
s6-A-0068-sw0.25-half_life_6-plain,True,
s6-A-0068-sw0.25-half_life_6-domain_augmented,True,
s6-A-0068-sw0.50-all_history-plain,True,
s6-A-0068-sw0.50-all_history-domain_augmented,True,
s6-A-0068-sw0.50-five_year-plain,True,
s6-A-0068-sw0.50-five_year-domain_augmented,True,
s6-A-0068-sw0.50-half_life_2-plain,True,
s6-A-0068-sw0.50-half_life_2-domain_augmented,True,
s6-A-0068-sw0.50-half_life_4-plain,True,
s6-A-0068-sw0.50-half_life_4-domain_augmented,True,
s6-A-0068-sw0.50-half_life_6-plain,True,
s6-A-0068-sw0.50-half_life_6-domain_augmented,True,
s6-A-0068-ensemble-0.25,True,requires compatible top pair
s6-A-0068-ensemble-0.50,True,requires compatible top pair
s6-A-0068-ensemble-0.75,True,requires compatible top pair
s6-A-0069-sw0.00-all_history-plain,True,
s6-A-0069-sw0.00-all_history-domain_augmented,True,
s6-A-0069-sw0.00-five_year-plain,True,
s6-A-0069-sw0.00-five_year-domain_augmented,True,
s6-A-0069-sw0.00-half_life_2-plain,True,
s6-A-0069-sw0.00-half_life_2-domain_augmented,True,
s6-A-0069-sw0.00-half_life_4-plain,True,
s6-A-0069-sw0.00-half_life_4-domain_augmented,True,
s6-A-0069-sw0.00-half_life_6-plain,True,
s6-A-0069-sw0.00-half_life_6-domain_augmented,True,
s6-A-0069-sw0.10-all_history-plain,True,
s6-A-0069-sw0.10-all_history-domain_augmented,True,
s6-A-0069-sw0.10-five_year-plain,True,
s6-A-0069-sw0.10-five_year-domain_augmented,True,
s6-A-0069-sw0.10-half_life_2-plain,True,
s6-A-0069-sw0.10-half_life_2-domain_augmented,True,
s6-A-0069-sw0.10-half_life_4-plain,True,
s6-A-0069-sw0.10-half_life_4-domain_augmented,True,
s6-A-0069-sw0.10-half_life_6-plain,True,
s6-A-0069-sw0.10-half_life_6-domain_augmented,True,
s6-A-0069-sw0.25-all_history-plain,True,
s6-A-0069-sw0.25-all_history-domain_augmented,True,
s6-A-0069-sw0.25-five_year-plain,True,
s6-A-0069-sw0.25-five_year-domain_augmented,True,
s6-A-0069-sw0.25-half_life_2-plain,True,
s6-A-0069-sw0.25-half_life_2-domain_augmented,True,
s6-A-0069-sw0.25-half_life_4-plain,True,
s6-A-0069-sw0.25-half_life_4-domain_augmented,True,
s6-A-0069-sw0.25-half_life_6-plain,True,
s6-A-0069-sw0.25-half_life_6-domain_augmented,True,
s6-A-0069-sw0.50-all_history-plain,True,
s6-A-0069-sw0.50-all_history-domain_augmented,True,
s6-A-0069-sw0.50-five_year-plain,True,
s6-A-0069-sw0.50-five_year-domain_augmented,True,
s6-A-0069-sw0.50-half_life_2-plain,True,
s6-A-0069-sw0.50-half_life_2-domain_augmented,True,
s6-A-0069-sw0.50-half_life_4-plain,True,
s6-A-0069-sw0.50-half_life_4-domain_augmented,True,
s6-A-0069-sw0.50-half_life_6-plain,True,
s6-A-0069-sw0.50-half_life_6-domain_augmented,True,
s6-A-0069-ensemble-0.25,True,requires compatible top pair
s6-A-0069-ensemble-0.50,True,requires compatible top pair
s6-A-0069-ensemble-0.75,True,requires compatible top pair
s6-A-0070-sw0.00-all_history-plain,True,
s6-A-0070-sw0.00-all_history-domain_augmented,True,
s6-A-0070-sw0.00-five_year-plain,True,
s6-A-0070-sw0.00-five_year-domain_augmented,True,
s6-A-0070-sw0.00-half_life_2-plain,True,
s6-A-0070-sw0.00-half_life_2-domain_augmented,True,
s6-A-0070-sw0.00-half_life_4-plain,True,
s6-A-0070-sw0.00-half_life_4-domain_augmented,True,
s6-A-0070-sw0.00-half_life_6-plain,True,
s6-A-0070-sw0.00-half_life_6-domain_augmented,True,
s6-A-0070-sw0.10-all_history-plain,True,
s6-A-0070-sw0.10-all_history-domain_augmented,True,
s6-A-0070-sw0.10-five_year-plain,True,
s6-A-0070-sw0.10-five_year-domain_augmented,True,
s6-A-0070-sw0.10-half_life_2-plain,True,
s6-A-0070-sw0.10-half_life_2-domain_augmented,True,
s6-A-0070-sw0.10-half_life_4-plain,True,
s6-A-0070-sw0.10-half_life_4-domain_augmented,True,
s6-A-0070-sw0.10-half_life_6-plain,True,
s6-A-0070-sw0.10-half_life_6-domain_augmented,True,
s6-A-0070-sw0.25-all_history-plain,True,
s6-A-0070-sw0.25-all_history-domain_augmented,True,
s6-A-0070-sw0.25-five_year-plain,True,
s6-A-0070-sw0.25-five_year-domain_augmented,True,
s6-A-0070-sw0.25-half_life_2-plain,True,
s6-A-0070-sw0.25-half_life_2-domain_augmented,True,
s6-A-0070-sw0.25-half_life_4-plain,True,
s6-A-0070-sw0.25-half_life_4-domain_augmented,True,
s6-A-0070-sw0.25-half_life_6-plain,True,
s6-A-0070-sw0.25-half_life_6-domain_augmented,True,
s6-A-0070-sw0.50-all_history-plain,True,
s6-A-0070-sw0.50-all_history-domain_augmented,True,
s6-A-0070-sw0.50-five_year-plain,True,
s6-A-0070-sw0.50-five_year-domain_augmented,True,
s6-A-0070-sw0.50-half_life_2-plain,True,
s6-A-0070-sw0.50-half_life_2-domain_augmented,True,
s6-A-0070-sw0.50-half_life_4-plain,True,
s6-A-0070-sw0.50-half_life_4-domain_augmented,True,
s6-A-0070-sw0.50-half_life_6-plain,True,
s6-A-0070-sw0.50-half_life_6-domain_augmented,True,
s6-A-0070-ensemble-0.25,True,requires compatible top pair
s6-A-0070-ensemble-0.50,True,requires compatible top pair
s6-A-0070-ensemble-0.75,True,requires compatible top pair
s6-A-0071-sw0.00-all_history-plain,True,
s6-A-0071-sw0.00-all_history-domain_augmented,True,
s6-A-0071-sw0.00-five_year-plain,True,
s6-A-0071-sw0.00-five_year-domain_augmented,True,
s6-A-0071-sw0.00-half_life_2-plain,True,
s6-A-0071-sw0.00-half_life_2-domain_augmented,True,
s6-A-0071-sw0.00-half_life_4-plain,True,
s6-A-0071-sw0.00-half_life_4-domain_augmented,True,
s6-A-0071-sw0.00-half_life_6-plain,True,
s6-A-0071-sw0.00-half_life_6-domain_augmented,True,
s6-A-0071-sw0.10-all_history-plain,True,
s6-A-0071-sw0.10-all_history-domain_augmented,True,
s6-A-0071-sw0.10-five_year-plain,True,
s6-A-0071-sw0.10-five_year-domain_augmented,True,
s6-A-0071-sw0.10-half_life_2-plain,True,
s6-A-0071-sw0.10-half_life_2-domain_augmented,True,
s6-A-0071-sw0.10-half_life_4-plain,True,
s6-A-0071-sw0.10-half_life_4-domain_augmented,True,
s6-A-0071-sw0.10-half_life_6-plain,True,
s6-A-0071-sw0.10-half_life_6-domain_augmented,True,
s6-A-0071-sw0.25-all_history-plain,True,
s6-A-0071-sw0.25-all_history-domain_augmented,True,
s6-A-0071-sw0.25-five_year-plain,True,
s6-A-0071-sw0.25-five_year-domain_augmented,True,
s6-A-0071-sw0.25-half_life_2-plain,True,
s6-A-0071-sw0.25-half_life_2-domain_augmented,True,
s6-A-0071-sw0.25-half_life_4-plain,True,
s6-A-0071-sw0.25-half_life_4-domain_augmented,True,
s6-A-0071-sw0.25-half_life_6-plain,True,
s6-A-0071-sw0.25-half_life_6-domain_augmented,True,
s6-A-0071-sw0.50-all_history-plain,True,
s6-A-0071-sw0.50-all_history-domain_augmented,True,
s6-A-0071-sw0.50-five_year-plain,True,
s6-A-0071-sw0.50-five_year-domain_augmented,True,
s6-A-0071-sw0.50-half_life_2-plain,True,
s6-A-0071-sw0.50-half_life_2-domain_augmented,True,
s6-A-0071-sw0.50-half_life_4-plain,True,
s6-A-0071-sw0.50-half_life_4-domain_augmented,True,
s6-A-0071-sw0.50-half_life_6-plain,True,
s6-A-0071-sw0.50-half_life_6-domain_augmented,True,
s6-A-0071-ensemble-0.25,True,requires compatible top pair
s6-A-0071-ensemble-0.50,True,requires compatible top pair
s6-A-0071-ensemble-0.75,True,requires compatible top pair
s6-A-0072-sw0.00-all_history-plain,True,
s6-A-0072-sw0.00-all_history-domain_augmented,True,
s6-A-0072-sw0.00-five_year-plain,True,
s6-A-0072-sw0.00-five_year-domain_augmented,True,
s6-A-0072-sw0.00-half_life_2-plain,True,
s6-A-0072-sw0.00-half_life_2-domain_augmented,True,
s6-A-0072-sw0.00-half_life_4-plain,True,
s6-A-0072-sw0.00-half_life_4-domain_augmented,True,
s6-A-0072-sw0.00-half_life_6-plain,True,
s6-A-0072-sw0.00-half_life_6-domain_augmented,True,
s6-A-0072-sw0.10-all_history-plain,True,
s6-A-0072-sw0.10-all_history-domain_augmented,True,
s6-A-0072-sw0.10-five_year-plain,True,
s6-A-0072-sw0.10-five_year-domain_augmented,True,
s6-A-0072-sw0.10-half_life_2-plain,True,
s6-A-0072-sw0.10-half_life_2-domain_augmented,True,
s6-A-0072-sw0.10-half_life_4-plain,True,
s6-A-0072-sw0.10-half_life_4-domain_augmented,True,
s6-A-0072-sw0.10-half_life_6-plain,True,
s6-A-0072-sw0.10-half_life_6-domain_augmented,True,
s6-A-0072-sw0.25-all_history-plain,True,
s6-A-0072-sw0.25-all_history-domain_augmented,True,
s6-A-0072-sw0.25-five_year-plain,True,
s6-A-0072-sw0.25-five_year-domain_augmented,True,
s6-A-0072-sw0.25-half_life_2-plain,True,
s6-A-0072-sw0.25-half_life_2-domain_augmented,True,
s6-A-0072-sw0.25-half_life_4-plain,True,
s6-A-0072-sw0.25-half_life_4-domain_augmented,True,
s6-A-0072-sw0.25-half_life_6-plain,True,
s6-A-0072-sw0.25-half_life_6-domain_augmented,True,
s6-A-0072-sw0.50-all_history-plain,True,
s6-A-0072-sw0.50-all_history-domain_augmented,True,
s6-A-0072-sw0.50-five_year-plain,True,
s6-A-0072-sw0.50-five_year-domain_augmented,True,
s6-A-0072-sw0.50-half_life_2-plain,True,
s6-A-0072-sw0.50-half_life_2-domain_augmented,True,
s6-A-0072-sw0.50-half_life_4-plain,True,
s6-A-0072-sw0.50-half_life_4-domain_augmented,True,
s6-A-0072-sw0.50-half_life_6-plain,True,
s6-A-0072-sw0.50-half_life_6-domain_augmented,True,
s6-A-0072-ensemble-0.25,True,requires compatible top pair
s6-A-0072-ensemble-0.50,True,requires compatible top pair
s6-A-0072-ensemble-0.75,True,requires compatible top pair
s6-A-0073-sw0.00-all_history-plain,True,
s6-A-0073-sw0.00-all_history-domain_augmented,True,
s6-A-0073-sw0.00-five_year-plain,True,
s6-A-0073-sw0.00-five_year-domain_augmented,True,
s6-A-0073-sw0.00-half_life_2-plain,True,
s6-A-0073-sw0.00-half_life_2-domain_augmented,True,
s6-A-0073-sw0.00-half_life_4-plain,True,
s6-A-0073-sw0.00-half_life_4-domain_augmented,True,
s6-A-0073-sw0.00-half_life_6-plain,True,
s6-A-0073-sw0.00-half_life_6-domain_augmented,True,
s6-A-0073-sw0.10-all_history-plain,True,
s6-A-0073-sw0.10-all_history-domain_augmented,True,
s6-A-0073-sw0.10-five_year-plain,True,
s6-A-0073-sw0.10-five_year-domain_augmented,True,
s6-A-0073-sw0.10-half_life_2-plain,True,
s6-A-0073-sw0.10-half_life_2-domain_augmented,True,
s6-A-0073-sw0.10-half_life_4-plain,True,
s6-A-0073-sw0.10-half_life_4-domain_augmented,True,
s6-A-0073-sw0.10-half_life_6-plain,True,
s6-A-0073-sw0.10-half_life_6-domain_augmented,True,
s6-A-0073-sw0.25-all_history-plain,True,
s6-A-0073-sw0.25-all_history-domain_augmented,True,
s6-A-0073-sw0.25-five_year-plain,True,
s6-A-0073-sw0.25-five_year-domain_augmented,True,
s6-A-0073-sw0.25-half_life_2-plain,True,
s6-A-0073-sw0.25-half_life_2-domain_augmented,True,
s6-A-0073-sw0.25-half_life_4-plain,True,
s6-A-0073-sw0.25-half_life_4-domain_augmented,True,
s6-A-0073-sw0.25-half_life_6-plain,True,
s6-A-0073-sw0.25-half_life_6-domain_augmented,True,
s6-A-0073-sw0.50-all_history-plain,True,
s6-A-0073-sw0.50-all_history-domain_augmented,True,
s6-A-0073-sw0.50-five_year-plain,True,
s6-A-0073-sw0.50-five_year-domain_augmented,True,
s6-A-0073-sw0.50-half_life_2-plain,True,
s6-A-0073-sw0.50-half_life_2-domain_augmented,True,
s6-A-0073-sw0.50-half_life_4-plain,True,
s6-A-0073-sw0.50-half_life_4-domain_augmented,True,
s6-A-0073-sw0.50-half_life_6-plain,True,
s6-A-0073-sw0.50-half_life_6-domain_augmented,True,
s6-A-0073-ensemble-0.25,True,requires compatible top pair
s6-A-0073-ensemble-0.50,True,requires compatible top pair
s6-A-0073-ensemble-0.75,True,requires compatible top pair
s6-A-0074-sw0.00-all_history-plain,True,
s6-A-0074-sw0.00-all_history-domain_augmented,True,
s6-A-0074-sw0.00-five_year-plain,True,
s6-A-0074-sw0.00-five_year-domain_augmented,True,
s6-A-0074-sw0.00-half_life_2-plain,True,
s6-A-0074-sw0.00-half_life_2-domain_augmented,True,
s6-A-0074-sw0.00-half_life_4-plain,True,
s6-A-0074-sw0.00-half_life_4-domain_augmented,True,
s6-A-0074-sw0.00-half_life_6-plain,True,
s6-A-0074-sw0.00-half_life_6-domain_augmented,True,
s6-A-0074-sw0.10-all_history-plain,True,
s6-A-0074-sw0.10-all_history-domain_augmented,True,
s6-A-0074-sw0.10-five_year-plain,True,
s6-A-0074-sw0.10-five_year-domain_augmented,True,
s6-A-0074-sw0.10-half_life_2-plain,True,
s6-A-0074-sw0.10-half_life_2-domain_augmented,True,
s6-A-0074-sw0.10-half_life_4-plain,True,
s6-A-0074-sw0.10-half_life_4-domain_augmented,True,
s6-A-0074-sw0.10-half_life_6-plain,True,
s6-A-0074-sw0.10-half_life_6-domain_augmented,True,
s6-A-0074-sw0.25-all_history-plain,True,
s6-A-0074-sw0.25-all_history-domain_augmented,True,
s6-A-0074-sw0.25-five_year-plain,True,
s6-A-0074-sw0.25-five_year-domain_augmented,True,
s6-A-0074-sw0.25-half_life_2-plain,True,
s6-A-0074-sw0.25-half_life_2-domain_augmented,True,
s6-A-0074-sw0.25-half_life_4-plain,True,
s6-A-0074-sw0.25-half_life_4-domain_augmented,True,
s6-A-0074-sw0.25-half_life_6-plain,True,
s6-A-0074-sw0.25-half_life_6-domain_augmented,True,
s6-A-0074-sw0.50-all_history-plain,True,
s6-A-0074-sw0.50-all_history-domain_augmented,True,
s6-A-0074-sw0.50-five_year-plain,True,
s6-A-0074-sw0.50-five_year-domain_augmented,True,
s6-A-0074-sw0.50-half_life_2-plain,True,
s6-A-0074-sw0.50-half_life_2-domain_augmented,True,
s6-A-0074-sw0.50-half_life_4-plain,True,
s6-A-0074-sw0.50-half_life_4-domain_augmented,True,
s6-A-0074-sw0.50-half_life_6-plain,True,
s6-A-0074-sw0.50-half_life_6-domain_augmented,True,
s6-A-0074-ensemble-0.25,True,requires compatible top pair
s6-A-0074-ensemble-0.50,True,requires compatible top pair
s6-A-0074-ensemble-0.75,True,requires compatible top pair
s6-A-0075-sw0.00-all_history-plain,True,
s6-A-0075-sw0.00-all_history-domain_augmented,True,
s6-A-0075-sw0.00-five_year-plain,True,
s6-A-0075-sw0.00-five_year-domain_augmented,True,
s6-A-0075-sw0.00-half_life_2-plain,True,
s6-A-0075-sw0.00-half_life_2-domain_augmented,True,
s6-A-0075-sw0.00-half_life_4-plain,True,
s6-A-0075-sw0.00-half_life_4-domain_augmented,True,
s6-A-0075-sw0.00-half_life_6-plain,True,
s6-A-0075-sw0.00-half_life_6-domain_augmented,True,
s6-A-0075-sw0.10-all_history-plain,True,
s6-A-0075-sw0.10-all_history-domain_augmented,True,
s6-A-0075-sw0.10-five_year-plain,True,
s6-A-0075-sw0.10-five_year-domain_augmented,True,
s6-A-0075-sw0.10-half_life_2-plain,True,
s6-A-0075-sw0.10-half_life_2-domain_augmented,True,
s6-A-0075-sw0.10-half_life_4-plain,True,
s6-A-0075-sw0.10-half_life_4-domain_augmented,True,
s6-A-0075-sw0.10-half_life_6-plain,True,
s6-A-0075-sw0.10-half_life_6-domain_augmented,True,
s6-A-0075-sw0.25-all_history-plain,True,
s6-A-0075-sw0.25-all_history-domain_augmented,True,
s6-A-0075-sw0.25-five_year-plain,True,
s6-A-0075-sw0.25-five_year-domain_augmented,True,
s6-A-0075-sw0.25-half_life_2-plain,True,
s6-A-0075-sw0.25-half_life_2-domain_augmented,True,
s6-A-0075-sw0.25-half_life_4-plain,True,
s6-A-0075-sw0.25-half_life_4-domain_augmented,True,
s6-A-0075-sw0.25-half_life_6-plain,True,
s6-A-0075-sw0.25-half_life_6-domain_augmented,True,
s6-A-0075-sw0.50-all_history-plain,True,
s6-A-0075-sw0.50-all_history-domain_augmented,True,
s6-A-0075-sw0.50-five_year-plain,True,
s6-A-0075-sw0.50-five_year-domain_augmented,True,
s6-A-0075-sw0.50-half_life_2-plain,True,
s6-A-0075-sw0.50-half_life_2-domain_augmented,True,
s6-A-0075-sw0.50-half_life_4-plain,True,
s6-A-0075-sw0.50-half_life_4-domain_augmented,True,
s6-A-0075-sw0.50-half_life_6-plain,True,
s6-A-0075-sw0.50-half_life_6-domain_augmented,True,
s6-A-0075-ensemble-0.25,True,requires compatible top pair
s6-A-0075-ensemble-0.50,True,requires compatible top pair
s6-A-0075-ensemble-0.75,True,requires compatible top pair
s6-A-0076-sw0.00-all_history-plain,True,
s6-A-0076-sw0.00-all_history-domain_augmented,True,
s6-A-0076-sw0.00-five_year-plain,True,
s6-A-0076-sw0.00-five_year-domain_augmented,True,
s6-A-0076-sw0.00-half_life_2-plain,True,
s6-A-0076-sw0.00-half_life_2-domain_augmented,True,
s6-A-0076-sw0.00-half_life_4-plain,True,
s6-A-0076-sw0.00-half_life_4-domain_augmented,True,
s6-A-0076-sw0.00-half_life_6-plain,True,
s6-A-0076-sw0.00-half_life_6-domain_augmented,True,
s6-A-0076-sw0.10-all_history-plain,True,
s6-A-0076-sw0.10-all_history-domain_augmented,True,
s6-A-0076-sw0.10-five_year-plain,True,
s6-A-0076-sw0.10-five_year-domain_augmented,True,
s6-A-0076-sw0.10-half_life_2-plain,True,
s6-A-0076-sw0.10-half_life_2-domain_augmented,True,
s6-A-0076-sw0.10-half_life_4-plain,True,
s6-A-0076-sw0.10-half_life_4-domain_augmented,True,
s6-A-0076-sw0.10-half_life_6-plain,True,
s6-A-0076-sw0.10-half_life_6-domain_augmented,True,
s6-A-0076-sw0.25-all_history-plain,True,
s6-A-0076-sw0.25-all_history-domain_augmented,True,
s6-A-0076-sw0.25-five_year-plain,True,
s6-A-0076-sw0.25-five_year-domain_augmented,True,
s6-A-0076-sw0.25-half_life_2-plain,True,
s6-A-0076-sw0.25-half_life_2-domain_augmented,True,
s6-A-0076-sw0.25-half_life_4-plain,True,
s6-A-0076-sw0.25-half_life_4-domain_augmented,True,
s6-A-0076-sw0.25-half_life_6-plain,True,
s6-A-0076-sw0.25-half_life_6-domain_augmented,True,
s6-A-0076-sw0.50-all_history-plain,True,
s6-A-0076-sw0.50-all_history-domain_augmented,True,
s6-A-0076-sw0.50-five_year-plain,True,
s6-A-0076-sw0.50-five_year-domain_augmented,True,
s6-A-0076-sw0.50-half_life_2-plain,True,
s6-A-0076-sw0.50-half_life_2-domain_augmented,True,
s6-A-0076-sw0.50-half_life_4-plain,True,
s6-A-0076-sw0.50-half_life_4-domain_augmented,True,
s6-A-0076-sw0.50-half_life_6-plain,True,
s6-A-0076-sw0.50-half_life_6-domain_augmented,True,
s6-A-0076-ensemble-0.25,True,requires compatible top pair
s6-A-0076-ensemble-0.50,True,requires compatible top pair
s6-A-0076-ensemble-0.75,True,requires compatible top pair
s6-A-0077-sw0.00-all_history-plain,True,
s6-A-0077-sw0.00-all_history-domain_augmented,True,
s6-A-0077-sw0.00-five_year-plain,True,
s6-A-0077-sw0.00-five_year-domain_augmented,True,
s6-A-0077-sw0.00-half_life_2-plain,True,
s6-A-0077-sw0.00-half_life_2-domain_augmented,True,
s6-A-0077-sw0.00-half_life_4-plain,True,
s6-A-0077-sw0.00-half_life_4-domain_augmented,True,
s6-A-0077-sw0.00-half_life_6-plain,True,
s6-A-0077-sw0.00-half_life_6-domain_augmented,True,
s6-A-0077-sw0.10-all_history-plain,True,
s6-A-0077-sw0.10-all_history-domain_augmented,True,
s6-A-0077-sw0.10-five_year-plain,True,
s6-A-0077-sw0.10-five_year-domain_augmented,True,
s6-A-0077-sw0.10-half_life_2-plain,True,
s6-A-0077-sw0.10-half_life_2-domain_augmented,True,
s6-A-0077-sw0.10-half_life_4-plain,True,
s6-A-0077-sw0.10-half_life_4-domain_augmented,True,
s6-A-0077-sw0.10-half_life_6-plain,True,
s6-A-0077-sw0.10-half_life_6-domain_augmented,True,
s6-A-0077-sw0.25-all_history-plain,True,
s6-A-0077-sw0.25-all_history-domain_augmented,True,
s6-A-0077-sw0.25-five_year-plain,True,
s6-A-0077-sw0.25-five_year-domain_augmented,True,
s6-A-0077-sw0.25-half_life_2-plain,True,
s6-A-0077-sw0.25-half_life_2-domain_augmented,True,
s6-A-0077-sw0.25-half_life_4-plain,True,
s6-A-0077-sw0.25-half_life_4-domain_augmented,True,
s6-A-0077-sw0.25-half_life_6-plain,True,
s6-A-0077-sw0.25-half_life_6-domain_augmented,True,
s6-A-0077-sw0.50-all_history-plain,True,
s6-A-0077-sw0.50-all_history-domain_augmented,True,
s6-A-0077-sw0.50-five_year-plain,True,
s6-A-0077-sw0.50-five_year-domain_augmented,True,
s6-A-0077-sw0.50-half_life_2-plain,True,
s6-A-0077-sw0.50-half_life_2-domain_augmented,True,
s6-A-0077-sw0.50-half_life_4-plain,True,
s6-A-0077-sw0.50-half_life_4-domain_augmented,True,
s6-A-0077-sw0.50-half_life_6-plain,True,
s6-A-0077-sw0.50-half_life_6-domain_augmented,True,
s6-A-0077-ensemble-0.25,True,requires compatible top pair
s6-A-0077-ensemble-0.50,True,requires compatible top pair
s6-A-0077-ensemble-0.75,True,requires compatible top pair
s6-A-0078-sw0.00-all_history-plain,True,
s6-A-0078-sw0.00-all_history-domain_augmented,True,
s6-A-0078-sw0.00-five_year-plain,True,
s6-A-0078-sw0.00-five_year-domain_augmented,True,
s6-A-0078-sw0.00-half_life_2-plain,True,
s6-A-0078-sw0.00-half_life_2-domain_augmented,True,
s6-A-0078-sw0.00-half_life_4-plain,True,
s6-A-0078-sw0.00-half_life_4-domain_augmented,True,
s6-A-0078-sw0.00-half_life_6-plain,True,
s6-A-0078-sw0.00-half_life_6-domain_augmented,True,
s6-A-0078-sw0.10-all_history-plain,True,
s6-A-0078-sw0.10-all_history-domain_augmented,True,
s6-A-0078-sw0.10-five_year-plain,True,
s6-A-0078-sw0.10-five_year-domain_augmented,True,
s6-A-0078-sw0.10-half_life_2-plain,True,
s6-A-0078-sw0.10-half_life_2-domain_augmented,True,
s6-A-0078-sw0.10-half_life_4-plain,True,
s6-A-0078-sw0.10-half_life_4-domain_augmented,True,
s6-A-0078-sw0.10-half_life_6-plain,True,
s6-A-0078-sw0.10-half_life_6-domain_augmented,True,
s6-A-0078-sw0.25-all_history-plain,True,
s6-A-0078-sw0.25-all_history-domain_augmented,True,
s6-A-0078-sw0.25-five_year-plain,True,
s6-A-0078-sw0.25-five_year-domain_augmented,True,
s6-A-0078-sw0.25-half_life_2-plain,True,
s6-A-0078-sw0.25-half_life_2-domain_augmented,True,
s6-A-0078-sw0.25-half_life_4-plain,True,
s6-A-0078-sw0.25-half_life_4-domain_augmented,True,
s6-A-0078-sw0.25-half_life_6-plain,True,
s6-A-0078-sw0.25-half_life_6-domain_augmented,True,
s6-A-0078-sw0.50-all_history-plain,True,
s6-A-0078-sw0.50-all_history-domain_augmented,True,
s6-A-0078-sw0.50-five_year-plain,True,
s6-A-0078-sw0.50-five_year-domain_augmented,True,
s6-A-0078-sw0.50-half_life_2-plain,True,
s6-A-0078-sw0.50-half_life_2-domain_augmented,True,
s6-A-0078-sw0.50-half_life_4-plain,True,
s6-A-0078-sw0.50-half_life_4-domain_augmented,True,
s6-A-0078-sw0.50-half_life_6-plain,True,
s6-A-0078-sw0.50-half_life_6-domain_augmented,True,
s6-A-0078-ensemble-0.25,True,requires compatible top pair
s6-A-0078-ensemble-0.50,True,requires compatible top pair
s6-A-0078-ensemble-0.75,True,requires compatible top pair
s6-A-0079-sw0.00-all_history-plain,True,
s6-A-0079-sw0.00-all_history-domain_augmented,True,
s6-A-0079-sw0.00-five_year-plain,True,
s6-A-0079-sw0.00-five_year-domain_augmented,True,
s6-A-0079-sw0.00-half_life_2-plain,True,
s6-A-0079-sw0.00-half_life_2-domain_augmented,True,
s6-A-0079-sw0.00-half_life_4-plain,True,
s6-A-0079-sw0.00-half_life_4-domain_augmented,True,
s6-A-0079-sw0.00-half_life_6-plain,True,
s6-A-0079-sw0.00-half_life_6-domain_augmented,True,
s6-A-0079-sw0.10-all_history-plain,True,
s6-A-0079-sw0.10-all_history-domain_augmented,True,
s6-A-0079-sw0.10-five_year-plain,True,
s6-A-0079-sw0.10-five_year-domain_augmented,True,
s6-A-0079-sw0.10-half_life_2-plain,True,
s6-A-0079-sw0.10-half_life_2-domain_augmented,True,
s6-A-0079-sw0.10-half_life_4-plain,True,
s6-A-0079-sw0.10-half_life_4-domain_augmented,True,
s6-A-0079-sw0.10-half_life_6-plain,True,
s6-A-0079-sw0.10-half_life_6-domain_augmented,True,
s6-A-0079-sw0.25-all_history-plain,True,
s6-A-0079-sw0.25-all_history-domain_augmented,True,
s6-A-0079-sw0.25-five_year-plain,True,
s6-A-0079-sw0.25-five_year-domain_augmented,True,
s6-A-0079-sw0.25-half_life_2-plain,True,
s6-A-0079-sw0.25-half_life_2-domain_augmented,True,
s6-A-0079-sw0.25-half_life_4-plain,True,
s6-A-0079-sw0.25-half_life_4-domain_augmented,True,
s6-A-0079-sw0.25-half_life_6-plain,True,
s6-A-0079-sw0.25-half_life_6-domain_augmented,True,
s6-A-0079-sw0.50-all_history-plain,True,
s6-A-0079-sw0.50-all_history-domain_augmented,True,
s6-A-0079-sw0.50-five_year-plain,True,
s6-A-0079-sw0.50-five_year-domain_augmented,True,
s6-A-0079-sw0.50-half_life_2-plain,True,
s6-A-0079-sw0.50-half_life_2-domain_augmented,True,
s6-A-0079-sw0.50-half_life_4-plain,True,
s6-A-0079-sw0.50-half_life_4-domain_augmented,True,
s6-A-0079-sw0.50-half_life_6-plain,True,
s6-A-0079-sw0.50-half_life_6-domain_augmented,True,
s6-A-0079-ensemble-0.25,True,requires compatible top pair
s6-A-0079-ensemble-0.50,True,requires compatible top pair
s6-A-0079-ensemble-0.75,True,requires compatible top pair
s6-A-0080-sw0.00-all_history-plain,True,
s6-A-0080-sw0.00-all_history-domain_augmented,True,
s6-A-0080-sw0.00-five_year-plain,True,
s6-A-0080-sw0.00-five_year-domain_augmented,True,
s6-A-0080-sw0.00-half_life_2-plain,True,
s6-A-0080-sw0.00-half_life_2-domain_augmented,True,
s6-A-0080-sw0.00-half_life_4-plain,True,
s6-A-0080-sw0.00-half_life_4-domain_augmented,True,
s6-A-0080-sw0.00-half_life_6-plain,True,
s6-A-0080-sw0.00-half_life_6-domain_augmented,True,
s6-A-0080-sw0.10-all_history-plain,True,
s6-A-0080-sw0.10-all_history-domain_augmented,True,
s6-A-0080-sw0.10-five_year-plain,True,
s6-A-0080-sw0.10-five_year-domain_augmented,True,
s6-A-0080-sw0.10-half_life_2-plain,True,
s6-A-0080-sw0.10-half_life_2-domain_augmented,True,
s6-A-0080-sw0.10-half_life_4-plain,True,
s6-A-0080-sw0.10-half_life_4-domain_augmented,True,
s6-A-0080-sw0.10-half_life_6-plain,True,
s6-A-0080-sw0.10-half_life_6-domain_augmented,True,
s6-A-0080-sw0.25-all_history-plain,True,
s6-A-0080-sw0.25-all_history-domain_augmented,True,
s6-A-0080-sw0.25-five_year-plain,True,
s6-A-0080-sw0.25-five_year-domain_augmented,True,
s6-A-0080-sw0.25-half_life_2-plain,True,
s6-A-0080-sw0.25-half_life_2-domain_augmented,True,
s6-A-0080-sw0.25-half_life_4-plain,True,
s6-A-0080-sw0.25-half_life_4-domain_augmented,True,
s6-A-0080-sw0.25-half_life_6-plain,True,
s6-A-0080-sw0.25-half_life_6-domain_augmented,True,
s6-A-0080-sw0.50-all_history-plain,True,
s6-A-0080-sw0.50-all_history-domain_augmented,True,
s6-A-0080-sw0.50-five_year-plain,True,
s6-A-0080-sw0.50-five_year-domain_augmented,True,
s6-A-0080-sw0.50-half_life_2-plain,True,
s6-A-0080-sw0.50-half_life_2-domain_augmented,True,
s6-A-0080-sw0.50-half_life_4-plain,True,
s6-A-0080-sw0.50-half_life_4-domain_augmented,True,
s6-A-0080-sw0.50-half_life_6-plain,True,
s6-A-0080-sw0.50-half_life_6-domain_augmented,True,
s6-A-0080-ensemble-0.25,True,requires compatible top pair
s6-A-0080-ensemble-0.50,True,requires compatible top pair
s6-A-0080-ensemble-0.75,True,requires compatible top pair
s6-A-0081-sw0.00-all_history-plain,True,
s6-A-0081-sw0.00-all_history-domain_augmented,True,
s6-A-0081-sw0.00-five_year-plain,True,
s6-A-0081-sw0.00-five_year-domain_augmented,True,
s6-A-0081-sw0.00-half_life_2-plain,True,
s6-A-0081-sw0.00-half_life_2-domain_augmented,True,
s6-A-0081-sw0.00-half_life_4-plain,True,
s6-A-0081-sw0.00-half_life_4-domain_augmented,True,
s6-A-0081-sw0.00-half_life_6-plain,True,
s6-A-0081-sw0.00-half_life_6-domain_augmented,True,
s6-A-0081-sw0.10-all_history-plain,True,
s6-A-0081-sw0.10-all_history-domain_augmented,True,
s6-A-0081-sw0.10-five_year-plain,True,
s6-A-0081-sw0.10-five_year-domain_augmented,True,
s6-A-0081-sw0.10-half_life_2-plain,True,
s6-A-0081-sw0.10-half_life_2-domain_augmented,True,
s6-A-0081-sw0.10-half_life_4-plain,True,
s6-A-0081-sw0.10-half_life_4-domain_augmented,True,
s6-A-0081-sw0.10-half_life_6-plain,True,
s6-A-0081-sw0.10-half_life_6-domain_augmented,True,
s6-A-0081-sw0.25-all_history-plain,True,
s6-A-0081-sw0.25-all_history-domain_augmented,True,
s6-A-0081-sw0.25-five_year-plain,True,
s6-A-0081-sw0.25-five_year-domain_augmented,True,
s6-A-0081-sw0.25-half_life_2-plain,True,
s6-A-0081-sw0.25-half_life_2-domain_augmented,True,
s6-A-0081-sw0.25-half_life_4-plain,True,
s6-A-0081-sw0.25-half_life_4-domain_augmented,True,
s6-A-0081-sw0.25-half_life_6-plain,True,
s6-A-0081-sw0.25-half_life_6-domain_augmented,True,
s6-A-0081-sw0.50-all_history-plain,True,
s6-A-0081-sw0.50-all_history-domain_augmented,True,
s6-A-0081-sw0.50-five_year-plain,True,
s6-A-0081-sw0.50-five_year-domain_augmented,True,
s6-A-0081-sw0.50-half_life_2-plain,True,
s6-A-0081-sw0.50-half_life_2-domain_augmented,True,
s6-A-0081-sw0.50-half_life_4-plain,True,
s6-A-0081-sw0.50-half_life_4-domain_augmented,True,
s6-A-0081-sw0.50-half_life_6-plain,True,
s6-A-0081-sw0.50-half_life_6-domain_augmented,True,
s6-A-0081-ensemble-0.25,True,requires compatible top pair
s6-A-0081-ensemble-0.50,True,requires compatible top pair
s6-A-0081-ensemble-0.75,True,requires compatible top pair
s6-A-0082-sw0.00-all_history-plain,True,
s6-A-0082-sw0.00-all_history-domain_augmented,True,
s6-A-0082-sw0.00-five_year-plain,True,
s6-A-0082-sw0.00-five_year-domain_augmented,True,
s6-A-0082-sw0.00-half_life_2-plain,True,
s6-A-0082-sw0.00-half_life_2-domain_augmented,True,
s6-A-0082-sw0.00-half_life_4-plain,True,
s6-A-0082-sw0.00-half_life_4-domain_augmented,True,
s6-A-0082-sw0.00-half_life_6-plain,True,
s6-A-0082-sw0.00-half_life_6-domain_augmented,True,
s6-A-0082-sw0.10-all_history-plain,True,
s6-A-0082-sw0.10-all_history-domain_augmented,True,
s6-A-0082-sw0.10-five_year-plain,True,
s6-A-0082-sw0.10-five_year-domain_augmented,True,
s6-A-0082-sw0.10-half_life_2-plain,True,
s6-A-0082-sw0.10-half_life_2-domain_augmented,True,
s6-A-0082-sw0.10-half_life_4-plain,True,
s6-A-0082-sw0.10-half_life_4-domain_augmented,True,
s6-A-0082-sw0.10-half_life_6-plain,True,
s6-A-0082-sw0.10-half_life_6-domain_augmented,True,
s6-A-0082-sw0.25-all_history-plain,True,
s6-A-0082-sw0.25-all_history-domain_augmented,True,
s6-A-0082-sw0.25-five_year-plain,True,
s6-A-0082-sw0.25-five_year-domain_augmented,True,
s6-A-0082-sw0.25-half_life_2-plain,True,
s6-A-0082-sw0.25-half_life_2-domain_augmented,True,
s6-A-0082-sw0.25-half_life_4-plain,True,
s6-A-0082-sw0.25-half_life_4-domain_augmented,True,
s6-A-0082-sw0.25-half_life_6-plain,True,
s6-A-0082-sw0.25-half_life_6-domain_augmented,True,
s6-A-0082-sw0.50-all_history-plain,True,
s6-A-0082-sw0.50-all_history-domain_augmented,True,
s6-A-0082-sw0.50-five_year-plain,True,
s6-A-0082-sw0.50-five_year-domain_augmented,True,
s6-A-0082-sw0.50-half_life_2-plain,True,
s6-A-0082-sw0.50-half_life_2-domain_augmented,True,
s6-A-0082-sw0.50-half_life_4-plain,True,
s6-A-0082-sw0.50-half_life_4-domain_augmented,True,
s6-A-0082-sw0.50-half_life_6-plain,True,
s6-A-0082-sw0.50-half_life_6-domain_augmented,True,
s6-A-0082-ensemble-0.25,True,requires compatible top pair
s6-A-0082-ensemble-0.50,True,requires compatible top pair
s6-A-0082-ensemble-0.75,True,requires compatible top pair
s6-A-0083-sw0.00-all_history-plain,True,
s6-A-0083-sw0.00-all_history-domain_augmented,True,
s6-A-0083-sw0.00-five_year-plain,True,
s6-A-0083-sw0.00-five_year-domain_augmented,True,
s6-A-0083-sw0.00-half_life_2-plain,True,
s6-A-0083-sw0.00-half_life_2-domain_augmented,True,
s6-A-0083-sw0.00-half_life_4-plain,True,
s6-A-0083-sw0.00-half_life_4-domain_augmented,True,
s6-A-0083-sw0.00-half_life_6-plain,True,
s6-A-0083-sw0.00-half_life_6-domain_augmented,True,
s6-A-0083-sw0.10-all_history-plain,True,
s6-A-0083-sw0.10-all_history-domain_augmented,True,
s6-A-0083-sw0.10-five_year-plain,True,
s6-A-0083-sw0.10-five_year-domain_augmented,True,
s6-A-0083-sw0.10-half_life_2-plain,True,
s6-A-0083-sw0.10-half_life_2-domain_augmented,True,
s6-A-0083-sw0.10-half_life_4-plain,True,
s6-A-0083-sw0.10-half_life_4-domain_augmented,True,
s6-A-0083-sw0.10-half_life_6-plain,True,
s6-A-0083-sw0.10-half_life_6-domain_augmented,True,
s6-A-0083-sw0.25-all_history-plain,True,
s6-A-0083-sw0.25-all_history-domain_augmented,True,
s6-A-0083-sw0.25-five_year-plain,True,
s6-A-0083-sw0.25-five_year-domain_augmented,True,
s6-A-0083-sw0.25-half_life_2-plain,True,
s6-A-0083-sw0.25-half_life_2-domain_augmented,True,
s6-A-0083-sw0.25-half_life_4-plain,True,
s6-A-0083-sw0.25-half_life_4-domain_augmented,True,
s6-A-0083-sw0.25-half_life_6-plain,True,
s6-A-0083-sw0.25-half_life_6-domain_augmented,True,
s6-A-0083-sw0.50-all_history-plain,True,
s6-A-0083-sw0.50-all_history-domain_augmented,True,
s6-A-0083-sw0.50-five_year-plain,True,
s6-A-0083-sw0.50-five_year-domain_augmented,True,
s6-A-0083-sw0.50-half_life_2-plain,True,
s6-A-0083-sw0.50-half_life_2-domain_augmented,True,
s6-A-0083-sw0.50-half_life_4-plain,True,
s6-A-0083-sw0.50-half_life_4-domain_augmented,True,
s6-A-0083-sw0.50-half_life_6-plain,True,
s6-A-0083-sw0.50-half_life_6-domain_augmented,True,
s6-A-0083-ensemble-0.25,True,requires compatible top pair
s6-A-0083-ensemble-0.50,True,requires compatible top pair
s6-A-0083-ensemble-0.75,True,requires compatible top pair
s6-A-0084-sw0.00-all_history-plain,True,
s6-A-0084-sw0.00-all_history-domain_augmented,True,
s6-A-0084-sw0.00-five_year-plain,True,
s6-A-0084-sw0.00-five_year-domain_augmented,True,
s6-A-0084-sw0.00-half_life_2-plain,True,
s6-A-0084-sw0.00-half_life_2-domain_augmented,True,
s6-A-0084-sw0.00-half_life_4-plain,True,
s6-A-0084-sw0.00-half_life_4-domain_augmented,True,
s6-A-0084-sw0.00-half_life_6-plain,True,
s6-A-0084-sw0.00-half_life_6-domain_augmented,True,
s6-A-0084-sw0.10-all_history-plain,True,
s6-A-0084-sw0.10-all_history-domain_augmented,True,
s6-A-0084-sw0.10-five_year-plain,True,
s6-A-0084-sw0.10-five_year-domain_augmented,True,
s6-A-0084-sw0.10-half_life_2-plain,True,
s6-A-0084-sw0.10-half_life_2-domain_augmented,True,
s6-A-0084-sw0.10-half_life_4-plain,True,
s6-A-0084-sw0.10-half_life_4-domain_augmented,True,
s6-A-0084-sw0.10-half_life_6-plain,True,
s6-A-0084-sw0.10-half_life_6-domain_augmented,True,
s6-A-0084-sw0.25-all_history-plain,True,
s6-A-0084-sw0.25-all_history-domain_augmented,True,
s6-A-0084-sw0.25-five_year-plain,True,
s6-A-0084-sw0.25-five_year-domain_augmented,True,
s6-A-0084-sw0.25-half_life_2-plain,True,
s6-A-0084-sw0.25-half_life_2-domain_augmented,True,
s6-A-0084-sw0.25-half_life_4-plain,True,
s6-A-0084-sw0.25-half_life_4-domain_augmented,True,
s6-A-0084-sw0.25-half_life_6-plain,True,
s6-A-0084-sw0.25-half_life_6-domain_augmented,True,
s6-A-0084-sw0.50-all_history-plain,True,
s6-A-0084-sw0.50-all_history-domain_augmented,True,
s6-A-0084-sw0.50-five_year-plain,True,
s6-A-0084-sw0.50-five_year-domain_augmented,True,
s6-A-0084-sw0.50-half_life_2-plain,True,
s6-A-0084-sw0.50-half_life_2-domain_augmented,True,
s6-A-0084-sw0.50-half_life_4-plain,True,
s6-A-0084-sw0.50-half_life_4-domain_augmented,True,
s6-A-0084-sw0.50-half_life_6-plain,True,
s6-A-0084-sw0.50-half_life_6-domain_augmented,True,
s6-A-0084-ensemble-0.25,True,requires compatible top pair
s6-A-0084-ensemble-0.50,True,requires compatible top pair
s6-A-0084-ensemble-0.75,True,requires compatible top pair
s6-A-0085-sw0.00-all_history-plain,True,
s6-A-0085-sw0.00-all_history-domain_augmented,True,
s6-A-0085-sw0.00-five_year-plain,True,
s6-A-0085-sw0.00-five_year-domain_augmented,True,
s6-A-0085-sw0.00-half_life_2-plain,True,
s6-A-0085-sw0.00-half_life_2-domain_augmented,True,
s6-A-0085-sw0.00-half_life_4-plain,True,
s6-A-0085-sw0.00-half_life_4-domain_augmented,True,
s6-A-0085-sw0.00-half_life_6-plain,True,
s6-A-0085-sw0.00-half_life_6-domain_augmented,True,
s6-A-0085-sw0.10-all_history-plain,True,
s6-A-0085-sw0.10-all_history-domain_augmented,True,
s6-A-0085-sw0.10-five_year-plain,True,
s6-A-0085-sw0.10-five_year-domain_augmented,True,
s6-A-0085-sw0.10-half_life_2-plain,True,
s6-A-0085-sw0.10-half_life_2-domain_augmented,True,
s6-A-0085-sw0.10-half_life_4-plain,True,
s6-A-0085-sw0.10-half_life_4-domain_augmented,True,
s6-A-0085-sw0.10-half_life_6-plain,True,
s6-A-0085-sw0.10-half_life_6-domain_augmented,True,
s6-A-0085-sw0.25-all_history-plain,True,
s6-A-0085-sw0.25-all_history-domain_augmented,True,
s6-A-0085-sw0.25-five_year-plain,True,
s6-A-0085-sw0.25-five_year-domain_augmented,True,
s6-A-0085-sw0.25-half_life_2-plain,True,
s6-A-0085-sw0.25-half_life_2-domain_augmented,True,
s6-A-0085-sw0.25-half_life_4-plain,True,
s6-A-0085-sw0.25-half_life_4-domain_augmented,True,
s6-A-0085-sw0.25-half_life_6-plain,True,
s6-A-0085-sw0.25-half_life_6-domain_augmented,True,
s6-A-0085-sw0.50-all_history-plain,True,
s6-A-0085-sw0.50-all_history-domain_augmented,True,
s6-A-0085-sw0.50-five_year-plain,True,
s6-A-0085-sw0.50-five_year-domain_augmented,True,
s6-A-0085-sw0.50-half_life_2-plain,True,
s6-A-0085-sw0.50-half_life_2-domain_augmented,True,
s6-A-0085-sw0.50-half_life_4-plain,True,
s6-A-0085-sw0.50-half_life_4-domain_augmented,True,
s6-A-0085-sw0.50-half_life_6-plain,True,
s6-A-0085-sw0.50-half_life_6-domain_augmented,True,
s6-A-0085-ensemble-0.25,True,requires compatible top pair
s6-A-0085-ensemble-0.50,True,requires compatible top pair
s6-A-0085-ensemble-0.75,True,requires compatible top pair
s6-A-0086-sw0.00-all_history-plain,True,
s6-A-0086-sw0.00-all_history-domain_augmented,True,
s6-A-0086-sw0.00-five_year-plain,True,
s6-A-0086-sw0.00-five_year-domain_augmented,True,
s6-A-0086-sw0.00-half_life_2-plain,True,
s6-A-0086-sw0.00-half_life_2-domain_augmented,True,
s6-A-0086-sw0.00-half_life_4-plain,True,
s6-A-0086-sw0.00-half_life_4-domain_augmented,True,
s6-A-0086-sw0.00-half_life_6-plain,True,
s6-A-0086-sw0.00-half_life_6-domain_augmented,True,
s6-A-0086-sw0.10-all_history-plain,True,
s6-A-0086-sw0.10-all_history-domain_augmented,True,
s6-A-0086-sw0.10-five_year-plain,True,
s6-A-0086-sw0.10-five_year-domain_augmented,True,
s6-A-0086-sw0.10-half_life_2-plain,True,
s6-A-0086-sw0.10-half_life_2-domain_augmented,True,
s6-A-0086-sw0.10-half_life_4-plain,True,
s6-A-0086-sw0.10-half_life_4-domain_augmented,True,
s6-A-0086-sw0.10-half_life_6-plain,True,
s6-A-0086-sw0.10-half_life_6-domain_augmented,True,
s6-A-0086-sw0.25-all_history-plain,True,
s6-A-0086-sw0.25-all_history-domain_augmented,True,
s6-A-0086-sw0.25-five_year-plain,True,
s6-A-0086-sw0.25-five_year-domain_augmented,True,
s6-A-0086-sw0.25-half_life_2-plain,True,
s6-A-0086-sw0.25-half_life_2-domain_augmented,True,
s6-A-0086-sw0.25-half_life_4-plain,True,
s6-A-0086-sw0.25-half_life_4-domain_augmented,True,
s6-A-0086-sw0.25-half_life_6-plain,True,
s6-A-0086-sw0.25-half_life_6-domain_augmented,True,
s6-A-0086-sw0.50-all_history-plain,True,
s6-A-0086-sw0.50-all_history-domain_augmented,True,
s6-A-0086-sw0.50-five_year-plain,True,
s6-A-0086-sw0.50-five_year-domain_augmented,True,
s6-A-0086-sw0.50-half_life_2-plain,True,
s6-A-0086-sw0.50-half_life_2-domain_augmented,True,
s6-A-0086-sw0.50-half_life_4-plain,True,
s6-A-0086-sw0.50-half_life_4-domain_augmented,True,
s6-A-0086-sw0.50-half_life_6-plain,True,
s6-A-0086-sw0.50-half_life_6-domain_augmented,True,
s6-A-0086-ensemble-0.25,True,requires compatible top pair
s6-A-0086-ensemble-0.50,True,requires compatible top pair
s6-A-0086-ensemble-0.75,True,requires compatible top pair
s6-A-0087-sw0.00-all_history-plain,True,
s6-A-0087-sw0.00-all_history-domain_augmented,True,
s6-A-0087-sw0.00-five_year-plain,True,
s6-A-0087-sw0.00-five_year-domain_augmented,True,
s6-A-0087-sw0.00-half_life_2-plain,True,
s6-A-0087-sw0.00-half_life_2-domain_augmented,True,
s6-A-0087-sw0.00-half_life_4-plain,True,
s6-A-0087-sw0.00-half_life_4-domain_augmented,True,
s6-A-0087-sw0.00-half_life_6-plain,True,
s6-A-0087-sw0.00-half_life_6-domain_augmented,True,
s6-A-0087-sw0.10-all_history-plain,True,
s6-A-0087-sw0.10-all_history-domain_augmented,True,
s6-A-0087-sw0.10-five_year-plain,True,
s6-A-0087-sw0.10-five_year-domain_augmented,True,
s6-A-0087-sw0.10-half_life_2-plain,True,
s6-A-0087-sw0.10-half_life_2-domain_augmented,True,
s6-A-0087-sw0.10-half_life_4-plain,True,
s6-A-0087-sw0.10-half_life_4-domain_augmented,True,
s6-A-0087-sw0.10-half_life_6-plain,True,
s6-A-0087-sw0.10-half_life_6-domain_augmented,True,
s6-A-0087-sw0.25-all_history-plain,True,
s6-A-0087-sw0.25-all_history-domain_augmented,True,
s6-A-0087-sw0.25-five_year-plain,True,
s6-A-0087-sw0.25-five_year-domain_augmented,True,
s6-A-0087-sw0.25-half_life_2-plain,True,
s6-A-0087-sw0.25-half_life_2-domain_augmented,True,
s6-A-0087-sw0.25-half_life_4-plain,True,
s6-A-0087-sw0.25-half_life_4-domain_augmented,True,
s6-A-0087-sw0.25-half_life_6-plain,True,
s6-A-0087-sw0.25-half_life_6-domain_augmented,True,
s6-A-0087-sw0.50-all_history-plain,True,
s6-A-0087-sw0.50-all_history-domain_augmented,True,
s6-A-0087-sw0.50-five_year-plain,True,
s6-A-0087-sw0.50-five_year-domain_augmented,True,
s6-A-0087-sw0.50-half_life_2-plain,True,
s6-A-0087-sw0.50-half_life_2-domain_augmented,True,
s6-A-0087-sw0.50-half_life_4-plain,True,
s6-A-0087-sw0.50-half_life_4-domain_augmented,True,
s6-A-0087-sw0.50-half_life_6-plain,True,
s6-A-0087-sw0.50-half_life_6-domain_augmented,True,
s6-A-0087-ensemble-0.25,True,requires compatible top pair
s6-A-0087-ensemble-0.50,True,requires compatible top pair
s6-A-0087-ensemble-0.75,True,requires compatible top pair
s6-A-0088-sw0.00-all_history-plain,True,
s6-A-0088-sw0.00-all_history-domain_augmented,True,
s6-A-0088-sw0.00-five_year-plain,True,
s6-A-0088-sw0.00-five_year-domain_augmented,True,
s6-A-0088-sw0.00-half_life_2-plain,True,
s6-A-0088-sw0.00-half_life_2-domain_augmented,True,
s6-A-0088-sw0.00-half_life_4-plain,True,
s6-A-0088-sw0.00-half_life_4-domain_augmented,True,
s6-A-0088-sw0.00-half_life_6-plain,True,
s6-A-0088-sw0.00-half_life_6-domain_augmented,True,
s6-A-0088-sw0.10-all_history-plain,True,
s6-A-0088-sw0.10-all_history-domain_augmented,True,
s6-A-0088-sw0.10-five_year-plain,True,
s6-A-0088-sw0.10-five_year-domain_augmented,True,
s6-A-0088-sw0.10-half_life_2-plain,True,
s6-A-0088-sw0.10-half_life_2-domain_augmented,True,
s6-A-0088-sw0.10-half_life_4-plain,True,
s6-A-0088-sw0.10-half_life_4-domain_augmented,True,
s6-A-0088-sw0.10-half_life_6-plain,True,
s6-A-0088-sw0.10-half_life_6-domain_augmented,True,
s6-A-0088-sw0.25-all_history-plain,True,
s6-A-0088-sw0.25-all_history-domain_augmented,True,
s6-A-0088-sw0.25-five_year-plain,True,
s6-A-0088-sw0.25-five_year-domain_augmented,True,
s6-A-0088-sw0.25-half_life_2-plain,True,
s6-A-0088-sw0.25-half_life_2-domain_augmented,True,
s6-A-0088-sw0.25-half_life_4-plain,True,
s6-A-0088-sw0.25-half_life_4-domain_augmented,True,
s6-A-0088-sw0.25-half_life_6-plain,True,
s6-A-0088-sw0.25-half_life_6-domain_augmented,True,
s6-A-0088-sw0.50-all_history-plain,True,
s6-A-0088-sw0.50-all_history-domain_augmented,True,
s6-A-0088-sw0.50-five_year-plain,True,
s6-A-0088-sw0.50-five_year-domain_augmented,True,
s6-A-0088-sw0.50-half_life_2-plain,True,
s6-A-0088-sw0.50-half_life_2-domain_augmented,True,
s6-A-0088-sw0.50-half_life_4-plain,True,
s6-A-0088-sw0.50-half_life_4-domain_augmented,True,
s6-A-0088-sw0.50-half_life_6-plain,True,
s6-A-0088-sw0.50-half_life_6-domain_augmented,True,
s6-A-0088-ensemble-0.25,True,requires compatible top pair
s6-A-0088-ensemble-0.50,True,requires compatible top pair
s6-A-0088-ensemble-0.75,True,requires compatible top pair
s6-A-0089-sw0.00-all_history-plain,True,
s6-A-0089-sw0.00-all_history-domain_augmented,True,
s6-A-0089-sw0.00-five_year-plain,True,
s6-A-0089-sw0.00-five_year-domain_augmented,True,
s6-A-0089-sw0.00-half_life_2-plain,True,
s6-A-0089-sw0.00-half_life_2-domain_augmented,True,
s6-A-0089-sw0.00-half_life_4-plain,True,
s6-A-0089-sw0.00-half_life_4-domain_augmented,True,
s6-A-0089-sw0.00-half_life_6-plain,True,
s6-A-0089-sw0.00-half_life_6-domain_augmented,True,
s6-A-0089-sw0.10-all_history-plain,True,
s6-A-0089-sw0.10-all_history-domain_augmented,True,
s6-A-0089-sw0.10-five_year-plain,True,
s6-A-0089-sw0.10-five_year-domain_augmented,True,
s6-A-0089-sw0.10-half_life_2-plain,True,
s6-A-0089-sw0.10-half_life_2-domain_augmented,True,
s6-A-0089-sw0.10-half_life_4-plain,True,
s6-A-0089-sw0.10-half_life_4-domain_augmented,True,
s6-A-0089-sw0.10-half_life_6-plain,True,
s6-A-0089-sw0.10-half_life_6-domain_augmented,True,
s6-A-0089-sw0.25-all_history-plain,True,
s6-A-0089-sw0.25-all_history-domain_augmented,True,
s6-A-0089-sw0.25-five_year-plain,True,
s6-A-0089-sw0.25-five_year-domain_augmented,True,
s6-A-0089-sw0.25-half_life_2-plain,True,
s6-A-0089-sw0.25-half_life_2-domain_augmented,True,
s6-A-0089-sw0.25-half_life_4-plain,True,
s6-A-0089-sw0.25-half_life_4-domain_augmented,True,
s6-A-0089-sw0.25-half_life_6-plain,True,
s6-A-0089-sw0.25-half_life_6-domain_augmented,True,
s6-A-0089-sw0.50-all_history-plain,True,
s6-A-0089-sw0.50-all_history-domain_augmented,True,
s6-A-0089-sw0.50-five_year-plain,True,
s6-A-0089-sw0.50-five_year-domain_augmented,True,
s6-A-0089-sw0.50-half_life_2-plain,True,
s6-A-0089-sw0.50-half_life_2-domain_augmented,True,
s6-A-0089-sw0.50-half_life_4-plain,True,
s6-A-0089-sw0.50-half_life_4-domain_augmented,True,
s6-A-0089-sw0.50-half_life_6-plain,True,
s6-A-0089-sw0.50-half_life_6-domain_augmented,True,
s6-A-0089-ensemble-0.25,True,requires compatible top pair
s6-A-0089-ensemble-0.50,True,requires compatible top pair
s6-A-0089-ensemble-0.75,True,requires compatible top pair
s6-A-0090-sw0.00-all_history-plain,True,
s6-A-0090-sw0.00-all_history-domain_augmented,True,
s6-A-0090-sw0.00-five_year-plain,True,
s6-A-0090-sw0.00-five_year-domain_augmented,True,
s6-A-0090-sw0.00-half_life_2-plain,True,
s6-A-0090-sw0.00-half_life_2-domain_augmented,True,
s6-A-0090-sw0.00-half_life_4-plain,True,
s6-A-0090-sw0.00-half_life_4-domain_augmented,True,
s6-A-0090-sw0.00-half_life_6-plain,True,
s6-A-0090-sw0.00-half_life_6-domain_augmented,True,
s6-A-0090-sw0.10-all_history-plain,True,
s6-A-0090-sw0.10-all_history-domain_augmented,True,
s6-A-0090-sw0.10-five_year-plain,True,
s6-A-0090-sw0.10-five_year-domain_augmented,True,
s6-A-0090-sw0.10-half_life_2-plain,True,
s6-A-0090-sw0.10-half_life_2-domain_augmented,True,
s6-A-0090-sw0.10-half_life_4-plain,True,
s6-A-0090-sw0.10-half_life_4-domain_augmented,True,
s6-A-0090-sw0.10-half_life_6-plain,True,
s6-A-0090-sw0.10-half_life_6-domain_augmented,True,
s6-A-0090-sw0.25-all_history-plain,True,
s6-A-0090-sw0.25-all_history-domain_augmented,True,
s6-A-0090-sw0.25-five_year-plain,True,
s6-A-0090-sw0.25-five_year-domain_augmented,True,
s6-A-0090-sw0.25-half_life_2-plain,True,
s6-A-0090-sw0.25-half_life_2-domain_augmented,True,
s6-A-0090-sw0.25-half_life_4-plain,True,
s6-A-0090-sw0.25-half_life_4-domain_augmented,True,
s6-A-0090-sw0.25-half_life_6-plain,True,
s6-A-0090-sw0.25-half_life_6-domain_augmented,True,
s6-A-0090-sw0.50-all_history-plain,True,
s6-A-0090-sw0.50-all_history-domain_augmented,True,
s6-A-0090-sw0.50-five_year-plain,True,
s6-A-0090-sw0.50-five_year-domain_augmented,True,
s6-A-0090-sw0.50-half_life_2-plain,True,
s6-A-0090-sw0.50-half_life_2-domain_augmented,True,
s6-A-0090-sw0.50-half_life_4-plain,True,
s6-A-0090-sw0.50-half_life_4-domain_augmented,True,
s6-A-0090-sw0.50-half_life_6-plain,True,
s6-A-0090-sw0.50-half_life_6-domain_augmented,True,
s6-A-0090-ensemble-0.25,True,requires compatible top pair
s6-A-0090-ensemble-0.50,True,requires compatible top pair
s6-A-0090-ensemble-0.75,True,requires compatible top pair
s6-A-0091-sw0.00-all_history-plain,True,
s6-A-0091-sw0.00-all_history-domain_augmented,True,
s6-A-0091-sw0.00-five_year-plain,True,
s6-A-0091-sw0.00-five_year-domain_augmented,True,
s6-A-0091-sw0.00-half_life_2-plain,True,
s6-A-0091-sw0.00-half_life_2-domain_augmented,True,
s6-A-0091-sw0.00-half_life_4-plain,True,
s6-A-0091-sw0.00-half_life_4-domain_augmented,True,
s6-A-0091-sw0.00-half_life_6-plain,True,
s6-A-0091-sw0.00-half_life_6-domain_augmented,True,
s6-A-0091-sw0.10-all_history-plain,True,
s6-A-0091-sw0.10-all_history-domain_augmented,True,
s6-A-0091-sw0.10-five_year-plain,True,
s6-A-0091-sw0.10-five_year-domain_augmented,True,
s6-A-0091-sw0.10-half_life_2-plain,True,
s6-A-0091-sw0.10-half_life_2-domain_augmented,True,
s6-A-0091-sw0.10-half_life_4-plain,True,
s6-A-0091-sw0.10-half_life_4-domain_augmented,True,
s6-A-0091-sw0.10-half_life_6-plain,True,
s6-A-0091-sw0.10-half_life_6-domain_augmented,True,
s6-A-0091-sw0.25-all_history-plain,True,
s6-A-0091-sw0.25-all_history-domain_augmented,True,
s6-A-0091-sw0.25-five_year-plain,True,
s6-A-0091-sw0.25-five_year-domain_augmented,True,
s6-A-0091-sw0.25-half_life_2-plain,True,
s6-A-0091-sw0.25-half_life_2-domain_augmented,True,
s6-A-0091-sw0.25-half_life_4-plain,True,
s6-A-0091-sw0.25-half_life_4-domain_augmented,True,
s6-A-0091-sw0.25-half_life_6-plain,True,
s6-A-0091-sw0.25-half_life_6-domain_augmented,True,
s6-A-0091-sw0.50-all_history-plain,True,
s6-A-0091-sw0.50-all_history-domain_augmented,True,
s6-A-0091-sw0.50-five_year-plain,True,
s6-A-0091-sw0.50-five_year-domain_augmented,True,
s6-A-0091-sw0.50-half_life_2-plain,True,
s6-A-0091-sw0.50-half_life_2-domain_augmented,True,
s6-A-0091-sw0.50-half_life_4-plain,True,
s6-A-0091-sw0.50-half_life_4-domain_augmented,True,
s6-A-0091-sw0.50-half_life_6-plain,True,
s6-A-0091-sw0.50-half_life_6-domain_augmented,True,
s6-A-0091-ensemble-0.25,True,requires compatible top pair
s6-A-0091-ensemble-0.50,True,requires compatible top pair
s6-A-0091-ensemble-0.75,True,requires compatible top pair
s6-A-0092-sw0.00-all_history-plain,True,
s6-A-0092-sw0.00-all_history-domain_augmented,True,
s6-A-0092-sw0.00-five_year-plain,True,
s6-A-0092-sw0.00-five_year-domain_augmented,True,
s6-A-0092-sw0.00-half_life_2-plain,True,
s6-A-0092-sw0.00-half_life_2-domain_augmented,True,
s6-A-0092-sw0.00-half_life_4-plain,True,
s6-A-0092-sw0.00-half_life_4-domain_augmented,True,
s6-A-0092-sw0.00-half_life_6-plain,True,
s6-A-0092-sw0.00-half_life_6-domain_augmented,True,
s6-A-0092-sw0.10-all_history-plain,True,
s6-A-0092-sw0.10-all_history-domain_augmented,True,
s6-A-0092-sw0.10-five_year-plain,True,
s6-A-0092-sw0.10-five_year-domain_augmented,True,
s6-A-0092-sw0.10-half_life_2-plain,True,
s6-A-0092-sw0.10-half_life_2-domain_augmented,True,
s6-A-0092-sw0.10-half_life_4-plain,True,
s6-A-0092-sw0.10-half_life_4-domain_augmented,True,
s6-A-0092-sw0.10-half_life_6-plain,True,
s6-A-0092-sw0.10-half_life_6-domain_augmented,True,
s6-A-0092-sw0.25-all_history-plain,True,
s6-A-0092-sw0.25-all_history-domain_augmented,True,
s6-A-0092-sw0.25-five_year-plain,True,
s6-A-0092-sw0.25-five_year-domain_augmented,True,
s6-A-0092-sw0.25-half_life_2-plain,True,
s6-A-0092-sw0.25-half_life_2-domain_augmented,True,
s6-A-0092-sw0.25-half_life_4-plain,True,
s6-A-0092-sw0.25-half_life_4-domain_augmented,True,
s6-A-0092-sw0.25-half_life_6-plain,True,
s6-A-0092-sw0.25-half_life_6-domain_augmented,True,
s6-A-0092-sw0.50-all_history-plain,True,
s6-A-0092-sw0.50-all_history-domain_augmented,True,
s6-A-0092-sw0.50-five_year-plain,True,
s6-A-0092-sw0.50-five_year-domain_augmented,True,
s6-A-0092-sw0.50-half_life_2-plain,True,
s6-A-0092-sw0.50-half_life_2-domain_augmented,True,
s6-A-0092-sw0.50-half_life_4-plain,True,
s6-A-0092-sw0.50-half_life_4-domain_augmented,True,
s6-A-0092-sw0.50-half_life_6-plain,True,
s6-A-0092-sw0.50-half_life_6-domain_augmented,True,
s6-A-0092-ensemble-0.25,True,requires compatible top pair
s6-A-0092-ensemble-0.50,True,requires compatible top pair
s6-A-0092-ensemble-0.75,True,requires compatible top pair
s6-A-0093-sw0.00-all_history-plain,True,
s6-A-0093-sw0.00-all_history-domain_augmented,True,
s6-A-0093-sw0.00-five_year-plain,True,
s6-A-0093-sw0.00-five_year-domain_augmented,True,
s6-A-0093-sw0.00-half_life_2-plain,True,
s6-A-0093-sw0.00-half_life_2-domain_augmented,True,
s6-A-0093-sw0.00-half_life_4-plain,True,
s6-A-0093-sw0.00-half_life_4-domain_augmented,True,
s6-A-0093-sw0.00-half_life_6-plain,True,
s6-A-0093-sw0.00-half_life_6-domain_augmented,True,
s6-A-0093-sw0.10-all_history-plain,True,
s6-A-0093-sw0.10-all_history-domain_augmented,True,
s6-A-0093-sw0.10-five_year-plain,True,
s6-A-0093-sw0.10-five_year-domain_augmented,True,
s6-A-0093-sw0.10-half_life_2-plain,True,
s6-A-0093-sw0.10-half_life_2-domain_augmented,True,
s6-A-0093-sw0.10-half_life_4-plain,True,
s6-A-0093-sw0.10-half_life_4-domain_augmented,True,
s6-A-0093-sw0.10-half_life_6-plain,True,
s6-A-0093-sw0.10-half_life_6-domain_augmented,True,
s6-A-0093-sw0.25-all_history-plain,True,
s6-A-0093-sw0.25-all_history-domain_augmented,True,
s6-A-0093-sw0.25-five_year-plain,True,
s6-A-0093-sw0.25-five_year-domain_augmented,True,
s6-A-0093-sw0.25-half_life_2-plain,True,
s6-A-0093-sw0.25-half_life_2-domain_augmented,True,
s6-A-0093-sw0.25-half_life_4-plain,True,
s6-A-0093-sw0.25-half_life_4-domain_augmented,True,
s6-A-0093-sw0.25-half_life_6-plain,True,
s6-A-0093-sw0.25-half_life_6-domain_augmented,True,
s6-A-0093-sw0.50-all_history-plain,True,
s6-A-0093-sw0.50-all_history-domain_augmented,True,
s6-A-0093-sw0.50-five_year-plain,True,
s6-A-0093-sw0.50-five_year-domain_augmented,True,
s6-A-0093-sw0.50-half_life_2-plain,True,
s6-A-0093-sw0.50-half_life_2-domain_augmented,True,
s6-A-0093-sw0.50-half_life_4-plain,True,
s6-A-0093-sw0.50-half_life_4-domain_augmented,True,
s6-A-0093-sw0.50-half_life_6-plain,True,
s6-A-0093-sw0.50-half_life_6-domain_augmented,True,
s6-A-0093-ensemble-0.25,True,requires compatible top pair
s6-A-0093-ensemble-0.50,True,requires compatible top pair
s6-A-0093-ensemble-0.75,True,requires compatible top pair
s6-A-0094-sw0.00-all_history-plain,True,
s6-A-0094-sw0.00-all_history-domain_augmented,True,
s6-A-0094-sw0.00-five_year-plain,True,
s6-A-0094-sw0.00-five_year-domain_augmented,True,
s6-A-0094-sw0.00-half_life_2-plain,True,
s6-A-0094-sw0.00-half_life_2-domain_augmented,True,
s6-A-0094-sw0.00-half_life_4-plain,True,
s6-A-0094-sw0.00-half_life_4-domain_augmented,True,
s6-A-0094-sw0.00-half_life_6-plain,True,
s6-A-0094-sw0.00-half_life_6-domain_augmented,True,
s6-A-0094-sw0.10-all_history-plain,True,
s6-A-0094-sw0.10-all_history-domain_augmented,True,
s6-A-0094-sw0.10-five_year-plain,True,
s6-A-0094-sw0.10-five_year-domain_augmented,True,
s6-A-0094-sw0.10-half_life_2-plain,True,
s6-A-0094-sw0.10-half_life_2-domain_augmented,True,
s6-A-0094-sw0.10-half_life_4-plain,True,
s6-A-0094-sw0.10-half_life_4-domain_augmented,True,
s6-A-0094-sw0.10-half_life_6-plain,True,
s6-A-0094-sw0.10-half_life_6-domain_augmented,True,
s6-A-0094-sw0.25-all_history-plain,True,
s6-A-0094-sw0.25-all_history-domain_augmented,True,
s6-A-0094-sw0.25-five_year-plain,True,
s6-A-0094-sw0.25-five_year-domain_augmented,True,
s6-A-0094-sw0.25-half_life_2-plain,True,
s6-A-0094-sw0.25-half_life_2-domain_augmented,True,
s6-A-0094-sw0.25-half_life_4-plain,True,
s6-A-0094-sw0.25-half_life_4-domain_augmented,True,
s6-A-0094-sw0.25-half_life_6-plain,True,
s6-A-0094-sw0.25-half_life_6-domain_augmented,True,
s6-A-0094-sw0.50-all_history-plain,True,
s6-A-0094-sw0.50-all_history-domain_augmented,True,
s6-A-0094-sw0.50-five_year-plain,True,
s6-A-0094-sw0.50-five_year-domain_augmented,True,
s6-A-0094-sw0.50-half_life_2-plain,True,
s6-A-0094-sw0.50-half_life_2-domain_augmented,True,
s6-A-0094-sw0.50-half_life_4-plain,True,
s6-A-0094-sw0.50-half_life_4-domain_augmented,True,
s6-A-0094-sw0.50-half_life_6-plain,True,
s6-A-0094-sw0.50-half_life_6-domain_augmented,True,
s6-A-0094-ensemble-0.25,True,requires compatible top pair
s6-A-0094-ensemble-0.50,True,requires compatible top pair
s6-A-0094-ensemble-0.75,True,requires compatible top pair
s6-A-0095-sw0.00-all_history-plain,True,
s6-A-0095-sw0.00-all_history-domain_augmented,True,
s6-A-0095-sw0.00-five_year-plain,True,
s6-A-0095-sw0.00-five_year-domain_augmented,True,
s6-A-0095-sw0.00-half_life_2-plain,True,
s6-A-0095-sw0.00-half_life_2-domain_augmented,True,
s6-A-0095-sw0.00-half_life_4-plain,True,
s6-A-0095-sw0.00-half_life_4-domain_augmented,True,
s6-A-0095-sw0.00-half_life_6-plain,True,
s6-A-0095-sw0.00-half_life_6-domain_augmented,True,
s6-A-0095-sw0.10-all_history-plain,True,
s6-A-0095-sw0.10-all_history-domain_augmented,True,
s6-A-0095-sw0.10-five_year-plain,True,
s6-A-0095-sw0.10-five_year-domain_augmented,True,
s6-A-0095-sw0.10-half_life_2-plain,True,
s6-A-0095-sw0.10-half_life_2-domain_augmented,True,
s6-A-0095-sw0.10-half_life_4-plain,True,
s6-A-0095-sw0.10-half_life_4-domain_augmented,True,
s6-A-0095-sw0.10-half_life_6-plain,True,
s6-A-0095-sw0.10-half_life_6-domain_augmented,True,
s6-A-0095-sw0.25-all_history-plain,True,
s6-A-0095-sw0.25-all_history-domain_augmented,True,
s6-A-0095-sw0.25-five_year-plain,True,
s6-A-0095-sw0.25-five_year-domain_augmented,True,
s6-A-0095-sw0.25-half_life_2-plain,True,
s6-A-0095-sw0.25-half_life_2-domain_augmented,True,
s6-A-0095-sw0.25-half_life_4-plain,True,
s6-A-0095-sw0.25-half_life_4-domain_augmented,True,
s6-A-0095-sw0.25-half_life_6-plain,True,
s6-A-0095-sw0.25-half_life_6-domain_augmented,True,
s6-A-0095-sw0.50-all_history-plain,True,
s6-A-0095-sw0.50-all_history-domain_augmented,True,
s6-A-0095-sw0.50-five_year-plain,True,
s6-A-0095-sw0.50-five_year-domain_augmented,True,
s6-A-0095-sw0.50-half_life_2-plain,True,
s6-A-0095-sw0.50-half_life_2-domain_augmented,True,
s6-A-0095-sw0.50-half_life_4-plain,True,
s6-A-0095-sw0.50-half_life_4-domain_augmented,True,
s6-A-0095-sw0.50-half_life_6-plain,True,
s6-A-0095-sw0.50-half_life_6-domain_augmented,True,
s6-A-0095-ensemble-0.25,True,requires compatible top pair
s6-A-0095-ensemble-0.50,True,requires compatible top pair
s6-A-0095-ensemble-0.75,True,requires compatible top pair
s6-A-0096-sw0.00-all_history-plain,True,
s6-A-0096-sw0.00-all_history-domain_augmented,True,
s6-A-0096-sw0.00-five_year-plain,True,
s6-A-0096-sw0.00-five_year-domain_augmented,True,
s6-A-0096-sw0.00-half_life_2-plain,True,
s6-A-0096-sw0.00-half_life_2-domain_augmented,True,
s6-A-0096-sw0.00-half_life_4-plain,True,
s6-A-0096-sw0.00-half_life_4-domain_augmented,True,
s6-A-0096-sw0.00-half_life_6-plain,True,
s6-A-0096-sw0.00-half_life_6-domain_augmented,True,
s6-A-0096-sw0.10-all_history-plain,True,
s6-A-0096-sw0.10-all_history-domain_augmented,True,
s6-A-0096-sw0.10-five_year-plain,True,
s6-A-0096-sw0.10-five_year-domain_augmented,True,
s6-A-0096-sw0.10-half_life_2-plain,True,
s6-A-0096-sw0.10-half_life_2-domain_augmented,True,
s6-A-0096-sw0.10-half_life_4-plain,True,
s6-A-0096-sw0.10-half_life_4-domain_augmented,True,
s6-A-0096-sw0.10-half_life_6-plain,True,
s6-A-0096-sw0.10-half_life_6-domain_augmented,True,
s6-A-0096-sw0.25-all_history-plain,True,
s6-A-0096-sw0.25-all_history-domain_augmented,True,
s6-A-0096-sw0.25-five_year-plain,True,
s6-A-0096-sw0.25-five_year-domain_augmented,True,
s6-A-0096-sw0.25-half_life_2-plain,True,
s6-A-0096-sw0.25-half_life_2-domain_augmented,True,
s6-A-0096-sw0.25-half_life_4-plain,True,
s6-A-0096-sw0.25-half_life_4-domain_augmented,True,
s6-A-0096-sw0.25-half_life_6-plain,True,
s6-A-0096-sw0.25-half_life_6-domain_augmented,True,
s6-A-0096-sw0.50-all_history-plain,True,
s6-A-0096-sw0.50-all_history-domain_augmented,True,
s6-A-0096-sw0.50-five_year-plain,True,
s6-A-0096-sw0.50-five_year-domain_augmented,True,
s6-A-0096-sw0.50-half_life_2-plain,True,
s6-A-0096-sw0.50-half_life_2-domain_augmented,True,
s6-A-0096-sw0.50-half_life_4-plain,True,
s6-A-0096-sw0.50-half_life_4-domain_augmented,True,
s6-A-0096-sw0.50-half_life_6-plain,True,
s6-A-0096-sw0.50-half_life_6-domain_augmented,True,
s6-A-0097-sw0.00-all_history-plain,True,
s6-A-0097-sw0.00-all_history-domain_augmented,True,
s6-A-0097-sw0.00-five_year-plain,True,
s6-A-0097-sw0.00-five_year-domain_augmented,True,
s6-A-0097-sw0.00-half_life_2-plain,True,
s6-A-0097-sw0.00-half_life_2-domain_augmented,True,
s6-A-0097-sw0.00-half_life_4-plain,True,
s6-A-0097-sw0.00-half_life_4-domain_augmented,True,
s6-A-0097-sw0.00-half_life_6-plain,True,
s6-A-0097-sw0.00-half_life_6-domain_augmented,True,
s6-A-0097-sw0.10-all_history-plain,True,
s6-A-0097-sw0.10-all_history-domain_augmented,True,
s6-A-0097-sw0.10-five_year-plain,True,
s6-A-0097-sw0.10-five_year-domain_augmented,True,
s6-A-0097-sw0.10-half_life_2-plain,True,
s6-A-0097-sw0.10-half_life_2-domain_augmented,True,
s6-A-0097-sw0.10-half_life_4-plain,True,
s6-A-0097-sw0.10-half_life_4-domain_augmented,True,
s6-A-0097-sw0.10-half_life_6-plain,True,
s6-A-0097-sw0.10-half_life_6-domain_augmented,True,
s6-A-0097-sw0.25-all_history-plain,True,
s6-A-0097-sw0.25-all_history-domain_augmented,True,
s6-A-0097-sw0.25-five_year-plain,True,
s6-A-0097-sw0.25-five_year-domain_augmented,True,
s6-A-0097-sw0.25-half_life_2-plain,True,
s6-A-0097-sw0.25-half_life_2-domain_augmented,True,
s6-A-0097-sw0.25-half_life_4-plain,True,
s6-A-0097-sw0.25-half_life_4-domain_augmented,True,
s6-A-0097-sw0.25-half_life_6-plain,True,
s6-A-0097-sw0.25-half_life_6-domain_augmented,True,
s6-A-0097-sw0.50-all_history-plain,True,
s6-A-0097-sw0.50-all_history-domain_augmented,True,
s6-A-0097-sw0.50-five_year-plain,True,
s6-A-0097-sw0.50-five_year-domain_augmented,True,
s6-A-0097-sw0.50-half_life_2-plain,True,
s6-A-0097-sw0.50-half_life_2-domain_augmented,True,
s6-A-0097-sw0.50-half_life_4-plain,True,
s6-A-0097-sw0.50-half_life_4-domain_augmented,True,
s6-A-0097-sw0.50-half_life_6-plain,True,
s6-A-0097-sw0.50-half_life_6-domain_augmented,True,
s6-A-0098-sw0.00-all_history-plain,True,
s6-A-0098-sw0.00-all_history-domain_augmented,True,
s6-A-0098-sw0.00-five_year-plain,True,
s6-A-0098-sw0.00-five_year-domain_augmented,True,
s6-A-0098-sw0.00-half_life_2-plain,True,
s6-A-0098-sw0.00-half_life_2-domain_augmented,True,
s6-A-0098-sw0.00-half_life_4-plain,True,
s6-A-0098-sw0.00-half_life_4-domain_augmented,True,
s6-A-0098-sw0.00-half_life_6-plain,True,
s6-A-0098-sw0.00-half_life_6-domain_augmented,True,
s6-A-0098-sw0.10-all_history-plain,True,
s6-A-0098-sw0.10-all_history-domain_augmented,True,
s6-A-0098-sw0.10-five_year-plain,True,
s6-A-0098-sw0.10-five_year-domain_augmented,True,
s6-A-0098-sw0.10-half_life_2-plain,True,
s6-A-0098-sw0.10-half_life_2-domain_augmented,True,
s6-A-0098-sw0.10-half_life_4-plain,True,
s6-A-0098-sw0.10-half_life_4-domain_augmented,True,
s6-A-0098-sw0.10-half_life_6-plain,True,
s6-A-0098-sw0.10-half_life_6-domain_augmented,True,
s6-A-0098-sw0.25-all_history-plain,True,
s6-A-0098-sw0.25-all_history-domain_augmented,True,
s6-A-0098-sw0.25-five_year-plain,True,
s6-A-0098-sw0.25-five_year-domain_augmented,True,
s6-A-0098-sw0.25-half_life_2-plain,True,
s6-A-0098-sw0.25-half_life_2-domain_augmented,True,
s6-A-0098-sw0.25-half_life_4-plain,True,
s6-A-0098-sw0.25-half_life_4-domain_augmented,True,
s6-A-0098-sw0.25-half_life_6-plain,True,
s6-A-0098-sw0.25-half_life_6-domain_augmented,True,
s6-A-0098-sw0.50-all_history-plain,True,
s6-A-0098-sw0.50-all_history-domain_augmented,True,
s6-A-0098-sw0.50-five_year-plain,True,
s6-A-0098-sw0.50-five_year-domain_augmented,True,
s6-A-0098-sw0.50-half_life_2-plain,True,
s6-A-0098-sw0.50-half_life_2-domain_augmented,True,
s6-A-0098-sw0.50-half_life_4-plain,True,
s6-A-0098-sw0.50-half_life_4-domain_augmented,True,
s6-A-0098-sw0.50-half_life_6-plain,True,
s6-A-0098-sw0.50-half_life_6-domain_augmented,True,
s6-A-0099-sw0.00-all_history-plain,True,
s6-A-0099-sw0.00-all_history-domain_augmented,True,
s6-A-0099-sw0.00-five_year-plain,True,
s6-A-0099-sw0.00-five_year-domain_augmented,True,
s6-A-0099-sw0.00-half_life_2-plain,True,
s6-A-0099-sw0.00-half_life_2-domain_augmented,True,
s6-A-0099-sw0.00-half_life_4-plain,True,
s6-A-0099-sw0.00-half_life_4-domain_augmented,True,
s6-A-0099-sw0.00-half_life_6-plain,True,
s6-A-0099-sw0.00-half_life_6-domain_augmented,True,
s6-A-0099-sw0.10-all_history-plain,True,
s6-A-0099-sw0.10-all_history-domain_augmented,True,
s6-A-0099-sw0.10-five_year-plain,True,
s6-A-0099-sw0.10-five_year-domain_augmented,True,
s6-A-0099-sw0.10-half_life_2-plain,True,
s6-A-0099-sw0.10-half_life_2-domain_augmented,True,
s6-A-0099-sw0.10-half_life_4-plain,True,
s6-A-0099-sw0.10-half_life_4-domain_augmented,True,
s6-A-0099-sw0.10-half_life_6-plain,True,
s6-A-0099-sw0.10-half_life_6-domain_augmented,True,
s6-A-0099-sw0.25-all_history-plain,True,
s6-A-0099-sw0.25-all_history-domain_augmented,True,
s6-A-0099-sw0.25-five_year-plain,True,
s6-A-0099-sw0.25-five_year-domain_augmented,True,
s6-A-0099-sw0.25-half_life_2-plain,True,
s6-A-0099-sw0.25-half_life_2-domain_augmented,True,
s6-A-0099-sw0.25-half_life_4-plain,True,
s6-A-0099-sw0.25-half_life_4-domain_augmented,True,
s6-A-0099-sw0.25-half_life_6-plain,True,
s6-A-0099-sw0.25-half_life_6-domain_augmented,True,
s6-A-0099-sw0.50-all_history-plain,True,
s6-A-0099-sw0.50-all_history-domain_augmented,True,
s6-A-0099-sw0.50-five_year-plain,True,
s6-A-0099-sw0.50-five_year-domain_augmented,True,
s6-A-0099-sw0.50-half_life_2-plain,True,
s6-A-0099-sw0.50-half_life_2-domain_augmented,True,
s6-A-0099-sw0.50-half_life_4-plain,True,
s6-A-0099-sw0.50-half_life_4-domain_augmented,True,
s6-A-0099-sw0.50-half_life_6-plain,True,
s6-A-0099-sw0.50-half_life_6-domain_augmented,True,
s6-A-0100-sw0.00-all_history-plain,True,
s6-A-0100-sw0.00-all_history-domain_augmented,True,
s6-A-0100-sw0.00-five_year-plain,True,
s6-A-0100-sw0.00-five_year-domain_augmented,True,
s6-A-0100-sw0.00-half_life_2-plain,True,
s6-A-0100-sw0.00-half_life_2-domain_augmented,True,
s6-A-0100-sw0.00-half_life_4-plain,True,
s6-A-0100-sw0.00-half_life_4-domain_augmented,True,
s6-A-0100-sw0.00-half_life_6-plain,True,
s6-A-0100-sw0.00-half_life_6-domain_augmented,True,
s6-A-0100-sw0.10-all_history-plain,True,
s6-A-0100-sw0.10-all_history-domain_augmented,True,
s6-A-0100-sw0.10-five_year-plain,True,
s6-A-0100-sw0.10-five_year-domain_augmented,True,
s6-A-0100-sw0.10-half_life_2-plain,True,
s6-A-0100-sw0.10-half_life_2-domain_augmented,True,
s6-A-0100-sw0.10-half_life_4-plain,True,
s6-A-0100-sw0.10-half_life_4-domain_augmented,True,
s6-A-0100-sw0.10-half_life_6-plain,True,
s6-A-0100-sw0.10-half_life_6-domain_augmented,True,
s6-A-0100-sw0.25-all_history-plain,True,
s6-A-0100-sw0.25-all_history-domain_augmented,True,
s6-A-0100-sw0.25-five_year-plain,True,
s6-A-0100-sw0.25-five_year-domain_augmented,True,
s6-A-0100-sw0.25-half_life_2-plain,True,
s6-A-0100-sw0.25-half_life_2-domain_augmented,True,
s6-A-0100-sw0.25-half_life_4-plain,True,
s6-A-0100-sw0.25-half_life_4-domain_augmented,True,
s6-A-0100-sw0.25-half_life_6-plain,True,
s6-A-0100-sw0.25-half_life_6-domain_augmented,True,
s6-A-0100-sw0.50-all_history-plain,True,
s6-A-0100-sw0.50-all_history-domain_augmented,True,
s6-A-0100-sw0.50-five_year-plain,True,
s6-A-0100-sw0.50-five_year-domain_augmented,True,
s6-A-0100-sw0.50-half_life_2-plain,True,
s6-A-0100-sw0.50-half_life_2-domain_augmented,True,
s6-A-0100-sw0.50-half_life_4-plain,True,
s6-A-0100-sw0.50-half_life_4-domain_augmented,True,
s6-A-0100-sw0.50-half_life_6-plain,True,
s6-A-0100-sw0.50-half_life_6-domain_augmented,True,
s6-A-0101-sw0.00-all_history-plain,True,
s6-A-0101-sw0.00-all_history-domain_augmented,True,
s6-A-0101-sw0.00-five_year-plain,True,
s6-A-0101-sw0.00-five_year-domain_augmented,True,
s6-A-0101-sw0.00-half_life_2-plain,True,
s6-A-0101-sw0.00-half_life_2-domain_augmented,True,
s6-A-0101-sw0.00-half_life_4-plain,True,
s6-A-0101-sw0.00-half_life_4-domain_augmented,True,
s6-A-0101-sw0.00-half_life_6-plain,True,
s6-A-0101-sw0.00-half_life_6-domain_augmented,True,
s6-A-0101-sw0.10-all_history-plain,True,
s6-A-0101-sw0.10-all_history-domain_augmented,True,
s6-A-0101-sw0.10-five_year-plain,True,
s6-A-0101-sw0.10-five_year-domain_augmented,True,
s6-A-0101-sw0.10-half_life_2-plain,True,
s6-A-0101-sw0.10-half_life_2-domain_augmented,True,
s6-A-0101-sw0.10-half_life_4-plain,True,
s6-A-0101-sw0.10-half_life_4-domain_augmented,True,
s6-A-0101-sw0.10-half_life_6-plain,True,
s6-A-0101-sw0.10-half_life_6-domain_augmented,True,
s6-A-0101-sw0.25-all_history-plain,True,
s6-A-0101-sw0.25-all_history-domain_augmented,True,
s6-A-0101-sw0.25-five_year-plain,True,
s6-A-0101-sw0.25-five_year-domain_augmented,True,
s6-A-0101-sw0.25-half_life_2-plain,True,
s6-A-0101-sw0.25-half_life_2-domain_augmented,True,
s6-A-0101-sw0.25-half_life_4-plain,True,
s6-A-0101-sw0.25-half_life_4-domain_augmented,True,
s6-A-0101-sw0.25-half_life_6-plain,True,
s6-A-0101-sw0.25-half_life_6-domain_augmented,True,
s6-A-0101-sw0.50-all_history-plain,True,
s6-A-0101-sw0.50-all_history-domain_augmented,True,
s6-A-0101-sw0.50-five_year-plain,True,
s6-A-0101-sw0.50-five_year-domain_augmented,True,
s6-A-0101-sw0.50-half_life_2-plain,True,
s6-A-0101-sw0.50-half_life_2-domain_augmented,True,
s6-A-0101-sw0.50-half_life_4-plain,True,
s6-A-0101-sw0.50-half_life_4-domain_augmented,True,
s6-A-0101-sw0.50-half_life_6-plain,True,
s6-A-0101-sw0.50-half_life_6-domain_augmented,True,
s6-A-0102-sw0.00-all_history-plain,True,
s6-A-0102-sw0.00-all_history-domain_augmented,True,
s6-A-0102-sw0.00-five_year-plain,True,
s6-A-0102-sw0.00-five_year-domain_augmented,True,
s6-A-0102-sw0.00-half_life_2-plain,True,
s6-A-0102-sw0.00-half_life_2-domain_augmented,True,
s6-A-0102-sw0.00-half_life_4-plain,True,
s6-A-0102-sw0.00-half_life_4-domain_augmented,True,
s6-A-0102-sw0.00-half_life_6-plain,True,
s6-A-0102-sw0.00-half_life_6-domain_augmented,True,
s6-A-0102-sw0.10-all_history-plain,True,
s6-A-0102-sw0.10-all_history-domain_augmented,True,
s6-A-0102-sw0.10-five_year-plain,True,
s6-A-0102-sw0.10-five_year-domain_augmented,True,
s6-A-0102-sw0.10-half_life_2-plain,True,
s6-A-0102-sw0.10-half_life_2-domain_augmented,True,
s6-A-0102-sw0.10-half_life_4-plain,True,
s6-A-0102-sw0.10-half_life_4-domain_augmented,True,
s6-A-0102-sw0.10-half_life_6-plain,True,
s6-A-0102-sw0.10-half_life_6-domain_augmented,True,
s6-A-0102-sw0.25-all_history-plain,True,
s6-A-0102-sw0.25-all_history-domain_augmented,True,
s6-A-0102-sw0.25-five_year-plain,True,
s6-A-0102-sw0.25-five_year-domain_augmented,True,
s6-A-0102-sw0.25-half_life_2-plain,True,
s6-A-0102-sw0.25-half_life_2-domain_augmented,True,
s6-A-0102-sw0.25-half_life_4-plain,True,
s6-A-0102-sw0.25-half_life_4-domain_augmented,True,
s6-A-0102-sw0.25-half_life_6-plain,True,
s6-A-0102-sw0.25-half_life_6-domain_augmented,True,
s6-A-0102-sw0.50-all_history-plain,True,
s6-A-0102-sw0.50-all_history-domain_augmented,True,
s6-A-0102-sw0.50-five_year-plain,True,
s6-A-0102-sw0.50-five_year-domain_augmented,True,
s6-A-0102-sw0.50-half_life_2-plain,True,
s6-A-0102-sw0.50-half_life_2-domain_augmented,True,
s6-A-0102-sw0.50-half_life_4-plain,True,
s6-A-0102-sw0.50-half_life_4-domain_augmented,True,
s6-A-0102-sw0.50-half_life_6-plain,True,
s6-A-0102-sw0.50-half_life_6-domain_augmented,True,
s6-A-0103-sw0.00-all_history-plain,True,
s6-A-0103-sw0.00-all_history-domain_augmented,True,
s6-A-0103-sw0.00-five_year-plain,True,
s6-A-0103-sw0.00-five_year-domain_augmented,True,
s6-A-0103-sw0.00-half_life_2-plain,True,
s6-A-0103-sw0.00-half_life_2-domain_augmented,True,
s6-A-0103-sw0.00-half_life_4-plain,True,
s6-A-0103-sw0.00-half_life_4-domain_augmented,True,
s6-A-0103-sw0.00-half_life_6-plain,True,
s6-A-0103-sw0.00-half_life_6-domain_augmented,True,
s6-A-0103-sw0.10-all_history-plain,True,
s6-A-0103-sw0.10-all_history-domain_augmented,True,
s6-A-0103-sw0.10-five_year-plain,True,
s6-A-0103-sw0.10-five_year-domain_augmented,True,
s6-A-0103-sw0.10-half_life_2-plain,True,
s6-A-0103-sw0.10-half_life_2-domain_augmented,True,
s6-A-0103-sw0.10-half_life_4-plain,True,
s6-A-0103-sw0.10-half_life_4-domain_augmented,True,
s6-A-0103-sw0.10-half_life_6-plain,True,
s6-A-0103-sw0.10-half_life_6-domain_augmented,True,
s6-A-0103-sw0.25-all_history-plain,True,
s6-A-0103-sw0.25-all_history-domain_augmented,True,
s6-A-0103-sw0.25-five_year-plain,True,
s6-A-0103-sw0.25-five_year-domain_augmented,True,
s6-A-0103-sw0.25-half_life_2-plain,True,
s6-A-0103-sw0.25-half_life_2-domain_augmented,True,
s6-A-0103-sw0.25-half_life_4-plain,True,
s6-A-0103-sw0.25-half_life_4-domain_augmented,True,
s6-A-0103-sw0.25-half_life_6-plain,True,
s6-A-0103-sw0.25-half_life_6-domain_augmented,True,
s6-A-0103-sw0.50-all_history-plain,True,
s6-A-0103-sw0.50-all_history-domain_augmented,True,
s6-A-0103-sw0.50-five_year-plain,True,
s6-A-0103-sw0.50-five_year-domain_augmented,True,
s6-A-0103-sw0.50-half_life_2-plain,True,
s6-A-0103-sw0.50-half_life_2-domain_augmented,True,
s6-A-0103-sw0.50-half_life_4-plain,True,
s6-A-0103-sw0.50-half_life_4-domain_augmented,True,
s6-A-0103-sw0.50-half_life_6-plain,True,
s6-A-0103-sw0.50-half_life_6-domain_augmented,True,
s6-A-0104-sw0.00-all_history-plain,True,
s6-A-0104-sw0.00-all_history-domain_augmented,True,
s6-A-0104-sw0.00-five_year-plain,True,
s6-A-0104-sw0.00-five_year-domain_augmented,True,
s6-A-0104-sw0.00-half_life_2-plain,True,
s6-A-0104-sw0.00-half_life_2-domain_augmented,True,
s6-A-0104-sw0.00-half_life_4-plain,True,
s6-A-0104-sw0.00-half_life_4-domain_augmented,True,
s6-A-0104-sw0.00-half_life_6-plain,True,
s6-A-0104-sw0.00-half_life_6-domain_augmented,True,
s6-A-0104-sw0.10-all_history-plain,True,
s6-A-0104-sw0.10-all_history-domain_augmented,True,
s6-A-0104-sw0.10-five_year-plain,True,
s6-A-0104-sw0.10-five_year-domain_augmented,True,
s6-A-0104-sw0.10-half_life_2-plain,True,
s6-A-0104-sw0.10-half_life_2-domain_augmented,True,
s6-A-0104-sw0.10-half_life_4-plain,True,
s6-A-0104-sw0.10-half_life_4-domain_augmented,True,
s6-A-0104-sw0.10-half_life_6-plain,True,
s6-A-0104-sw0.10-half_life_6-domain_augmented,True,
s6-A-0104-sw0.25-all_history-plain,True,
s6-A-0104-sw0.25-all_history-domain_augmented,True,
s6-A-0104-sw0.25-five_year-plain,True,
s6-A-0104-sw0.25-five_year-domain_augmented,True,
s6-A-0104-sw0.25-half_life_2-plain,True,
s6-A-0104-sw0.25-half_life_2-domain_augmented,True,
s6-A-0104-sw0.25-half_life_4-plain,True,
s6-A-0104-sw0.25-half_life_4-domain_augmented,True,
s6-A-0104-sw0.25-half_life_6-plain,True,
s6-A-0104-sw0.25-half_life_6-domain_augmented,True,
s6-A-0104-sw0.50-all_history-plain,True,
s6-A-0104-sw0.50-all_history-domain_augmented,True,
s6-A-0104-sw0.50-five_year-plain,True,
s6-A-0104-sw0.50-five_year-domain_augmented,True,
s6-A-0104-sw0.50-half_life_2-plain,True,
s6-A-0104-sw0.50-half_life_2-domain_augmented,True,
s6-A-0104-sw0.50-half_life_4-plain,True,
s6-A-0104-sw0.50-half_life_4-domain_augmented,True,
s6-A-0104-sw0.50-half_life_6-plain,True,
s6-A-0104-sw0.50-half_life_6-domain_augmented,True,
s3-A-0000-sw0.00-all_history-plain,True,
s3-A-0000-sw0.00-all_history-domain_augmented,True,
s3-A-0000-sw0.00-five_year-plain,True,
s3-A-0000-sw0.00-five_year-domain_augmented,True,
s3-A-0000-sw0.00-half_life_2-plain,True,
s3-A-0000-sw0.00-half_life_2-domain_augmented,True,
s3-A-0000-sw0.00-half_life_4-plain,True,
s3-A-0000-sw0.00-half_life_4-domain_augmented,True,
s3-A-0000-sw0.00-half_life_6-plain,True,
s3-A-0000-sw0.00-half_life_6-domain_augmented,True,
s3-A-0000-sw0.10-all_history-plain,True,
s3-A-0000-sw0.10-all_history-domain_augmented,True,
s3-A-0000-sw0.10-five_year-plain,True,
s3-A-0000-sw0.10-five_year-domain_augmented,True,
s3-A-0000-sw0.10-half_life_2-plain,True,
s3-A-0000-sw0.10-half_life_2-domain_augmented,True,
s3-A-0000-sw0.10-half_life_4-plain,True,
s3-A-0000-sw0.10-half_life_4-domain_augmented,True,
s3-A-0000-sw0.10-half_life_6-plain,True,
s3-A-0000-sw0.10-half_life_6-domain_augmented,True,
s3-A-0000-sw0.25-all_history-plain,True,
s3-A-0000-sw0.25-all_history-domain_augmented,True,
s3-A-0000-sw0.25-five_year-plain,True,
s3-A-0000-sw0.25-five_year-domain_augmented,True,
s3-A-0000-sw0.25-half_life_2-plain,True,
s3-A-0000-sw0.25-half_life_2-domain_augmented,True,
s3-A-0000-sw0.25-half_life_4-plain,True,
s3-A-0000-sw0.25-half_life_4-domain_augmented,True,
s3-A-0000-sw0.25-half_life_6-plain,True,
s3-A-0000-sw0.25-half_life_6-domain_augmented,True,
s3-A-0000-sw0.50-all_history-plain,True,
s3-A-0000-sw0.50-all_history-domain_augmented,True,
s3-A-0000-sw0.50-five_year-plain,True,
s3-A-0000-sw0.50-five_year-domain_augmented,True,
s3-A-0000-sw0.50-half_life_2-plain,True,
s3-A-0000-sw0.50-half_life_2-domain_augmented,True,
s3-A-0000-sw0.50-half_life_4-plain,True,
s3-A-0000-sw0.50-half_life_4-domain_augmented,True,
s3-A-0000-sw0.50-half_life_6-plain,True,
s3-A-0000-sw0.50-half_life_6-domain_augmented,True,
s3-A-0000-ensemble-0.25,True,requires compatible top pair
s3-A-0000-ensemble-0.50,True,requires compatible top pair
s3-A-0000-ensemble-0.75,True,requires compatible top pair
s3-A-0001-sw0.00-all_history-plain,True,
s3-A-0001-sw0.00-all_history-domain_augmented,True,
s3-A-0001-sw0.00-five_year-plain,True,
s3-A-0001-sw0.00-five_year-domain_augmented,True,
s3-A-0001-sw0.00-half_life_2-plain,True,
s3-A-0001-sw0.00-half_life_2-domain_augmented,True,
s3-A-0001-sw0.00-half_life_4-plain,True,
s3-A-0001-sw0.00-half_life_4-domain_augmented,True,
s3-A-0001-sw0.00-half_life_6-plain,True,
s3-A-0001-sw0.00-half_life_6-domain_augmented,True,
s3-A-0001-sw0.10-all_history-plain,True,
s3-A-0001-sw0.10-all_history-domain_augmented,True,
s3-A-0001-sw0.10-five_year-plain,True,
s3-A-0001-sw0.10-five_year-domain_augmented,True,
s3-A-0001-sw0.10-half_life_2-plain,True,
s3-A-0001-sw0.10-half_life_2-domain_augmented,True,
s3-A-0001-sw0.10-half_life_4-plain,True,
s3-A-0001-sw0.10-half_life_4-domain_augmented,True,
s3-A-0001-sw0.10-half_life_6-plain,True,
s3-A-0001-sw0.10-half_life_6-domain_augmented,True,
s3-A-0001-sw0.25-all_history-plain,True,
s3-A-0001-sw0.25-all_history-domain_augmented,True,
s3-A-0001-sw0.25-five_year-plain,True,
s3-A-0001-sw0.25-five_year-domain_augmented,True,
s3-A-0001-sw0.25-half_life_2-plain,True,
s3-A-0001-sw0.25-half_life_2-domain_augmented,True,
s3-A-0001-sw0.25-half_life_4-plain,True,
s3-A-0001-sw0.25-half_life_4-domain_augmented,True,
s3-A-0001-sw0.25-half_life_6-plain,True,
s3-A-0001-sw0.25-half_life_6-domain_augmented,True,
s3-A-0001-sw0.50-all_history-plain,True,
s3-A-0001-sw0.50-all_history-domain_augmented,True,
s3-A-0001-sw0.50-five_year-plain,True,
s3-A-0001-sw0.50-five_year-domain_augmented,True,
s3-A-0001-sw0.50-half_life_2-plain,True,
s3-A-0001-sw0.50-half_life_2-domain_augmented,True,
s3-A-0001-sw0.50-half_life_4-plain,True,
s3-A-0001-sw0.50-half_life_4-domain_augmented,True,
s3-A-0001-sw0.50-half_life_6-plain,True,
s3-A-0001-sw0.50-half_life_6-domain_augmented,True,
s3-A-0001-ensemble-0.25,True,requires compatible top pair
s3-A-0001-ensemble-0.50,True,requires compatible top pair
s3-A-0001-ensemble-0.75,True,requires compatible top pair
s3-A-0002-sw0.00-all_history-plain,True,
s3-A-0002-sw0.00-all_history-domain_augmented,True,
s3-A-0002-sw0.00-five_year-plain,True,
s3-A-0002-sw0.00-five_year-domain_augmented,True,
s3-A-0002-sw0.00-half_life_2-plain,True,
s3-A-0002-sw0.00-half_life_2-domain_augmented,True,
s3-A-0002-sw0.00-half_life_4-plain,True,
s3-A-0002-sw0.00-half_life_4-domain_augmented,True,
s3-A-0002-sw0.00-half_life_6-plain,True,
s3-A-0002-sw0.00-half_life_6-domain_augmented,True,
s3-A-0002-sw0.10-all_history-plain,True,
s3-A-0002-sw0.10-all_history-domain_augmented,True,
s3-A-0002-sw0.10-five_year-plain,True,
s3-A-0002-sw0.10-five_year-domain_augmented,True,
s3-A-0002-sw0.10-half_life_2-plain,True,
s3-A-0002-sw0.10-half_life_2-domain_augmented,True,
s3-A-0002-sw0.10-half_life_4-plain,True,
s3-A-0002-sw0.10-half_life_4-domain_augmented,True,
s3-A-0002-sw0.10-half_life_6-plain,True,
s3-A-0002-sw0.10-half_life_6-domain_augmented,True,
s3-A-0002-sw0.25-all_history-plain,True,
s3-A-0002-sw0.25-all_history-domain_augmented,True,
s3-A-0002-sw0.25-five_year-plain,True,
s3-A-0002-sw0.25-five_year-domain_augmented,True,
s3-A-0002-sw0.25-half_life_2-plain,True,
s3-A-0002-sw0.25-half_life_2-domain_augmented,True,
s3-A-0002-sw0.25-half_life_4-plain,True,
s3-A-0002-sw0.25-half_life_4-domain_augmented,True,
s3-A-0002-sw0.25-half_life_6-plain,True,
s3-A-0002-sw0.25-half_life_6-domain_augmented,True,
s3-A-0002-sw0.50-all_history-plain,True,
s3-A-0002-sw0.50-all_history-domain_augmented,True,
s3-A-0002-sw0.50-five_year-plain,True,
s3-A-0002-sw0.50-five_year-domain_augmented,True,
s3-A-0002-sw0.50-half_life_2-plain,True,
s3-A-0002-sw0.50-half_life_2-domain_augmented,True,
s3-A-0002-sw0.50-half_life_4-plain,True,
s3-A-0002-sw0.50-half_life_4-domain_augmented,True,
s3-A-0002-sw0.50-half_life_6-plain,True,
s3-A-0002-sw0.50-half_life_6-domain_augmented,True,
s3-A-0002-ensemble-0.25,True,requires compatible top pair
s3-A-0002-ensemble-0.50,True,requires compatible top pair
s3-A-0002-ensemble-0.75,True,requires compatible top pair
s3-A-0003-sw0.00-all_history-plain,True,
s3-A-0003-sw0.00-all_history-domain_augmented,True,
s3-A-0003-sw0.00-five_year-plain,True,
s3-A-0003-sw0.00-five_year-domain_augmented,True,
s3-A-0003-sw0.00-half_life_2-plain,True,
s3-A-0003-sw0.00-half_life_2-domain_augmented,True,
s3-A-0003-sw0.00-half_life_4-plain,True,
s3-A-0003-sw0.00-half_life_4-domain_augmented,True,
s3-A-0003-sw0.00-half_life_6-plain,True,
s3-A-0003-sw0.00-half_life_6-domain_augmented,True,
s3-A-0003-sw0.10-all_history-plain,True,
s3-A-0003-sw0.10-all_history-domain_augmented,True,
s3-A-0003-sw0.10-five_year-plain,True,
s3-A-0003-sw0.10-five_year-domain_augmented,True,
s3-A-0003-sw0.10-half_life_2-plain,True,
s3-A-0003-sw0.10-half_life_2-domain_augmented,True,
s3-A-0003-sw0.10-half_life_4-plain,True,
s3-A-0003-sw0.10-half_life_4-domain_augmented,True,
s3-A-0003-sw0.10-half_life_6-plain,True,
s3-A-0003-sw0.10-half_life_6-domain_augmented,True,
s3-A-0003-sw0.25-all_history-plain,True,
s3-A-0003-sw0.25-all_history-domain_augmented,True,
s3-A-0003-sw0.25-five_year-plain,True,
s3-A-0003-sw0.25-five_year-domain_augmented,True,
s3-A-0003-sw0.25-half_life_2-plain,True,
s3-A-0003-sw0.25-half_life_2-domain_augmented,True,
s3-A-0003-sw0.25-half_life_4-plain,True,
s3-A-0003-sw0.25-half_life_4-domain_augmented,True,
s3-A-0003-sw0.25-half_life_6-plain,True,
s3-A-0003-sw0.25-half_life_6-domain_augmented,True,
s3-A-0003-sw0.50-all_history-plain,True,
s3-A-0003-sw0.50-all_history-domain_augmented,True,
s3-A-0003-sw0.50-five_year-plain,True,
s3-A-0003-sw0.50-five_year-domain_augmented,True,
s3-A-0003-sw0.50-half_life_2-plain,True,
s3-A-0003-sw0.50-half_life_2-domain_augmented,True,
s3-A-0003-sw0.50-half_life_4-plain,True,
s3-A-0003-sw0.50-half_life_4-domain_augmented,True,
s3-A-0003-sw0.50-half_life_6-plain,True,
s3-A-0003-sw0.50-half_life_6-domain_augmented,True,
s3-A-0003-ensemble-0.25,True,requires compatible top pair
s3-A-0003-ensemble-0.50,True,requires compatible top pair
s3-A-0003-ensemble-0.75,True,requires compatible top pair
s3-A-0004-sw0.00-all_history-plain,True,
s3-A-0004-sw0.00-all_history-domain_augmented,True,
s3-A-0004-sw0.00-five_year-plain,True,
s3-A-0004-sw0.00-five_year-domain_augmented,True,
s3-A-0004-sw0.00-half_life_2-plain,True,
s3-A-0004-sw0.00-half_life_2-domain_augmented,True,
s3-A-0004-sw0.00-half_life_4-plain,True,
s3-A-0004-sw0.00-half_life_4-domain_augmented,True,
s3-A-0004-sw0.00-half_life_6-plain,True,
s3-A-0004-sw0.00-half_life_6-domain_augmented,True,
s3-A-0004-sw0.10-all_history-plain,True,
s3-A-0004-sw0.10-all_history-domain_augmented,True,
s3-A-0004-sw0.10-five_year-plain,True,
s3-A-0004-sw0.10-five_year-domain_augmented,True,
s3-A-0004-sw0.10-half_life_2-plain,True,
s3-A-0004-sw0.10-half_life_2-domain_augmented,True,
s3-A-0004-sw0.10-half_life_4-plain,True,
s3-A-0004-sw0.10-half_life_4-domain_augmented,True,
s3-A-0004-sw0.10-half_life_6-plain,True,
s3-A-0004-sw0.10-half_life_6-domain_augmented,True,
s3-A-0004-sw0.25-all_history-plain,True,
s3-A-0004-sw0.25-all_history-domain_augmented,True,
s3-A-0004-sw0.25-five_year-plain,True,
s3-A-0004-sw0.25-five_year-domain_augmented,True,
s3-A-0004-sw0.25-half_life_2-plain,True,
s3-A-0004-sw0.25-half_life_2-domain_augmented,True,
s3-A-0004-sw0.25-half_life_4-plain,True,
s3-A-0004-sw0.25-half_life_4-domain_augmented,True,
s3-A-0004-sw0.25-half_life_6-plain,True,
s3-A-0004-sw0.25-half_life_6-domain_augmented,True,
s3-A-0004-sw0.50-all_history-plain,True,
s3-A-0004-sw0.50-all_history-domain_augmented,True,
s3-A-0004-sw0.50-five_year-plain,True,
s3-A-0004-sw0.50-five_year-domain_augmented,True,
s3-A-0004-sw0.50-half_life_2-plain,True,
s3-A-0004-sw0.50-half_life_2-domain_augmented,True,
s3-A-0004-sw0.50-half_life_4-plain,True,
s3-A-0004-sw0.50-half_life_4-domain_augmented,True,
s3-A-0004-sw0.50-half_life_6-plain,True,
s3-A-0004-sw0.50-half_life_6-domain_augmented,True,
s3-A-0004-ensemble-0.25,True,requires compatible top pair
s3-A-0004-ensemble-0.50,True,requires compatible top pair
s3-A-0004-ensemble-0.75,True,requires compatible top pair
s3-A-0005-sw0.00-all_history-plain,True,
s3-A-0005-sw0.00-all_history-domain_augmented,True,
s3-A-0005-sw0.00-five_year-plain,True,
s3-A-0005-sw0.00-five_year-domain_augmented,True,
s3-A-0005-sw0.00-half_life_2-plain,True,
s3-A-0005-sw0.00-half_life_2-domain_augmented,True,
s3-A-0005-sw0.00-half_life_4-plain,True,
s3-A-0005-sw0.00-half_life_4-domain_augmented,True,
s3-A-0005-sw0.00-half_life_6-plain,True,
s3-A-0005-sw0.00-half_life_6-domain_augmented,True,
s3-A-0005-sw0.10-all_history-plain,True,
s3-A-0005-sw0.10-all_history-domain_augmented,True,
s3-A-0005-sw0.10-five_year-plain,True,
s3-A-0005-sw0.10-five_year-domain_augmented,True,
s3-A-0005-sw0.10-half_life_2-plain,True,
s3-A-0005-sw0.10-half_life_2-domain_augmented,True,
s3-A-0005-sw0.10-half_life_4-plain,True,
s3-A-0005-sw0.10-half_life_4-domain_augmented,True,
s3-A-0005-sw0.10-half_life_6-plain,True,
s3-A-0005-sw0.10-half_life_6-domain_augmented,True,
s3-A-0005-sw0.25-all_history-plain,True,
s3-A-0005-sw0.25-all_history-domain_augmented,True,
s3-A-0005-sw0.25-five_year-plain,True,
s3-A-0005-sw0.25-five_year-domain_augmented,True,
s3-A-0005-sw0.25-half_life_2-plain,True,
s3-A-0005-sw0.25-half_life_2-domain_augmented,True,
s3-A-0005-sw0.25-half_life_4-plain,True,
s3-A-0005-sw0.25-half_life_4-domain_augmented,True,
s3-A-0005-sw0.25-half_life_6-plain,True,
s3-A-0005-sw0.25-half_life_6-domain_augmented,True,
s3-A-0005-sw0.50-all_history-plain,True,
s3-A-0005-sw0.50-all_history-domain_augmented,True,
s3-A-0005-sw0.50-five_year-plain,True,
s3-A-0005-sw0.50-five_year-domain_augmented,True,
s3-A-0005-sw0.50-half_life_2-plain,True,
s3-A-0005-sw0.50-half_life_2-domain_augmented,True,
s3-A-0005-sw0.50-half_life_4-plain,True,
s3-A-0005-sw0.50-half_life_4-domain_augmented,True,
s3-A-0005-sw0.50-half_life_6-plain,True,
s3-A-0005-sw0.50-half_life_6-domain_augmented,True,
s3-A-0005-ensemble-0.25,True,requires compatible top pair
s3-A-0005-ensemble-0.50,True,requires compatible top pair
s3-A-0005-ensemble-0.75,True,requires compatible top pair
s3-A-0006-sw0.00-all_history-plain,True,
s3-A-0006-sw0.00-all_history-domain_augmented,True,
s3-A-0006-sw0.00-five_year-plain,True,
s3-A-0006-sw0.00-five_year-domain_augmented,True,
s3-A-0006-sw0.00-half_life_2-plain,True,
s3-A-0006-sw0.00-half_life_2-domain_augmented,True,
s3-A-0006-sw0.00-half_life_4-plain,True,
s3-A-0006-sw0.00-half_life_4-domain_augmented,True,
s3-A-0006-sw0.00-half_life_6-plain,True,
s3-A-0006-sw0.00-half_life_6-domain_augmented,True,
s3-A-0006-sw0.10-all_history-plain,True,
s3-A-0006-sw0.10-all_history-domain_augmented,True,
s3-A-0006-sw0.10-five_year-plain,True,
s3-A-0006-sw0.10-five_year-domain_augmented,True,
s3-A-0006-sw0.10-half_life_2-plain,True,
s3-A-0006-sw0.10-half_life_2-domain_augmented,True,
s3-A-0006-sw0.10-half_life_4-plain,True,
s3-A-0006-sw0.10-half_life_4-domain_augmented,True,
s3-A-0006-sw0.10-half_life_6-plain,True,
s3-A-0006-sw0.10-half_life_6-domain_augmented,True,
s3-A-0006-sw0.25-all_history-plain,True,
s3-A-0006-sw0.25-all_history-domain_augmented,True,
s3-A-0006-sw0.25-five_year-plain,True,
s3-A-0006-sw0.25-five_year-domain_augmented,True,
s3-A-0006-sw0.25-half_life_2-plain,True,
s3-A-0006-sw0.25-half_life_2-domain_augmented,True,
s3-A-0006-sw0.25-half_life_4-plain,True,
s3-A-0006-sw0.25-half_life_4-domain_augmented,True,
s3-A-0006-sw0.25-half_life_6-plain,True,
s3-A-0006-sw0.25-half_life_6-domain_augmented,True,
s3-A-0006-sw0.50-all_history-plain,True,
s3-A-0006-sw0.50-all_history-domain_augmented,True,
s3-A-0006-sw0.50-five_year-plain,True,
s3-A-0006-sw0.50-five_year-domain_augmented,True,
s3-A-0006-sw0.50-half_life_2-plain,True,
s3-A-0006-sw0.50-half_life_2-domain_augmented,True,
s3-A-0006-sw0.50-half_life_4-plain,True,
s3-A-0006-sw0.50-half_life_4-domain_augmented,True,
s3-A-0006-sw0.50-half_life_6-plain,True,
s3-A-0006-sw0.50-half_life_6-domain_augmented,True,
s3-A-0006-ensemble-0.25,True,requires compatible top pair
s3-A-0006-ensemble-0.50,True,requires compatible top pair
s3-A-0006-ensemble-0.75,True,requires compatible top pair
s3-A-0007-sw0.00-all_history-plain,True,
s3-A-0007-sw0.00-all_history-domain_augmented,True,
s3-A-0007-sw0.00-five_year-plain,True,
s3-A-0007-sw0.00-five_year-domain_augmented,True,
s3-A-0007-sw0.00-half_life_2-plain,True,
s3-A-0007-sw0.00-half_life_2-domain_augmented,True,
s3-A-0007-sw0.00-half_life_4-plain,True,
s3-A-0007-sw0.00-half_life_4-domain_augmented,True,
s3-A-0007-sw0.00-half_life_6-plain,True,
s3-A-0007-sw0.00-half_life_6-domain_augmented,True,
s3-A-0007-sw0.10-all_history-plain,True,
s3-A-0007-sw0.10-all_history-domain_augmented,True,
s3-A-0007-sw0.10-five_year-plain,True,
s3-A-0007-sw0.10-five_year-domain_augmented,True,
s3-A-0007-sw0.10-half_life_2-plain,True,
s3-A-0007-sw0.10-half_life_2-domain_augmented,True,
s3-A-0007-sw0.10-half_life_4-plain,True,
s3-A-0007-sw0.10-half_life_4-domain_augmented,True,
s3-A-0007-sw0.10-half_life_6-plain,True,
s3-A-0007-sw0.10-half_life_6-domain_augmented,True,
s3-A-0007-sw0.25-all_history-plain,True,
s3-A-0007-sw0.25-all_history-domain_augmented,True,
s3-A-0007-sw0.25-five_year-plain,True,
s3-A-0007-sw0.25-five_year-domain_augmented,True,
s3-A-0007-sw0.25-half_life_2-plain,True,
s3-A-0007-sw0.25-half_life_2-domain_augmented,True,
s3-A-0007-sw0.25-half_life_4-plain,True,
s3-A-0007-sw0.25-half_life_4-domain_augmented,True,
s3-A-0007-sw0.25-half_life_6-plain,True,
s3-A-0007-sw0.25-half_life_6-domain_augmented,True,
s3-A-0007-sw0.50-all_history-plain,True,
s3-A-0007-sw0.50-all_history-domain_augmented,True,
s3-A-0007-sw0.50-five_year-plain,True,
s3-A-0007-sw0.50-five_year-domain_augmented,True,
s3-A-0007-sw0.50-half_life_2-plain,True,
s3-A-0007-sw0.50-half_life_2-domain_augmented,True,
s3-A-0007-sw0.50-half_life_4-plain,True,
s3-A-0007-sw0.50-half_life_4-domain_augmented,True,
s3-A-0007-sw0.50-half_life_6-plain,True,
s3-A-0007-sw0.50-half_life_6-domain_augmented,True,
s3-A-0007-ensemble-0.25,True,requires compatible top pair
s3-A-0007-ensemble-0.50,True,requires compatible top pair
s3-A-0007-ensemble-0.75,True,requires compatible top pair
s3-A-0008-sw0.00-all_history-plain,True,
s3-A-0008-sw0.00-all_history-domain_augmented,True,
s3-A-0008-sw0.00-five_year-plain,True,
s3-A-0008-sw0.00-five_year-domain_augmented,True,
s3-A-0008-sw0.00-half_life_2-plain,True,
s3-A-0008-sw0.00-half_life_2-domain_augmented,True,
s3-A-0008-sw0.00-half_life_4-plain,True,
s3-A-0008-sw0.00-half_life_4-domain_augmented,True,
s3-A-0008-sw0.00-half_life_6-plain,True,
s3-A-0008-sw0.00-half_life_6-domain_augmented,True,
s3-A-0008-sw0.10-all_history-plain,True,
s3-A-0008-sw0.10-all_history-domain_augmented,True,
s3-A-0008-sw0.10-five_year-plain,True,
s3-A-0008-sw0.10-five_year-domain_augmented,True,
s3-A-0008-sw0.10-half_life_2-plain,True,
s3-A-0008-sw0.10-half_life_2-domain_augmented,True,
s3-A-0008-sw0.10-half_life_4-plain,True,
s3-A-0008-sw0.10-half_life_4-domain_augmented,True,
s3-A-0008-sw0.10-half_life_6-plain,True,
s3-A-0008-sw0.10-half_life_6-domain_augmented,True,
s3-A-0008-sw0.25-all_history-plain,True,
s3-A-0008-sw0.25-all_history-domain_augmented,True,
s3-A-0008-sw0.25-five_year-plain,True,
s3-A-0008-sw0.25-five_year-domain_augmented,True,
s3-A-0008-sw0.25-half_life_2-plain,True,
s3-A-0008-sw0.25-half_life_2-domain_augmented,True,
s3-A-0008-sw0.25-half_life_4-plain,True,
s3-A-0008-sw0.25-half_life_4-domain_augmented,True,
s3-A-0008-sw0.25-half_life_6-plain,True,
s3-A-0008-sw0.25-half_life_6-domain_augmented,True,
s3-A-0008-sw0.50-all_history-plain,True,
s3-A-0008-sw0.50-all_history-domain_augmented,True,
s3-A-0008-sw0.50-five_year-plain,True,
s3-A-0008-sw0.50-five_year-domain_augmented,True,
s3-A-0008-sw0.50-half_life_2-plain,True,
s3-A-0008-sw0.50-half_life_2-domain_augmented,True,
s3-A-0008-sw0.50-half_life_4-plain,True,
s3-A-0008-sw0.50-half_life_4-domain_augmented,True,
s3-A-0008-sw0.50-half_life_6-plain,True,
s3-A-0008-sw0.50-half_life_6-domain_augmented,True,
s3-A-0008-ensemble-0.25,True,requires compatible top pair
s3-A-0008-ensemble-0.50,True,requires compatible top pair
s3-A-0008-ensemble-0.75,True,requires compatible top pair
s3-A-0009-sw0.00-all_history-plain,True,
s3-A-0009-sw0.00-all_history-domain_augmented,True,
s3-A-0009-sw0.00-five_year-plain,True,
s3-A-0009-sw0.00-five_year-domain_augmented,True,
s3-A-0009-sw0.00-half_life_2-plain,True,
s3-A-0009-sw0.00-half_life_2-domain_augmented,True,
s3-A-0009-sw0.00-half_life_4-plain,True,
s3-A-0009-sw0.00-half_life_4-domain_augmented,True,
s3-A-0009-sw0.00-half_life_6-plain,True,
s3-A-0009-sw0.00-half_life_6-domain_augmented,True,
s3-A-0009-sw0.10-all_history-plain,True,
s3-A-0009-sw0.10-all_history-domain_augmented,True,
s3-A-0009-sw0.10-five_year-plain,True,
s3-A-0009-sw0.10-five_year-domain_augmented,True,
s3-A-0009-sw0.10-half_life_2-plain,True,
s3-A-0009-sw0.10-half_life_2-domain_augmented,True,
s3-A-0009-sw0.10-half_life_4-plain,True,
s3-A-0009-sw0.10-half_life_4-domain_augmented,True,
s3-A-0009-sw0.10-half_life_6-plain,True,
s3-A-0009-sw0.10-half_life_6-domain_augmented,True,
s3-A-0009-sw0.25-all_history-plain,True,
s3-A-0009-sw0.25-all_history-domain_augmented,True,
s3-A-0009-sw0.25-five_year-plain,True,
s3-A-0009-sw0.25-five_year-domain_augmented,True,
s3-A-0009-sw0.25-half_life_2-plain,True,
s3-A-0009-sw0.25-half_life_2-domain_augmented,True,
s3-A-0009-sw0.25-half_life_4-plain,True,
s3-A-0009-sw0.25-half_life_4-domain_augmented,True,
s3-A-0009-sw0.25-half_life_6-plain,True,
s3-A-0009-sw0.25-half_life_6-domain_augmented,True,
s3-A-0009-sw0.50-all_history-plain,True,
s3-A-0009-sw0.50-all_history-domain_augmented,True,
s3-A-0009-sw0.50-five_year-plain,True,
s3-A-0009-sw0.50-five_year-domain_augmented,True,
s3-A-0009-sw0.50-half_life_2-plain,True,
s3-A-0009-sw0.50-half_life_2-domain_augmented,True,
s3-A-0009-sw0.50-half_life_4-plain,True,
s3-A-0009-sw0.50-half_life_4-domain_augmented,True,
s3-A-0009-sw0.50-half_life_6-plain,True,
s3-A-0009-sw0.50-half_life_6-domain_augmented,True,
s3-A-0009-ensemble-0.25,True,requires compatible top pair
s3-A-0009-ensemble-0.50,True,requires compatible top pair
s3-A-0009-ensemble-0.75,True,requires compatible top pair
s3-A-0010-sw0.00-all_history-plain,True,
s3-A-0010-sw0.00-all_history-domain_augmented,True,
s3-A-0010-sw0.00-five_year-plain,True,
s3-A-0010-sw0.00-five_year-domain_augmented,True,
s3-A-0010-sw0.00-half_life_2-plain,True,
s3-A-0010-sw0.00-half_life_2-domain_augmented,True,
s3-A-0010-sw0.00-half_life_4-plain,True,
s3-A-0010-sw0.00-half_life_4-domain_augmented,True,
s3-A-0010-sw0.00-half_life_6-plain,True,
s3-A-0010-sw0.00-half_life_6-domain_augmented,True,
s3-A-0010-sw0.10-all_history-plain,True,
s3-A-0010-sw0.10-all_history-domain_augmented,True,
s3-A-0010-sw0.10-five_year-plain,True,
s3-A-0010-sw0.10-five_year-domain_augmented,True,
s3-A-0010-sw0.10-half_life_2-plain,True,
s3-A-0010-sw0.10-half_life_2-domain_augmented,True,
s3-A-0010-sw0.10-half_life_4-plain,True,
s3-A-0010-sw0.10-half_life_4-domain_augmented,True,
s3-A-0010-sw0.10-half_life_6-plain,True,
s3-A-0010-sw0.10-half_life_6-domain_augmented,True,
s3-A-0010-sw0.25-all_history-plain,True,
s3-A-0010-sw0.25-all_history-domain_augmented,True,
s3-A-0010-sw0.25-five_year-plain,True,
s3-A-0010-sw0.25-five_year-domain_augmented,True,
s3-A-0010-sw0.25-half_life_2-plain,True,
s3-A-0010-sw0.25-half_life_2-domain_augmented,True,
s3-A-0010-sw0.25-half_life_4-plain,True,
s3-A-0010-sw0.25-half_life_4-domain_augmented,True,
s3-A-0010-sw0.25-half_life_6-plain,True,
s3-A-0010-sw0.25-half_life_6-domain_augmented,True,
s3-A-0010-sw0.50-all_history-plain,True,
s3-A-0010-sw0.50-all_history-domain_augmented,True,
s3-A-0010-sw0.50-five_year-plain,True,
s3-A-0010-sw0.50-five_year-domain_augmented,True,
s3-A-0010-sw0.50-half_life_2-plain,True,
s3-A-0010-sw0.50-half_life_2-domain_augmented,True,
s3-A-0010-sw0.50-half_life_4-plain,True,
s3-A-0010-sw0.50-half_life_4-domain_augmented,True,
s3-A-0010-sw0.50-half_life_6-plain,True,
s3-A-0010-sw0.50-half_life_6-domain_augmented,True,
s3-A-0010-ensemble-0.25,True,requires compatible top pair
s3-A-0010-ensemble-0.50,True,requires compatible top pair
s3-A-0010-ensemble-0.75,True,requires compatible top pair
s3-A-0011-sw0.00-all_history-plain,True,
s3-A-0011-sw0.00-all_history-domain_augmented,True,
s3-A-0011-sw0.00-five_year-plain,True,
s3-A-0011-sw0.00-five_year-domain_augmented,True,
s3-A-0011-sw0.00-half_life_2-plain,True,
s3-A-0011-sw0.00-half_life_2-domain_augmented,True,
s3-A-0011-sw0.00-half_life_4-plain,True,
s3-A-0011-sw0.00-half_life_4-domain_augmented,True,
s3-A-0011-sw0.00-half_life_6-plain,True,
s3-A-0011-sw0.00-half_life_6-domain_augmented,True,
s3-A-0011-sw0.10-all_history-plain,True,
s3-A-0011-sw0.10-all_history-domain_augmented,True,
s3-A-0011-sw0.10-five_year-plain,True,
s3-A-0011-sw0.10-five_year-domain_augmented,True,
s3-A-0011-sw0.10-half_life_2-plain,True,
s3-A-0011-sw0.10-half_life_2-domain_augmented,True,
s3-A-0011-sw0.10-half_life_4-plain,True,
s3-A-0011-sw0.10-half_life_4-domain_augmented,True,
s3-A-0011-sw0.10-half_life_6-plain,True,
s3-A-0011-sw0.10-half_life_6-domain_augmented,True,
s3-A-0011-sw0.25-all_history-plain,True,
s3-A-0011-sw0.25-all_history-domain_augmented,True,
s3-A-0011-sw0.25-five_year-plain,True,
s3-A-0011-sw0.25-five_year-domain_augmented,True,
s3-A-0011-sw0.25-half_life_2-plain,True,
s3-A-0011-sw0.25-half_life_2-domain_augmented,True,
s3-A-0011-sw0.25-half_life_4-plain,True,
s3-A-0011-sw0.25-half_life_4-domain_augmented,True,
s3-A-0011-sw0.25-half_life_6-plain,True,
s3-A-0011-sw0.25-half_life_6-domain_augmented,True,
s3-A-0011-sw0.50-all_history-plain,True,
s3-A-0011-sw0.50-all_history-domain_augmented,True,
s3-A-0011-sw0.50-five_year-plain,True,
s3-A-0011-sw0.50-five_year-domain_augmented,True,
s3-A-0011-sw0.50-half_life_2-plain,True,
s3-A-0011-sw0.50-half_life_2-domain_augmented,True,
s3-A-0011-sw0.50-half_life_4-plain,True,
s3-A-0011-sw0.50-half_life_4-domain_augmented,True,
s3-A-0011-sw0.50-half_life_6-plain,True,
s3-A-0011-sw0.50-half_life_6-domain_augmented,True,
s3-A-0011-ensemble-0.25,True,requires compatible top pair
s3-A-0011-ensemble-0.50,True,requires compatible top pair
s3-A-0011-ensemble-0.75,True,requires compatible top pair
s3-A-0012-sw0.00-all_history-plain,True,
s3-A-0012-sw0.00-all_history-domain_augmented,True,
s3-A-0012-sw0.00-five_year-plain,True,
s3-A-0012-sw0.00-five_year-domain_augmented,True,
s3-A-0012-sw0.00-half_life_2-plain,True,
s3-A-0012-sw0.00-half_life_2-domain_augmented,True,
s3-A-0012-sw0.00-half_life_4-plain,True,
s3-A-0012-sw0.00-half_life_4-domain_augmented,True,
s3-A-0012-sw0.00-half_life_6-plain,True,
s3-A-0012-sw0.00-half_life_6-domain_augmented,True,
s3-A-0012-sw0.10-all_history-plain,True,
s3-A-0012-sw0.10-all_history-domain_augmented,True,
s3-A-0012-sw0.10-five_year-plain,True,
s3-A-0012-sw0.10-five_year-domain_augmented,True,
s3-A-0012-sw0.10-half_life_2-plain,True,
s3-A-0012-sw0.10-half_life_2-domain_augmented,True,
s3-A-0012-sw0.10-half_life_4-plain,True,
s3-A-0012-sw0.10-half_life_4-domain_augmented,True,
s3-A-0012-sw0.10-half_life_6-plain,True,
s3-A-0012-sw0.10-half_life_6-domain_augmented,True,
s3-A-0012-sw0.25-all_history-plain,True,
s3-A-0012-sw0.25-all_history-domain_augmented,True,
s3-A-0012-sw0.25-five_year-plain,True,
s3-A-0012-sw0.25-five_year-domain_augmented,True,
s3-A-0012-sw0.25-half_life_2-plain,True,
s3-A-0012-sw0.25-half_life_2-domain_augmented,True,
s3-A-0012-sw0.25-half_life_4-plain,True,
s3-A-0012-sw0.25-half_life_4-domain_augmented,True,
s3-A-0012-sw0.25-half_life_6-plain,True,
s3-A-0012-sw0.25-half_life_6-domain_augmented,True,
s3-A-0012-sw0.50-all_history-plain,True,
s3-A-0012-sw0.50-all_history-domain_augmented,True,
s3-A-0012-sw0.50-five_year-plain,True,
s3-A-0012-sw0.50-five_year-domain_augmented,True,
s3-A-0012-sw0.50-half_life_2-plain,True,
s3-A-0012-sw0.50-half_life_2-domain_augmented,True,
s3-A-0012-sw0.50-half_life_4-plain,True,
s3-A-0012-sw0.50-half_life_4-domain_augmented,True,
s3-A-0012-sw0.50-half_life_6-plain,True,
s3-A-0012-sw0.50-half_life_6-domain_augmented,True,
s3-A-0013-sw0.00-all_history-plain,True,
s3-A-0013-sw0.00-all_history-domain_augmented,True,
s3-A-0013-sw0.00-five_year-plain,True,
s3-A-0013-sw0.00-five_year-domain_augmented,True,
s3-A-0013-sw0.00-half_life_2-plain,True,
s3-A-0013-sw0.00-half_life_2-domain_augmented,True,
s3-A-0013-sw0.00-half_life_4-plain,True,
s3-A-0013-sw0.00-half_life_4-domain_augmented,True,
s3-A-0013-sw0.00-half_life_6-plain,True,
s3-A-0013-sw0.00-half_life_6-domain_augmented,True,
s3-A-0013-sw0.10-all_history-plain,True,
s3-A-0013-sw0.10-all_history-domain_augmented,True,
s3-A-0013-sw0.10-five_year-plain,True,
s3-A-0013-sw0.10-five_year-domain_augmented,True,
s3-A-0013-sw0.10-half_life_2-plain,True,
s3-A-0013-sw0.10-half_life_2-domain_augmented,True,
s3-A-0013-sw0.10-half_life_4-plain,True,
s3-A-0013-sw0.10-half_life_4-domain_augmented,True,
s3-A-0013-sw0.10-half_life_6-plain,True,
s3-A-0013-sw0.10-half_life_6-domain_augmented,True,
s3-A-0013-sw0.25-all_history-plain,True,
s3-A-0013-sw0.25-all_history-domain_augmented,True,
s3-A-0013-sw0.25-five_year-plain,True,
s3-A-0013-sw0.25-five_year-domain_augmented,True,
s3-A-0013-sw0.25-half_life_2-plain,True,
s3-A-0013-sw0.25-half_life_2-domain_augmented,True,
s3-A-0013-sw0.25-half_life_4-plain,True,
s3-A-0013-sw0.25-half_life_4-domain_augmented,True,
s3-A-0013-sw0.25-half_life_6-plain,True,
s3-A-0013-sw0.25-half_life_6-domain_augmented,True,
s3-A-0013-sw0.50-all_history-plain,True,
s3-A-0013-sw0.50-all_history-domain_augmented,True,
s3-A-0013-sw0.50-five_year-plain,True,
s3-A-0013-sw0.50-five_year-domain_augmented,True,
s3-A-0013-sw0.50-half_life_2-plain,True,
s3-A-0013-sw0.50-half_life_2-domain_augmented,True,
s3-A-0013-sw0.50-half_life_4-plain,True,
s3-A-0013-sw0.50-half_life_4-domain_augmented,True,
s3-A-0013-sw0.50-half_life_6-plain,True,
s3-A-0013-sw0.50-half_life_6-domain_augmented,True,
s3-A-0014-sw0.00-all_history-plain,True,
s3-A-0014-sw0.00-all_history-domain_augmented,True,
s3-A-0014-sw0.00-five_year-plain,True,
s3-A-0014-sw0.00-five_year-domain_augmented,True,
s3-A-0014-sw0.00-half_life_2-plain,True,
s3-A-0014-sw0.00-half_life_2-domain_augmented,True,
s3-A-0014-sw0.00-half_life_4-plain,True,
s3-A-0014-sw0.00-half_life_4-domain_augmented,True,
s3-A-0014-sw0.00-half_life_6-plain,True,
s3-A-0014-sw0.00-half_life_6-domain_augmented,True,
s3-A-0014-sw0.10-all_history-plain,True,
s3-A-0014-sw0.10-all_history-domain_augmented,True,
s3-A-0014-sw0.10-five_year-plain,True,
s3-A-0014-sw0.10-five_year-domain_augmented,True,
s3-A-0014-sw0.10-half_life_2-plain,True,
s3-A-0014-sw0.10-half_life_2-domain_augmented,True,
s3-A-0014-sw0.10-half_life_4-plain,True,
s3-A-0014-sw0.10-half_life_4-domain_augmented,True,
s3-A-0014-sw0.10-half_life_6-plain,True,
s3-A-0014-sw0.10-half_life_6-domain_augmented,True,
s3-A-0014-sw0.25-all_history-plain,True,
s3-A-0014-sw0.25-all_history-domain_augmented,True,
s3-A-0014-sw0.25-five_year-plain,True,
s3-A-0014-sw0.25-five_year-domain_augmented,True,
s3-A-0014-sw0.25-half_life_2-plain,True,
s3-A-0014-sw0.25-half_life_2-domain_augmented,True,
s3-A-0014-sw0.25-half_life_4-plain,True,
s3-A-0014-sw0.25-half_life_4-domain_augmented,True,
s3-A-0014-sw0.25-half_life_6-plain,True,
s3-A-0014-sw0.25-half_life_6-domain_augmented,True,
s3-A-0014-sw0.50-all_history-plain,True,
s3-A-0014-sw0.50-all_history-domain_augmented,True,
s3-A-0014-sw0.50-five_year-plain,True,
s3-A-0014-sw0.50-five_year-domain_augmented,True,
s3-A-0014-sw0.50-half_life_2-plain,True,
s3-A-0014-sw0.50-half_life_2-domain_augmented,True,
s3-A-0014-sw0.50-half_life_4-plain,True,
s3-A-0014-sw0.50-half_life_4-domain_augmented,True,
s3-A-0014-sw0.50-half_life_6-plain,True,
s3-A-0014-sw0.50-half_life_6-domain_augmented,True,
s3-A-0015-sw0.00-all_history-plain,True,
s3-A-0015-sw0.00-all_history-domain_augmented,True,
s3-A-0015-sw0.00-five_year-plain,True,
s3-A-0015-sw0.00-five_year-domain_augmented,True,
s3-A-0015-sw0.00-half_life_2-plain,True,
s3-A-0015-sw0.00-half_life_2-domain_augmented,True,
s3-A-0015-sw0.00-half_life_4-plain,True,
s3-A-0015-sw0.00-half_life_4-domain_augmented,True,
s3-A-0015-sw0.00-half_life_6-plain,True,
s3-A-0015-sw0.00-half_life_6-domain_augmented,True,
s3-A-0015-sw0.10-all_history-plain,True,
s3-A-0015-sw0.10-all_history-domain_augmented,True,
s3-A-0015-sw0.10-five_year-plain,True,
s3-A-0015-sw0.10-five_year-domain_augmented,True,
s3-A-0015-sw0.10-half_life_2-plain,True,
s3-A-0015-sw0.10-half_life_2-domain_augmented,True,
s3-A-0015-sw0.10-half_life_4-plain,True,
s3-A-0015-sw0.10-half_life_4-domain_augmented,True,
s3-A-0015-sw0.10-half_life_6-plain,True,
s3-A-0015-sw0.10-half_life_6-domain_augmented,True,
s3-A-0015-sw0.25-all_history-plain,True,
s3-A-0015-sw0.25-all_history-domain_augmented,True,
s3-A-0015-sw0.25-five_year-plain,True,
s3-A-0015-sw0.25-five_year-domain_augmented,True,
s3-A-0015-sw0.25-half_life_2-plain,True,
s3-A-0015-sw0.25-half_life_2-domain_augmented,True,
s3-A-0015-sw0.25-half_life_4-plain,True,
s3-A-0015-sw0.25-half_life_4-domain_augmented,True,
s3-A-0015-sw0.25-half_life_6-plain,True,
s3-A-0015-sw0.25-half_life_6-domain_augmented,True,
s3-A-0015-sw0.50-all_history-plain,True,
s3-A-0015-sw0.50-all_history-domain_augmented,True,
s3-A-0015-sw0.50-five_year-plain,True,
s3-A-0015-sw0.50-five_year-domain_augmented,True,
s3-A-0015-sw0.50-half_life_2-plain,True,
s3-A-0015-sw0.50-half_life_2-domain_augmented,True,
s3-A-0015-sw0.50-half_life_4-plain,True,
s3-A-0015-sw0.50-half_life_4-domain_augmented,True,
s3-A-0015-sw0.50-half_life_6-plain,True,
s3-A-0015-sw0.50-half_life_6-domain_augmented,True,
s3-A-0015-ensemble-0.25,True,requires compatible top pair
s3-A-0015-ensemble-0.50,True,requires compatible top pair
s3-A-0015-ensemble-0.75,True,requires compatible top pair
s3-A-0016-sw0.00-all_history-plain,True,
s3-A-0016-sw0.00-all_history-domain_augmented,True,
s3-A-0016-sw0.00-five_year-plain,True,
s3-A-0016-sw0.00-five_year-domain_augmented,True,
s3-A-0016-sw0.00-half_life_2-plain,True,
s3-A-0016-sw0.00-half_life_2-domain_augmented,True,
s3-A-0016-sw0.00-half_life_4-plain,True,
s3-A-0016-sw0.00-half_life_4-domain_augmented,True,
s3-A-0016-sw0.00-half_life_6-plain,True,
s3-A-0016-sw0.00-half_life_6-domain_augmented,True,
s3-A-0016-sw0.10-all_history-plain,True,
s3-A-0016-sw0.10-all_history-domain_augmented,True,
s3-A-0016-sw0.10-five_year-plain,True,
s3-A-0016-sw0.10-five_year-domain_augmented,True,
s3-A-0016-sw0.10-half_life_2-plain,True,
s3-A-0016-sw0.10-half_life_2-domain_augmented,True,
s3-A-0016-sw0.10-half_life_4-plain,True,
s3-A-0016-sw0.10-half_life_4-domain_augmented,True,
s3-A-0016-sw0.10-half_life_6-plain,True,
s3-A-0016-sw0.10-half_life_6-domain_augmented,True,
s3-A-0016-sw0.25-all_history-plain,True,
s3-A-0016-sw0.25-all_history-domain_augmented,True,
s3-A-0016-sw0.25-five_year-plain,True,
s3-A-0016-sw0.25-five_year-domain_augmented,True,
s3-A-0016-sw0.25-half_life_2-plain,True,
s3-A-0016-sw0.25-half_life_2-domain_augmented,True,
s3-A-0016-sw0.25-half_life_4-plain,True,
s3-A-0016-sw0.25-half_life_4-domain_augmented,True,
s3-A-0016-sw0.25-half_life_6-plain,True,
s3-A-0016-sw0.25-half_life_6-domain_augmented,True,
s3-A-0016-sw0.50-all_history-plain,True,
s3-A-0016-sw0.50-all_history-domain_augmented,True,
s3-A-0016-sw0.50-five_year-plain,True,
s3-A-0016-sw0.50-five_year-domain_augmented,True,
s3-A-0016-sw0.50-half_life_2-plain,True,
s3-A-0016-sw0.50-half_life_2-domain_augmented,True,
s3-A-0016-sw0.50-half_life_4-plain,True,
s3-A-0016-sw0.50-half_life_4-domain_augmented,True,
s3-A-0016-sw0.50-half_life_6-plain,True,
s3-A-0016-sw0.50-half_life_6-domain_augmented,True,
s3-A-0016-ensemble-0.25,True,requires compatible top pair
s3-A-0016-ensemble-0.50,True,requires compatible top pair
s3-A-0016-ensemble-0.75,True,requires compatible top pair
s3-A-0017-sw0.00-all_history-plain,True,
s3-A-0017-sw0.00-all_history-domain_augmented,True,
s3-A-0017-sw0.00-five_year-plain,True,
s3-A-0017-sw0.00-five_year-domain_augmented,True,
s3-A-0017-sw0.00-half_life_2-plain,True,
s3-A-0017-sw0.00-half_life_2-domain_augmented,True,
s3-A-0017-sw0.00-half_life_4-plain,True,
s3-A-0017-sw0.00-half_life_4-domain_augmented,True,
s3-A-0017-sw0.00-half_life_6-plain,True,
s3-A-0017-sw0.00-half_life_6-domain_augmented,True,
s3-A-0017-sw0.10-all_history-plain,True,
s3-A-0017-sw0.10-all_history-domain_augmented,True,
s3-A-0017-sw0.10-five_year-plain,True,
s3-A-0017-sw0.10-five_year-domain_augmented,True,
s3-A-0017-sw0.10-half_life_2-plain,True,
s3-A-0017-sw0.10-half_life_2-domain_augmented,True,
s3-A-0017-sw0.10-half_life_4-plain,True,
s3-A-0017-sw0.10-half_life_4-domain_augmented,True,
s3-A-0017-sw0.10-half_life_6-plain,True,
s3-A-0017-sw0.10-half_life_6-domain_augmented,True,
s3-A-0017-sw0.25-all_history-plain,True,
s3-A-0017-sw0.25-all_history-domain_augmented,True,
s3-A-0017-sw0.25-five_year-plain,True,
s3-A-0017-sw0.25-five_year-domain_augmented,True,
s3-A-0017-sw0.25-half_life_2-plain,True,
s3-A-0017-sw0.25-half_life_2-domain_augmented,True,
s3-A-0017-sw0.25-half_life_4-plain,True,
s3-A-0017-sw0.25-half_life_4-domain_augmented,True,
s3-A-0017-sw0.25-half_life_6-plain,True,
s3-A-0017-sw0.25-half_life_6-domain_augmented,True,
s3-A-0017-sw0.50-all_history-plain,True,
s3-A-0017-sw0.50-all_history-domain_augmented,True,
s3-A-0017-sw0.50-five_year-plain,True,
s3-A-0017-sw0.50-five_year-domain_augmented,True,
s3-A-0017-sw0.50-half_life_2-plain,True,
s3-A-0017-sw0.50-half_life_2-domain_augmented,True,
s3-A-0017-sw0.50-half_life_4-plain,True,
s3-A-0017-sw0.50-half_life_4-domain_augmented,True,
s3-A-0017-sw0.50-half_life_6-plain,True,
s3-A-0017-sw0.50-half_life_6-domain_augmented,True,
s3-A-0017-ensemble-0.25,True,requires compatible top pair
s3-A-0017-ensemble-0.50,True,requires compatible top pair
s3-A-0017-ensemble-0.75,True,requires compatible top pair
s3-A-0018-sw0.00-all_history-plain,True,
s3-A-0018-sw0.00-all_history-domain_augmented,True,
s3-A-0018-sw0.00-five_year-plain,True,
s3-A-0018-sw0.00-five_year-domain_augmented,True,
s3-A-0018-sw0.00-half_life_2-plain,True,
s3-A-0018-sw0.00-half_life_2-domain_augmented,True,
s3-A-0018-sw0.00-half_life_4-plain,True,
s3-A-0018-sw0.00-half_life_4-domain_augmented,True,
s3-A-0018-sw0.00-half_life_6-plain,True,
s3-A-0018-sw0.00-half_life_6-domain_augmented,True,
s3-A-0018-sw0.10-all_history-plain,True,
s3-A-0018-sw0.10-all_history-domain_augmented,True,
s3-A-0018-sw0.10-five_year-plain,True,
s3-A-0018-sw0.10-five_year-domain_augmented,True,
s3-A-0018-sw0.10-half_life_2-plain,True,
s3-A-0018-sw0.10-half_life_2-domain_augmented,True,
s3-A-0018-sw0.10-half_life_4-plain,True,
s3-A-0018-sw0.10-half_life_4-domain_augmented,True,
s3-A-0018-sw0.10-half_life_6-plain,True,
s3-A-0018-sw0.10-half_life_6-domain_augmented,True,
s3-A-0018-sw0.25-all_history-plain,True,
s3-A-0018-sw0.25-all_history-domain_augmented,True,
s3-A-0018-sw0.25-five_year-plain,True,
s3-A-0018-sw0.25-five_year-domain_augmented,True,
s3-A-0018-sw0.25-half_life_2-plain,True,
s3-A-0018-sw0.25-half_life_2-domain_augmented,True,
s3-A-0018-sw0.25-half_life_4-plain,True,
s3-A-0018-sw0.25-half_life_4-domain_augmented,True,
s3-A-0018-sw0.25-half_life_6-plain,True,
s3-A-0018-sw0.25-half_life_6-domain_augmented,True,
s3-A-0018-sw0.50-all_history-plain,True,
s3-A-0018-sw0.50-all_history-domain_augmented,True,
s3-A-0018-sw0.50-five_year-plain,True,
s3-A-0018-sw0.50-five_year-domain_augmented,True,
s3-A-0018-sw0.50-half_life_2-plain,True,
s3-A-0018-sw0.50-half_life_2-domain_augmented,True,
s3-A-0018-sw0.50-half_life_4-plain,True,
s3-A-0018-sw0.50-half_life_4-domain_augmented,True,
s3-A-0018-sw0.50-half_life_6-plain,True,
s3-A-0018-sw0.50-half_life_6-domain_augmented,True,
s3-A-0018-ensemble-0.25,True,requires compatible top pair
s3-A-0018-ensemble-0.50,True,requires compatible top pair
s3-A-0018-ensemble-0.75,True,requires compatible top pair
s3-A-0019-sw0.00-all_history-plain,True,
s3-A-0019-sw0.00-all_history-domain_augmented,True,
s3-A-0019-sw0.00-five_year-plain,True,
s3-A-0019-sw0.00-five_year-domain_augmented,True,
s3-A-0019-sw0.00-half_life_2-plain,True,
s3-A-0019-sw0.00-half_life_2-domain_augmented,True,
s3-A-0019-sw0.00-half_life_4-plain,True,
s3-A-0019-sw0.00-half_life_4-domain_augmented,True,
s3-A-0019-sw0.00-half_life_6-plain,True,
s3-A-0019-sw0.00-half_life_6-domain_augmented,True,
s3-A-0019-sw0.10-all_history-plain,True,
s3-A-0019-sw0.10-all_history-domain_augmented,True,
s3-A-0019-sw0.10-five_year-plain,True,
s3-A-0019-sw0.10-five_year-domain_augmented,True,
s3-A-0019-sw0.10-half_life_2-plain,True,
s3-A-0019-sw0.10-half_life_2-domain_augmented,True,
s3-A-0019-sw0.10-half_life_4-plain,True,
s3-A-0019-sw0.10-half_life_4-domain_augmented,True,
s3-A-0019-sw0.10-half_life_6-plain,True,
s3-A-0019-sw0.10-half_life_6-domain_augmented,True,
s3-A-0019-sw0.25-all_history-plain,True,
s3-A-0019-sw0.25-all_history-domain_augmented,True,
s3-A-0019-sw0.25-five_year-plain,True,
s3-A-0019-sw0.25-five_year-domain_augmented,True,
s3-A-0019-sw0.25-half_life_2-plain,True,
s3-A-0019-sw0.25-half_life_2-domain_augmented,True,
s3-A-0019-sw0.25-half_life_4-plain,True,
s3-A-0019-sw0.25-half_life_4-domain_augmented,True,
s3-A-0019-sw0.25-half_life_6-plain,True,
s3-A-0019-sw0.25-half_life_6-domain_augmented,True,
s3-A-0019-sw0.50-all_history-plain,True,
s3-A-0019-sw0.50-all_history-domain_augmented,True,
s3-A-0019-sw0.50-five_year-plain,True,
s3-A-0019-sw0.50-five_year-domain_augmented,True,
s3-A-0019-sw0.50-half_life_2-plain,True,
s3-A-0019-sw0.50-half_life_2-domain_augmented,True,
s3-A-0019-sw0.50-half_life_4-plain,True,
s3-A-0019-sw0.50-half_life_4-domain_augmented,True,
s3-A-0019-sw0.50-half_life_6-plain,True,
s3-A-0019-sw0.50-half_life_6-domain_augmented,True,
s3-A-0019-ensemble-0.25,True,requires compatible top pair
s3-A-0019-ensemble-0.50,True,requires compatible top pair
s3-A-0019-ensemble-0.75,True,requires compatible top pair
s3-A-0020-sw0.00-all_history-plain,True,
s3-A-0020-sw0.00-all_history-domain_augmented,True,
s3-A-0020-sw0.00-five_year-plain,True,
s3-A-0020-sw0.00-five_year-domain_augmented,True,
s3-A-0020-sw0.00-half_life_2-plain,True,
s3-A-0020-sw0.00-half_life_2-domain_augmented,True,
s3-A-0020-sw0.00-half_life_4-plain,True,
s3-A-0020-sw0.00-half_life_4-domain_augmented,True,
s3-A-0020-sw0.00-half_life_6-plain,True,
s3-A-0020-sw0.00-half_life_6-domain_augmented,True,
s3-A-0020-sw0.10-all_history-plain,True,
s3-A-0020-sw0.10-all_history-domain_augmented,True,
s3-A-0020-sw0.10-five_year-plain,True,
s3-A-0020-sw0.10-five_year-domain_augmented,True,
s3-A-0020-sw0.10-half_life_2-plain,True,
s3-A-0020-sw0.10-half_life_2-domain_augmented,True,
s3-A-0020-sw0.10-half_life_4-plain,True,
s3-A-0020-sw0.10-half_life_4-domain_augmented,True,
s3-A-0020-sw0.10-half_life_6-plain,True,
s3-A-0020-sw0.10-half_life_6-domain_augmented,True,
s3-A-0020-sw0.25-all_history-plain,True,
s3-A-0020-sw0.25-all_history-domain_augmented,True,
s3-A-0020-sw0.25-five_year-plain,True,
s3-A-0020-sw0.25-five_year-domain_augmented,True,
s3-A-0020-sw0.25-half_life_2-plain,True,
s3-A-0020-sw0.25-half_life_2-domain_augmented,True,
s3-A-0020-sw0.25-half_life_4-plain,True,
s3-A-0020-sw0.25-half_life_4-domain_augmented,True,
s3-A-0020-sw0.25-half_life_6-plain,True,
s3-A-0020-sw0.25-half_life_6-domain_augmented,True,
s3-A-0020-sw0.50-all_history-plain,True,
s3-A-0020-sw0.50-all_history-domain_augmented,True,
s3-A-0020-sw0.50-five_year-plain,True,
s3-A-0020-sw0.50-five_year-domain_augmented,True,
s3-A-0020-sw0.50-half_life_2-plain,True,
s3-A-0020-sw0.50-half_life_2-domain_augmented,True,
s3-A-0020-sw0.50-half_life_4-plain,True,
s3-A-0020-sw0.50-half_life_4-domain_augmented,True,
s3-A-0020-sw0.50-half_life_6-plain,True,
s3-A-0020-sw0.50-half_life_6-domain_augmented,True,
s3-A-0020-ensemble-0.25,True,requires compatible top pair
s3-A-0020-ensemble-0.50,True,requires compatible top pair
s3-A-0020-ensemble-0.75,True,requires compatible top pair
s3-A-0021-sw0.00-all_history-plain,True,
s3-A-0021-sw0.00-all_history-domain_augmented,True,
s3-A-0021-sw0.00-five_year-plain,True,
s3-A-0021-sw0.00-five_year-domain_augmented,True,
s3-A-0021-sw0.00-half_life_2-plain,True,
s3-A-0021-sw0.00-half_life_2-domain_augmented,True,
s3-A-0021-sw0.00-half_life_4-plain,True,
s3-A-0021-sw0.00-half_life_4-domain_augmented,True,
s3-A-0021-sw0.00-half_life_6-plain,True,
s3-A-0021-sw0.00-half_life_6-domain_augmented,True,
s3-A-0021-sw0.10-all_history-plain,True,
s3-A-0021-sw0.10-all_history-domain_augmented,True,
s3-A-0021-sw0.10-five_year-plain,True,
s3-A-0021-sw0.10-five_year-domain_augmented,True,
s3-A-0021-sw0.10-half_life_2-plain,True,
s3-A-0021-sw0.10-half_life_2-domain_augmented,True,
s3-A-0021-sw0.10-half_life_4-plain,True,
s3-A-0021-sw0.10-half_life_4-domain_augmented,True,
s3-A-0021-sw0.10-half_life_6-plain,True,
s3-A-0021-sw0.10-half_life_6-domain_augmented,True,
s3-A-0021-sw0.25-all_history-plain,True,
s3-A-0021-sw0.25-all_history-domain_augmented,True,
s3-A-0021-sw0.25-five_year-plain,True,
s3-A-0021-sw0.25-five_year-domain_augmented,True,
s3-A-0021-sw0.25-half_life_2-plain,True,
s3-A-0021-sw0.25-half_life_2-domain_augmented,True,
s3-A-0021-sw0.25-half_life_4-plain,True,
s3-A-0021-sw0.25-half_life_4-domain_augmented,True,
s3-A-0021-sw0.25-half_life_6-plain,True,
s3-A-0021-sw0.25-half_life_6-domain_augmented,True,
s3-A-0021-sw0.50-all_history-plain,True,
s3-A-0021-sw0.50-all_history-domain_augmented,True,
s3-A-0021-sw0.50-five_year-plain,True,
s3-A-0021-sw0.50-five_year-domain_augmented,True,
s3-A-0021-sw0.50-half_life_2-plain,True,
s3-A-0021-sw0.50-half_life_2-domain_augmented,True,
s3-A-0021-sw0.50-half_life_4-plain,True,
s3-A-0021-sw0.50-half_life_4-domain_augmented,True,
s3-A-0021-sw0.50-half_life_6-plain,True,
s3-A-0021-sw0.50-half_life_6-domain_augmented,True,
s3-A-0021-ensemble-0.25,True,requires compatible top pair
s3-A-0021-ensemble-0.50,True,requires compatible top pair
s3-A-0021-ensemble-0.75,True,requires compatible top pair
s3-A-0022-sw0.00-all_history-plain,True,
s3-A-0022-sw0.00-all_history-domain_augmented,True,
s3-A-0022-sw0.00-five_year-plain,True,
s3-A-0022-sw0.00-five_year-domain_augmented,True,
s3-A-0022-sw0.00-half_life_2-plain,True,
s3-A-0022-sw0.00-half_life_2-domain_augmented,True,
s3-A-0022-sw0.00-half_life_4-plain,True,
s3-A-0022-sw0.00-half_life_4-domain_augmented,True,
s3-A-0022-sw0.00-half_life_6-plain,True,
s3-A-0022-sw0.00-half_life_6-domain_augmented,True,
s3-A-0022-sw0.10-all_history-plain,True,
s3-A-0022-sw0.10-all_history-domain_augmented,True,
s3-A-0022-sw0.10-five_year-plain,True,
s3-A-0022-sw0.10-five_year-domain_augmented,True,
s3-A-0022-sw0.10-half_life_2-plain,True,
s3-A-0022-sw0.10-half_life_2-domain_augmented,True,
s3-A-0022-sw0.10-half_life_4-plain,True,
s3-A-0022-sw0.10-half_life_4-domain_augmented,True,
s3-A-0022-sw0.10-half_life_6-plain,True,
s3-A-0022-sw0.10-half_life_6-domain_augmented,True,
s3-A-0022-sw0.25-all_history-plain,True,
s3-A-0022-sw0.25-all_history-domain_augmented,True,
s3-A-0022-sw0.25-five_year-plain,True,
s3-A-0022-sw0.25-five_year-domain_augmented,True,
s3-A-0022-sw0.25-half_life_2-plain,True,
s3-A-0022-sw0.25-half_life_2-domain_augmented,True,
s3-A-0022-sw0.25-half_life_4-plain,True,
s3-A-0022-sw0.25-half_life_4-domain_augmented,True,
s3-A-0022-sw0.25-half_life_6-plain,True,
s3-A-0022-sw0.25-half_life_6-domain_augmented,True,
s3-A-0022-sw0.50-all_history-plain,True,
s3-A-0022-sw0.50-all_history-domain_augmented,True,
s3-A-0022-sw0.50-five_year-plain,True,
s3-A-0022-sw0.50-five_year-domain_augmented,True,
s3-A-0022-sw0.50-half_life_2-plain,True,
s3-A-0022-sw0.50-half_life_2-domain_augmented,True,
s3-A-0022-sw0.50-half_life_4-plain,True,
s3-A-0022-sw0.50-half_life_4-domain_augmented,True,
s3-A-0022-sw0.50-half_life_6-plain,True,
s3-A-0022-sw0.50-half_life_6-domain_augmented,True,
s3-A-0022-ensemble-0.25,True,requires compatible top pair
s3-A-0022-ensemble-0.50,True,requires compatible top pair
s3-A-0022-ensemble-0.75,True,requires compatible top pair
s3-A-0023-sw0.00-all_history-plain,True,
s3-A-0023-sw0.00-all_history-domain_augmented,True,
s3-A-0023-sw0.00-five_year-plain,True,
s3-A-0023-sw0.00-five_year-domain_augmented,True,
s3-A-0023-sw0.00-half_life_2-plain,True,
s3-A-0023-sw0.00-half_life_2-domain_augmented,True,
s3-A-0023-sw0.00-half_life_4-plain,True,
s3-A-0023-sw0.00-half_life_4-domain_augmented,True,
s3-A-0023-sw0.00-half_life_6-plain,True,
s3-A-0023-sw0.00-half_life_6-domain_augmented,True,
s3-A-0023-sw0.10-all_history-plain,True,
s3-A-0023-sw0.10-all_history-domain_augmented,True,
s3-A-0023-sw0.10-five_year-plain,True,
s3-A-0023-sw0.10-five_year-domain_augmented,True,
s3-A-0023-sw0.10-half_life_2-plain,True,
s3-A-0023-sw0.10-half_life_2-domain_augmented,True,
s3-A-0023-sw0.10-half_life_4-plain,True,
s3-A-0023-sw0.10-half_life_4-domain_augmented,True,
s3-A-0023-sw0.10-half_life_6-plain,True,
s3-A-0023-sw0.10-half_life_6-domain_augmented,True,
s3-A-0023-sw0.25-all_history-plain,True,
s3-A-0023-sw0.25-all_history-domain_augmented,True,
s3-A-0023-sw0.25-five_year-plain,True,
s3-A-0023-sw0.25-five_year-domain_augmented,True,
s3-A-0023-sw0.25-half_life_2-plain,True,
s3-A-0023-sw0.25-half_life_2-domain_augmented,True,
s3-A-0023-sw0.25-half_life_4-plain,True,
s3-A-0023-sw0.25-half_life_4-domain_augmented,True,
s3-A-0023-sw0.25-half_life_6-plain,True,
s3-A-0023-sw0.25-half_life_6-domain_augmented,True,
s3-A-0023-sw0.50-all_history-plain,True,
s3-A-0023-sw0.50-all_history-domain_augmented,True,
s3-A-0023-sw0.50-five_year-plain,True,
s3-A-0023-sw0.50-five_year-domain_augmented,True,
s3-A-0023-sw0.50-half_life_2-plain,True,
s3-A-0023-sw0.50-half_life_2-domain_augmented,True,
s3-A-0023-sw0.50-half_life_4-plain,True,
s3-A-0023-sw0.50-half_life_4-domain_augmented,True,
s3-A-0023-sw0.50-half_life_6-plain,True,
s3-A-0023-sw0.50-half_life_6-domain_augmented,True,
s3-A-0023-ensemble-0.25,True,requires compatible top pair
s3-A-0023-ensemble-0.50,True,requires compatible top pair
s3-A-0023-ensemble-0.75,True,requires compatible top pair
s3-A-0024-sw0.00-all_history-plain,True,
s3-A-0024-sw0.00-all_history-domain_augmented,True,
s3-A-0024-sw0.00-five_year-plain,True,
s3-A-0024-sw0.00-five_year-domain_augmented,True,
s3-A-0024-sw0.00-half_life_2-plain,True,
s3-A-0024-sw0.00-half_life_2-domain_augmented,True,
s3-A-0024-sw0.00-half_life_4-plain,True,
s3-A-0024-sw0.00-half_life_4-domain_augmented,True,
s3-A-0024-sw0.00-half_life_6-plain,True,
s3-A-0024-sw0.00-half_life_6-domain_augmented,True,
s3-A-0024-sw0.10-all_history-plain,True,
s3-A-0024-sw0.10-all_history-domain_augmented,True,
s3-A-0024-sw0.10-five_year-plain,True,
s3-A-0024-sw0.10-five_year-domain_augmented,True,
s3-A-0024-sw0.10-half_life_2-plain,True,
s3-A-0024-sw0.10-half_life_2-domain_augmented,True,
s3-A-0024-sw0.10-half_life_4-plain,True,
s3-A-0024-sw0.10-half_life_4-domain_augmented,True,
s3-A-0024-sw0.10-half_life_6-plain,True,
s3-A-0024-sw0.10-half_life_6-domain_augmented,True,
s3-A-0024-sw0.25-all_history-plain,True,
s3-A-0024-sw0.25-all_history-domain_augmented,True,
s3-A-0024-sw0.25-five_year-plain,True,
s3-A-0024-sw0.25-five_year-domain_augmented,True,
s3-A-0024-sw0.25-half_life_2-plain,True,
s3-A-0024-sw0.25-half_life_2-domain_augmented,True,
s3-A-0024-sw0.25-half_life_4-plain,True,
s3-A-0024-sw0.25-half_life_4-domain_augmented,True,
s3-A-0024-sw0.25-half_life_6-plain,True,
s3-A-0024-sw0.25-half_life_6-domain_augmented,True,
s3-A-0024-sw0.50-all_history-plain,True,
s3-A-0024-sw0.50-all_history-domain_augmented,True,
s3-A-0024-sw0.50-five_year-plain,True,
s3-A-0024-sw0.50-five_year-domain_augmented,True,
s3-A-0024-sw0.50-half_life_2-plain,True,
s3-A-0024-sw0.50-half_life_2-domain_augmented,True,
s3-A-0024-sw0.50-half_life_4-plain,True,
s3-A-0024-sw0.50-half_life_4-domain_augmented,True,
s3-A-0024-sw0.50-half_life_6-plain,True,
s3-A-0024-sw0.50-half_life_6-domain_augmented,True,
s3-A-0024-ensemble-0.25,True,requires compatible top pair
s3-A-0024-ensemble-0.50,True,requires compatible top pair
s3-A-0024-ensemble-0.75,True,requires compatible top pair
s3-A-0025-sw0.00-all_history-plain,True,
s3-A-0025-sw0.00-all_history-domain_augmented,True,
s3-A-0025-sw0.00-five_year-plain,True,
s3-A-0025-sw0.00-five_year-domain_augmented,True,
s3-A-0025-sw0.00-half_life_2-plain,True,
s3-A-0025-sw0.00-half_life_2-domain_augmented,True,
s3-A-0025-sw0.00-half_life_4-plain,True,
s3-A-0025-sw0.00-half_life_4-domain_augmented,True,
s3-A-0025-sw0.00-half_life_6-plain,True,
s3-A-0025-sw0.00-half_life_6-domain_augmented,True,
s3-A-0025-sw0.10-all_history-plain,True,
s3-A-0025-sw0.10-all_history-domain_augmented,True,
s3-A-0025-sw0.10-five_year-plain,True,
s3-A-0025-sw0.10-five_year-domain_augmented,True,
s3-A-0025-sw0.10-half_life_2-plain,True,
s3-A-0025-sw0.10-half_life_2-domain_augmented,True,
s3-A-0025-sw0.10-half_life_4-plain,True,
s3-A-0025-sw0.10-half_life_4-domain_augmented,True,
s3-A-0025-sw0.10-half_life_6-plain,True,
s3-A-0025-sw0.10-half_life_6-domain_augmented,True,
s3-A-0025-sw0.25-all_history-plain,True,
s3-A-0025-sw0.25-all_history-domain_augmented,True,
s3-A-0025-sw0.25-five_year-plain,True,
s3-A-0025-sw0.25-five_year-domain_augmented,True,
s3-A-0025-sw0.25-half_life_2-plain,True,
s3-A-0025-sw0.25-half_life_2-domain_augmented,True,
s3-A-0025-sw0.25-half_life_4-plain,True,
s3-A-0025-sw0.25-half_life_4-domain_augmented,True,
s3-A-0025-sw0.25-half_life_6-plain,True,
s3-A-0025-sw0.25-half_life_6-domain_augmented,True,
s3-A-0025-sw0.50-all_history-plain,True,
s3-A-0025-sw0.50-all_history-domain_augmented,True,
s3-A-0025-sw0.50-five_year-plain,True,
s3-A-0025-sw0.50-five_year-domain_augmented,True,
s3-A-0025-sw0.50-half_life_2-plain,True,
s3-A-0025-sw0.50-half_life_2-domain_augmented,True,
s3-A-0025-sw0.50-half_life_4-plain,True,
s3-A-0025-sw0.50-half_life_4-domain_augmented,True,
s3-A-0025-sw0.50-half_life_6-plain,True,
s3-A-0025-sw0.50-half_life_6-domain_augmented,True,
s3-A-0025-ensemble-0.25,True,requires compatible top pair
s3-A-0025-ensemble-0.50,True,requires compatible top pair
s3-A-0025-ensemble-0.75,True,requires compatible top pair
s3-A-0026-sw0.00-all_history-plain,True,
s3-A-0026-sw0.00-all_history-domain_augmented,True,
s3-A-0026-sw0.00-five_year-plain,True,
s3-A-0026-sw0.00-five_year-domain_augmented,True,
s3-A-0026-sw0.00-half_life_2-plain,True,
s3-A-0026-sw0.00-half_life_2-domain_augmented,True,
s3-A-0026-sw0.00-half_life_4-plain,True,
s3-A-0026-sw0.00-half_life_4-domain_augmented,True,
s3-A-0026-sw0.00-half_life_6-plain,True,
s3-A-0026-sw0.00-half_life_6-domain_augmented,True,
s3-A-0026-sw0.10-all_history-plain,True,
s3-A-0026-sw0.10-all_history-domain_augmented,True,
s3-A-0026-sw0.10-five_year-plain,True,
s3-A-0026-sw0.10-five_year-domain_augmented,True,
s3-A-0026-sw0.10-half_life_2-plain,True,
s3-A-0026-sw0.10-half_life_2-domain_augmented,True,
s3-A-0026-sw0.10-half_life_4-plain,True,
s3-A-0026-sw0.10-half_life_4-domain_augmented,True,
s3-A-0026-sw0.10-half_life_6-plain,True,
s3-A-0026-sw0.10-half_life_6-domain_augmented,True,
s3-A-0026-sw0.25-all_history-plain,True,
s3-A-0026-sw0.25-all_history-domain_augmented,True,
s3-A-0026-sw0.25-five_year-plain,True,
s3-A-0026-sw0.25-five_year-domain_augmented,True,
s3-A-0026-sw0.25-half_life_2-plain,True,
s3-A-0026-sw0.25-half_life_2-domain_augmented,True,
s3-A-0026-sw0.25-half_life_4-plain,True,
s3-A-0026-sw0.25-half_life_4-domain_augmented,True,
s3-A-0026-sw0.25-half_life_6-plain,True,
s3-A-0026-sw0.25-half_life_6-domain_augmented,True,
s3-A-0026-sw0.50-all_history-plain,True,
s3-A-0026-sw0.50-all_history-domain_augmented,True,
s3-A-0026-sw0.50-five_year-plain,True,
s3-A-0026-sw0.50-five_year-domain_augmented,True,
s3-A-0026-sw0.50-half_life_2-plain,True,
s3-A-0026-sw0.50-half_life_2-domain_augmented,True,
s3-A-0026-sw0.50-half_life_4-plain,True,
s3-A-0026-sw0.50-half_life_4-domain_augmented,True,
s3-A-0026-sw0.50-half_life_6-plain,True,
s3-A-0026-sw0.50-half_life_6-domain_augmented,True,
s3-A-0026-ensemble-0.25,True,requires compatible top pair
s3-A-0026-ensemble-0.50,True,requires compatible top pair
s3-A-0026-ensemble-0.75,True,requires compatible top pair
s3-A-0027-sw0.00-all_history-plain,True,
s3-A-0027-sw0.00-all_history-domain_augmented,True,
s3-A-0027-sw0.00-five_year-plain,True,
s3-A-0027-sw0.00-five_year-domain_augmented,True,
s3-A-0027-sw0.00-half_life_2-plain,True,
s3-A-0027-sw0.00-half_life_2-domain_augmented,True,
s3-A-0027-sw0.00-half_life_4-plain,True,
s3-A-0027-sw0.00-half_life_4-domain_augmented,True,
s3-A-0027-sw0.00-half_life_6-plain,True,
s3-A-0027-sw0.00-half_life_6-domain_augmented,True,
s3-A-0027-sw0.10-all_history-plain,True,
s3-A-0027-sw0.10-all_history-domain_augmented,True,
s3-A-0027-sw0.10-five_year-plain,True,
s3-A-0027-sw0.10-five_year-domain_augmented,True,
s3-A-0027-sw0.10-half_life_2-plain,True,
s3-A-0027-sw0.10-half_life_2-domain_augmented,True,
s3-A-0027-sw0.10-half_life_4-plain,True,
s3-A-0027-sw0.10-half_life_4-domain_augmented,True,
s3-A-0027-sw0.10-half_life_6-plain,True,
s3-A-0027-sw0.10-half_life_6-domain_augmented,True,
s3-A-0027-sw0.25-all_history-plain,True,
s3-A-0027-sw0.25-all_history-domain_augmented,True,
s3-A-0027-sw0.25-five_year-plain,True,
s3-A-0027-sw0.25-five_year-domain_augmented,True,
s3-A-0027-sw0.25-half_life_2-plain,True,
s3-A-0027-sw0.25-half_life_2-domain_augmented,True,
s3-A-0027-sw0.25-half_life_4-plain,True,
s3-A-0027-sw0.25-half_life_4-domain_augmented,True,
s3-A-0027-sw0.25-half_life_6-plain,True,
s3-A-0027-sw0.25-half_life_6-domain_augmented,True,
s3-A-0027-sw0.50-all_history-plain,True,
s3-A-0027-sw0.50-all_history-domain_augmented,True,
s3-A-0027-sw0.50-five_year-plain,True,
s3-A-0027-sw0.50-five_year-domain_augmented,True,
s3-A-0027-sw0.50-half_life_2-plain,True,
s3-A-0027-sw0.50-half_life_2-domain_augmented,True,
s3-A-0027-sw0.50-half_life_4-plain,True,
s3-A-0027-sw0.50-half_life_4-domain_augmented,True,
s3-A-0027-sw0.50-half_life_6-plain,True,
s3-A-0027-sw0.50-half_life_6-domain_augmented,True,
s3-A-0027-ensemble-0.25,True,requires compatible top pair
s3-A-0027-ensemble-0.50,True,requires compatible top pair
s3-A-0027-ensemble-0.75,True,requires compatible top pair
s3-A-0028-sw0.00-all_history-plain,True,
s3-A-0028-sw0.00-all_history-domain_augmented,True,
s3-A-0028-sw0.00-five_year-plain,True,
s3-A-0028-sw0.00-five_year-domain_augmented,True,
s3-A-0028-sw0.00-half_life_2-plain,True,
s3-A-0028-sw0.00-half_life_2-domain_augmented,True,
s3-A-0028-sw0.00-half_life_4-plain,True,
s3-A-0028-sw0.00-half_life_4-domain_augmented,True,
s3-A-0028-sw0.00-half_life_6-plain,True,
s3-A-0028-sw0.00-half_life_6-domain_augmented,True,
s3-A-0028-sw0.10-all_history-plain,True,
s3-A-0028-sw0.10-all_history-domain_augmented,True,
s3-A-0028-sw0.10-five_year-plain,True,
s3-A-0028-sw0.10-five_year-domain_augmented,True,
s3-A-0028-sw0.10-half_life_2-plain,True,
s3-A-0028-sw0.10-half_life_2-domain_augmented,True,
s3-A-0028-sw0.10-half_life_4-plain,True,
s3-A-0028-sw0.10-half_life_4-domain_augmented,True,
s3-A-0028-sw0.10-half_life_6-plain,True,
s3-A-0028-sw0.10-half_life_6-domain_augmented,True,
s3-A-0028-sw0.25-all_history-plain,True,
s3-A-0028-sw0.25-all_history-domain_augmented,True,
s3-A-0028-sw0.25-five_year-plain,True,
s3-A-0028-sw0.25-five_year-domain_augmented,True,
s3-A-0028-sw0.25-half_life_2-plain,True,
s3-A-0028-sw0.25-half_life_2-domain_augmented,True,
s3-A-0028-sw0.25-half_life_4-plain,True,
s3-A-0028-sw0.25-half_life_4-domain_augmented,True,
s3-A-0028-sw0.25-half_life_6-plain,True,
s3-A-0028-sw0.25-half_life_6-domain_augmented,True,
s3-A-0028-sw0.50-all_history-plain,True,
s3-A-0028-sw0.50-all_history-domain_augmented,True,
s3-A-0028-sw0.50-five_year-plain,True,
s3-A-0028-sw0.50-five_year-domain_augmented,True,
s3-A-0028-sw0.50-half_life_2-plain,True,
s3-A-0028-sw0.50-half_life_2-domain_augmented,True,
s3-A-0028-sw0.50-half_life_4-plain,True,
s3-A-0028-sw0.50-half_life_4-domain_augmented,True,
s3-A-0028-sw0.50-half_life_6-plain,True,
s3-A-0028-sw0.50-half_life_6-domain_augmented,True,
s3-A-0028-ensemble-0.25,True,requires compatible top pair
s3-A-0028-ensemble-0.50,True,requires compatible top pair
s3-A-0028-ensemble-0.75,True,requires compatible top pair
s3-A-0029-sw0.00-all_history-plain,True,
s3-A-0029-sw0.00-all_history-domain_augmented,True,
s3-A-0029-sw0.00-five_year-plain,True,
s3-A-0029-sw0.00-five_year-domain_augmented,True,
s3-A-0029-sw0.00-half_life_2-plain,True,
s3-A-0029-sw0.00-half_life_2-domain_augmented,True,
s3-A-0029-sw0.00-half_life_4-plain,True,
s3-A-0029-sw0.00-half_life_4-domain_augmented,True,
s3-A-0029-sw0.00-half_life_6-plain,True,
s3-A-0029-sw0.00-half_life_6-domain_augmented,True,
s3-A-0029-sw0.10-all_history-plain,True,
s3-A-0029-sw0.10-all_history-domain_augmented,True,
s3-A-0029-sw0.10-five_year-plain,True,
s3-A-0029-sw0.10-five_year-domain_augmented,True,
s3-A-0029-sw0.10-half_life_2-plain,True,
s3-A-0029-sw0.10-half_life_2-domain_augmented,True,
s3-A-0029-sw0.10-half_life_4-plain,True,
s3-A-0029-sw0.10-half_life_4-domain_augmented,True,
s3-A-0029-sw0.10-half_life_6-plain,True,
s3-A-0029-sw0.10-half_life_6-domain_augmented,True,
s3-A-0029-sw0.25-all_history-plain,True,
s3-A-0029-sw0.25-all_history-domain_augmented,True,
s3-A-0029-sw0.25-five_year-plain,True,
s3-A-0029-sw0.25-five_year-domain_augmented,True,
s3-A-0029-sw0.25-half_life_2-plain,True,
s3-A-0029-sw0.25-half_life_2-domain_augmented,True,
s3-A-0029-sw0.25-half_life_4-plain,True,
s3-A-0029-sw0.25-half_life_4-domain_augmented,True,
s3-A-0029-sw0.25-half_life_6-plain,True,
s3-A-0029-sw0.25-half_life_6-domain_augmented,True,
s3-A-0029-sw0.50-all_history-plain,True,
s3-A-0029-sw0.50-all_history-domain_augmented,True,
s3-A-0029-sw0.50-five_year-plain,True,
s3-A-0029-sw0.50-five_year-domain_augmented,True,
s3-A-0029-sw0.50-half_life_2-plain,True,
s3-A-0029-sw0.50-half_life_2-domain_augmented,True,
s3-A-0029-sw0.50-half_life_4-plain,True,
s3-A-0029-sw0.50-half_life_4-domain_augmented,True,
s3-A-0029-sw0.50-half_life_6-plain,True,
s3-A-0029-sw0.50-half_life_6-domain_augmented,True,
s3-A-0029-ensemble-0.25,True,requires compatible top pair
s3-A-0029-ensemble-0.50,True,requires compatible top pair
s3-A-0029-ensemble-0.75,True,requires compatible top pair
s3-A-0030-sw0.00-all_history-plain,True,
s3-A-0030-sw0.00-all_history-domain_augmented,True,
s3-A-0030-sw0.00-five_year-plain,True,
s3-A-0030-sw0.00-five_year-domain_augmented,True,
s3-A-0030-sw0.00-half_life_2-plain,True,
s3-A-0030-sw0.00-half_life_2-domain_augmented,True,
s3-A-0030-sw0.00-half_life_4-plain,True,
s3-A-0030-sw0.00-half_life_4-domain_augmented,True,
s3-A-0030-sw0.00-half_life_6-plain,True,
s3-A-0030-sw0.00-half_life_6-domain_augmented,True,
s3-A-0030-sw0.10-all_history-plain,True,
s3-A-0030-sw0.10-all_history-domain_augmented,True,
s3-A-0030-sw0.10-five_year-plain,True,
s3-A-0030-sw0.10-five_year-domain_augmented,True,
s3-A-0030-sw0.10-half_life_2-plain,True,
s3-A-0030-sw0.10-half_life_2-domain_augmented,True,
s3-A-0030-sw0.10-half_life_4-plain,True,
s3-A-0030-sw0.10-half_life_4-domain_augmented,True,
s3-A-0030-sw0.10-half_life_6-plain,True,
s3-A-0030-sw0.10-half_life_6-domain_augmented,True,
s3-A-0030-sw0.25-all_history-plain,True,
s3-A-0030-sw0.25-all_history-domain_augmented,True,
s3-A-0030-sw0.25-five_year-plain,True,
s3-A-0030-sw0.25-five_year-domain_augmented,True,
s3-A-0030-sw0.25-half_life_2-plain,True,
s3-A-0030-sw0.25-half_life_2-domain_augmented,True,
s3-A-0030-sw0.25-half_life_4-plain,True,
s3-A-0030-sw0.25-half_life_4-domain_augmented,True,
s3-A-0030-sw0.25-half_life_6-plain,True,
s3-A-0030-sw0.25-half_life_6-domain_augmented,True,
s3-A-0030-sw0.50-all_history-plain,True,
s3-A-0030-sw0.50-all_history-domain_augmented,True,
s3-A-0030-sw0.50-five_year-plain,True,
s3-A-0030-sw0.50-five_year-domain_augmented,True,
s3-A-0030-sw0.50-half_life_2-plain,True,
s3-A-0030-sw0.50-half_life_2-domain_augmented,True,
s3-A-0030-sw0.50-half_life_4-plain,True,
s3-A-0030-sw0.50-half_life_4-domain_augmented,True,
s3-A-0030-sw0.50-half_life_6-plain,True,
s3-A-0030-sw0.50-half_life_6-domain_augmented,True,
s3-A-0030-ensemble-0.25,True,requires compatible top pair
s3-A-0030-ensemble-0.50,True,requires compatible top pair
s3-A-0030-ensemble-0.75,True,requires compatible top pair
s3-A-0031-sw0.00-all_history-plain,True,
s3-A-0031-sw0.00-all_history-domain_augmented,True,
s3-A-0031-sw0.00-five_year-plain,True,
s3-A-0031-sw0.00-five_year-domain_augmented,True,
s3-A-0031-sw0.00-half_life_2-plain,True,
s3-A-0031-sw0.00-half_life_2-domain_augmented,True,
s3-A-0031-sw0.00-half_life_4-plain,True,
s3-A-0031-sw0.00-half_life_4-domain_augmented,True,
s3-A-0031-sw0.00-half_life_6-plain,True,
s3-A-0031-sw0.00-half_life_6-domain_augmented,True,
s3-A-0031-sw0.10-all_history-plain,True,
s3-A-0031-sw0.10-all_history-domain_augmented,True,
s3-A-0031-sw0.10-five_year-plain,True,
s3-A-0031-sw0.10-five_year-domain_augmented,True,
s3-A-0031-sw0.10-half_life_2-plain,True,
s3-A-0031-sw0.10-half_life_2-domain_augmented,True,
s3-A-0031-sw0.10-half_life_4-plain,True,
s3-A-0031-sw0.10-half_life_4-domain_augmented,True,
s3-A-0031-sw0.10-half_life_6-plain,True,
s3-A-0031-sw0.10-half_life_6-domain_augmented,True,
s3-A-0031-sw0.25-all_history-plain,True,
s3-A-0031-sw0.25-all_history-domain_augmented,True,
s3-A-0031-sw0.25-five_year-plain,True,
s3-A-0031-sw0.25-five_year-domain_augmented,True,
s3-A-0031-sw0.25-half_life_2-plain,True,
s3-A-0031-sw0.25-half_life_2-domain_augmented,True,
s3-A-0031-sw0.25-half_life_4-plain,True,
s3-A-0031-sw0.25-half_life_4-domain_augmented,True,
s3-A-0031-sw0.25-half_life_6-plain,True,
s3-A-0031-sw0.25-half_life_6-domain_augmented,True,
s3-A-0031-sw0.50-all_history-plain,True,
s3-A-0031-sw0.50-all_history-domain_augmented,True,
s3-A-0031-sw0.50-five_year-plain,True,
s3-A-0031-sw0.50-five_year-domain_augmented,True,
s3-A-0031-sw0.50-half_life_2-plain,True,
s3-A-0031-sw0.50-half_life_2-domain_augmented,True,
s3-A-0031-sw0.50-half_life_4-plain,True,
s3-A-0031-sw0.50-half_life_4-domain_augmented,True,
s3-A-0031-sw0.50-half_life_6-plain,True,
s3-A-0031-sw0.50-half_life_6-domain_augmented,True,
s3-A-0031-ensemble-0.25,True,requires compatible top pair
s3-A-0031-ensemble-0.50,True,requires compatible top pair
s3-A-0031-ensemble-0.75,True,requires compatible top pair
s3-A-0032-sw0.00-all_history-plain,True,
s3-A-0032-sw0.00-all_history-domain_augmented,True,
s3-A-0032-sw0.00-five_year-plain,True,
s3-A-0032-sw0.00-five_year-domain_augmented,True,
s3-A-0032-sw0.00-half_life_2-plain,True,
s3-A-0032-sw0.00-half_life_2-domain_augmented,True,
s3-A-0032-sw0.00-half_life_4-plain,True,
s3-A-0032-sw0.00-half_life_4-domain_augmented,True,
s3-A-0032-sw0.00-half_life_6-plain,True,
s3-A-0032-sw0.00-half_life_6-domain_augmented,True,
s3-A-0032-sw0.10-all_history-plain,True,
s3-A-0032-sw0.10-all_history-domain_augmented,True,
s3-A-0032-sw0.10-five_year-plain,True,
s3-A-0032-sw0.10-five_year-domain_augmented,True,
s3-A-0032-sw0.10-half_life_2-plain,True,
s3-A-0032-sw0.10-half_life_2-domain_augmented,True,
s3-A-0032-sw0.10-half_life_4-plain,True,
s3-A-0032-sw0.10-half_life_4-domain_augmented,True,
s3-A-0032-sw0.10-half_life_6-plain,True,
s3-A-0032-sw0.10-half_life_6-domain_augmented,True,
s3-A-0032-sw0.25-all_history-plain,True,
s3-A-0032-sw0.25-all_history-domain_augmented,True,
s3-A-0032-sw0.25-five_year-plain,True,
s3-A-0032-sw0.25-five_year-domain_augmented,True,
s3-A-0032-sw0.25-half_life_2-plain,True,
s3-A-0032-sw0.25-half_life_2-domain_augmented,True,
s3-A-0032-sw0.25-half_life_4-plain,True,
s3-A-0032-sw0.25-half_life_4-domain_augmented,True,
s3-A-0032-sw0.25-half_life_6-plain,True,
s3-A-0032-sw0.25-half_life_6-domain_augmented,True,
s3-A-0032-sw0.50-all_history-plain,True,
s3-A-0032-sw0.50-all_history-domain_augmented,True,
s3-A-0032-sw0.50-five_year-plain,True,
s3-A-0032-sw0.50-five_year-domain_augmented,True,
s3-A-0032-sw0.50-half_life_2-plain,True,
s3-A-0032-sw0.50-half_life_2-domain_augmented,True,
s3-A-0032-sw0.50-half_life_4-plain,True,
s3-A-0032-sw0.50-half_life_4-domain_augmented,True,
s3-A-0032-sw0.50-half_life_6-plain,True,
s3-A-0032-sw0.50-half_life_6-domain_augmented,True,
s3-A-0032-ensemble-0.25,True,requires compatible top pair
s3-A-0032-ensemble-0.50,True,requires compatible top pair
s3-A-0032-ensemble-0.75,True,requires compatible top pair
s3-A-0033-sw0.00-all_history-plain,True,
s3-A-0033-sw0.00-all_history-domain_augmented,True,
s3-A-0033-sw0.00-five_year-plain,True,
s3-A-0033-sw0.00-five_year-domain_augmented,True,
s3-A-0033-sw0.00-half_life_2-plain,True,
s3-A-0033-sw0.00-half_life_2-domain_augmented,True,
s3-A-0033-sw0.00-half_life_4-plain,True,
s3-A-0033-sw0.00-half_life_4-domain_augmented,True,
s3-A-0033-sw0.00-half_life_6-plain,True,
s3-A-0033-sw0.00-half_life_6-domain_augmented,True,
s3-A-0033-sw0.10-all_history-plain,True,
s3-A-0033-sw0.10-all_history-domain_augmented,True,
s3-A-0033-sw0.10-five_year-plain,True,
s3-A-0033-sw0.10-five_year-domain_augmented,True,
s3-A-0033-sw0.10-half_life_2-plain,True,
s3-A-0033-sw0.10-half_life_2-domain_augmented,True,
s3-A-0033-sw0.10-half_life_4-plain,True,
s3-A-0033-sw0.10-half_life_4-domain_augmented,True,
s3-A-0033-sw0.10-half_life_6-plain,True,
s3-A-0033-sw0.10-half_life_6-domain_augmented,True,
s3-A-0033-sw0.25-all_history-plain,True,
s3-A-0033-sw0.25-all_history-domain_augmented,True,
s3-A-0033-sw0.25-five_year-plain,True,
s3-A-0033-sw0.25-five_year-domain_augmented,True,
s3-A-0033-sw0.25-half_life_2-plain,True,
s3-A-0033-sw0.25-half_life_2-domain_augmented,True,
s3-A-0033-sw0.25-half_life_4-plain,True,
s3-A-0033-sw0.25-half_life_4-domain_augmented,True,
s3-A-0033-sw0.25-half_life_6-plain,True,
s3-A-0033-sw0.25-half_life_6-domain_augmented,True,
s3-A-0033-sw0.50-all_history-plain,True,
s3-A-0033-sw0.50-all_history-domain_augmented,True,
s3-A-0033-sw0.50-five_year-plain,True,
s3-A-0033-sw0.50-five_year-domain_augmented,True,
s3-A-0033-sw0.50-half_life_2-plain,True,
s3-A-0033-sw0.50-half_life_2-domain_augmented,True,
s3-A-0033-sw0.50-half_life_4-plain,True,
s3-A-0033-sw0.50-half_life_4-domain_augmented,True,
s3-A-0033-sw0.50-half_life_6-plain,True,
s3-A-0033-sw0.50-half_life_6-domain_augmented,True,
s3-A-0033-ensemble-0.25,True,requires compatible top pair
s3-A-0033-ensemble-0.50,True,requires compatible top pair
s3-A-0033-ensemble-0.75,True,requires compatible top pair
s3-A-0034-sw0.00-all_history-plain,True,
s3-A-0034-sw0.00-all_history-domain_augmented,True,
s3-A-0034-sw0.00-five_year-plain,True,
s3-A-0034-sw0.00-five_year-domain_augmented,True,
s3-A-0034-sw0.00-half_life_2-plain,True,
s3-A-0034-sw0.00-half_life_2-domain_augmented,True,
s3-A-0034-sw0.00-half_life_4-plain,True,
s3-A-0034-sw0.00-half_life_4-domain_augmented,True,
s3-A-0034-sw0.00-half_life_6-plain,True,
s3-A-0034-sw0.00-half_life_6-domain_augmented,True,
s3-A-0034-sw0.10-all_history-plain,True,
s3-A-0034-sw0.10-all_history-domain_augmented,True,
s3-A-0034-sw0.10-five_year-plain,True,
s3-A-0034-sw0.10-five_year-domain_augmented,True,
s3-A-0034-sw0.10-half_life_2-plain,True,
s3-A-0034-sw0.10-half_life_2-domain_augmented,True,
s3-A-0034-sw0.10-half_life_4-plain,True,
s3-A-0034-sw0.10-half_life_4-domain_augmented,True,
s3-A-0034-sw0.10-half_life_6-plain,True,
s3-A-0034-sw0.10-half_life_6-domain_augmented,True,
s3-A-0034-sw0.25-all_history-plain,True,
s3-A-0034-sw0.25-all_history-domain_augmented,True,
s3-A-0034-sw0.25-five_year-plain,True,
s3-A-0034-sw0.25-five_year-domain_augmented,True,
s3-A-0034-sw0.25-half_life_2-plain,True,
s3-A-0034-sw0.25-half_life_2-domain_augmented,True,
s3-A-0034-sw0.25-half_life_4-plain,True,
s3-A-0034-sw0.25-half_life_4-domain_augmented,True,
s3-A-0034-sw0.25-half_life_6-plain,True,
s3-A-0034-sw0.25-half_life_6-domain_augmented,True,
s3-A-0034-sw0.50-all_history-plain,True,
s3-A-0034-sw0.50-all_history-domain_augmented,True,
s3-A-0034-sw0.50-five_year-plain,True,
s3-A-0034-sw0.50-five_year-domain_augmented,True,
s3-A-0034-sw0.50-half_life_2-plain,True,
s3-A-0034-sw0.50-half_life_2-domain_augmented,True,
s3-A-0034-sw0.50-half_life_4-plain,True,
s3-A-0034-sw0.50-half_life_4-domain_augmented,True,
s3-A-0034-sw0.50-half_life_6-plain,True,
s3-A-0034-sw0.50-half_life_6-domain_augmented,True,
s3-A-0034-ensemble-0.25,True,requires compatible top pair
s3-A-0034-ensemble-0.50,True,requires compatible top pair
s3-A-0034-ensemble-0.75,True,requires compatible top pair
s3-A-0035-sw0.00-all_history-plain,True,
s3-A-0035-sw0.00-all_history-domain_augmented,True,
s3-A-0035-sw0.00-five_year-plain,True,
s3-A-0035-sw0.00-five_year-domain_augmented,True,
s3-A-0035-sw0.00-half_life_2-plain,True,
s3-A-0035-sw0.00-half_life_2-domain_augmented,True,
s3-A-0035-sw0.00-half_life_4-plain,True,
s3-A-0035-sw0.00-half_life_4-domain_augmented,True,
s3-A-0035-sw0.00-half_life_6-plain,True,
s3-A-0035-sw0.00-half_life_6-domain_augmented,True,
s3-A-0035-sw0.10-all_history-plain,True,
s3-A-0035-sw0.10-all_history-domain_augmented,True,
s3-A-0035-sw0.10-five_year-plain,True,
s3-A-0035-sw0.10-five_year-domain_augmented,True,
s3-A-0035-sw0.10-half_life_2-plain,True,
s3-A-0035-sw0.10-half_life_2-domain_augmented,True,
s3-A-0035-sw0.10-half_life_4-plain,True,
s3-A-0035-sw0.10-half_life_4-domain_augmented,True,
s3-A-0035-sw0.10-half_life_6-plain,True,
s3-A-0035-sw0.10-half_life_6-domain_augmented,True,
s3-A-0035-sw0.25-all_history-plain,True,
s3-A-0035-sw0.25-all_history-domain_augmented,True,
s3-A-0035-sw0.25-five_year-plain,True,
s3-A-0035-sw0.25-five_year-domain_augmented,True,
s3-A-0035-sw0.25-half_life_2-plain,True,
s3-A-0035-sw0.25-half_life_2-domain_augmented,True,
s3-A-0035-sw0.25-half_life_4-plain,True,
s3-A-0035-sw0.25-half_life_4-domain_augmented,True,
s3-A-0035-sw0.25-half_life_6-plain,True,
s3-A-0035-sw0.25-half_life_6-domain_augmented,True,
s3-A-0035-sw0.50-all_history-plain,True,
s3-A-0035-sw0.50-all_history-domain_augmented,True,
s3-A-0035-sw0.50-five_year-plain,True,
s3-A-0035-sw0.50-five_year-domain_augmented,True,
s3-A-0035-sw0.50-half_life_2-plain,True,
s3-A-0035-sw0.50-half_life_2-domain_augmented,True,
s3-A-0035-sw0.50-half_life_4-plain,True,
s3-A-0035-sw0.50-half_life_4-domain_augmented,True,
s3-A-0035-sw0.50-half_life_6-plain,True,
s3-A-0035-sw0.50-half_life_6-domain_augmented,True,
s3-A-0035-ensemble-0.25,True,requires compatible top pair
s3-A-0035-ensemble-0.50,True,requires compatible top pair
s3-A-0035-ensemble-0.75,True,requires compatible top pair
s3-A-0036-sw0.00-all_history-plain,True,
s3-A-0036-sw0.00-all_history-domain_augmented,True,
s3-A-0036-sw0.00-five_year-plain,True,
s3-A-0036-sw0.00-five_year-domain_augmented,True,
s3-A-0036-sw0.00-half_life_2-plain,True,
s3-A-0036-sw0.00-half_life_2-domain_augmented,True,
s3-A-0036-sw0.00-half_life_4-plain,True,
s3-A-0036-sw0.00-half_life_4-domain_augmented,True,
s3-A-0036-sw0.00-half_life_6-plain,True,
s3-A-0036-sw0.00-half_life_6-domain_augmented,True,
s3-A-0036-sw0.10-all_history-plain,True,
s3-A-0036-sw0.10-all_history-domain_augmented,True,
s3-A-0036-sw0.10-five_year-plain,True,
s3-A-0036-sw0.10-five_year-domain_augmented,True,
s3-A-0036-sw0.10-half_life_2-plain,True,
s3-A-0036-sw0.10-half_life_2-domain_augmented,True,
s3-A-0036-sw0.10-half_life_4-plain,True,
s3-A-0036-sw0.10-half_life_4-domain_augmented,True,
s3-A-0036-sw0.10-half_life_6-plain,True,
s3-A-0036-sw0.10-half_life_6-domain_augmented,True,
s3-A-0036-sw0.25-all_history-plain,True,
s3-A-0036-sw0.25-all_history-domain_augmented,True,
s3-A-0036-sw0.25-five_year-plain,True,
s3-A-0036-sw0.25-five_year-domain_augmented,True,
s3-A-0036-sw0.25-half_life_2-plain,True,
s3-A-0036-sw0.25-half_life_2-domain_augmented,True,
s3-A-0036-sw0.25-half_life_4-plain,True,
s3-A-0036-sw0.25-half_life_4-domain_augmented,True,
s3-A-0036-sw0.25-half_life_6-plain,True,
s3-A-0036-sw0.25-half_life_6-domain_augmented,True,
s3-A-0036-sw0.50-all_history-plain,True,
s3-A-0036-sw0.50-all_history-domain_augmented,True,
s3-A-0036-sw0.50-five_year-plain,True,
s3-A-0036-sw0.50-five_year-domain_augmented,True,
s3-A-0036-sw0.50-half_life_2-plain,True,
s3-A-0036-sw0.50-half_life_2-domain_augmented,True,
s3-A-0036-sw0.50-half_life_4-plain,True,
s3-A-0036-sw0.50-half_life_4-domain_augmented,True,
s3-A-0036-sw0.50-half_life_6-plain,True,
s3-A-0036-sw0.50-half_life_6-domain_augmented,True,
s3-A-0036-ensemble-0.25,True,requires compatible top pair
s3-A-0036-ensemble-0.50,True,requires compatible top pair
s3-A-0036-ensemble-0.75,True,requires compatible top pair
s3-A-0037-sw0.00-all_history-plain,True,
s3-A-0037-sw0.00-all_history-domain_augmented,True,
s3-A-0037-sw0.00-five_year-plain,True,
s3-A-0037-sw0.00-five_year-domain_augmented,True,
s3-A-0037-sw0.00-half_life_2-plain,True,
s3-A-0037-sw0.00-half_life_2-domain_augmented,True,
s3-A-0037-sw0.00-half_life_4-plain,True,
s3-A-0037-sw0.00-half_life_4-domain_augmented,True,
s3-A-0037-sw0.00-half_life_6-plain,True,
s3-A-0037-sw0.00-half_life_6-domain_augmented,True,
s3-A-0037-sw0.10-all_history-plain,True,
s3-A-0037-sw0.10-all_history-domain_augmented,True,
s3-A-0037-sw0.10-five_year-plain,True,
s3-A-0037-sw0.10-five_year-domain_augmented,True,
s3-A-0037-sw0.10-half_life_2-plain,True,
s3-A-0037-sw0.10-half_life_2-domain_augmented,True,
s3-A-0037-sw0.10-half_life_4-plain,True,
s3-A-0037-sw0.10-half_life_4-domain_augmented,True,
s3-A-0037-sw0.10-half_life_6-plain,True,
s3-A-0037-sw0.10-half_life_6-domain_augmented,True,
s3-A-0037-sw0.25-all_history-plain,True,
s3-A-0037-sw0.25-all_history-domain_augmented,True,
s3-A-0037-sw0.25-five_year-plain,True,
s3-A-0037-sw0.25-five_year-domain_augmented,True,
s3-A-0037-sw0.25-half_life_2-plain,True,
s3-A-0037-sw0.25-half_life_2-domain_augmented,True,
s3-A-0037-sw0.25-half_life_4-plain,True,
s3-A-0037-sw0.25-half_life_4-domain_augmented,True,
s3-A-0037-sw0.25-half_life_6-plain,True,
s3-A-0037-sw0.25-half_life_6-domain_augmented,True,
s3-A-0037-sw0.50-all_history-plain,True,
s3-A-0037-sw0.50-all_history-domain_augmented,True,
s3-A-0037-sw0.50-five_year-plain,True,
s3-A-0037-sw0.50-five_year-domain_augmented,True,
s3-A-0037-sw0.50-half_life_2-plain,True,
s3-A-0037-sw0.50-half_life_2-domain_augmented,True,
s3-A-0037-sw0.50-half_life_4-plain,True,
s3-A-0037-sw0.50-half_life_4-domain_augmented,True,
s3-A-0037-sw0.50-half_life_6-plain,True,
s3-A-0037-sw0.50-half_life_6-domain_augmented,True,
s3-A-0037-ensemble-0.25,True,requires compatible top pair
s3-A-0037-ensemble-0.50,True,requires compatible top pair
s3-A-0037-ensemble-0.75,True,requires compatible top pair
s3-A-0038-sw0.00-all_history-plain,True,
s3-A-0038-sw0.00-all_history-domain_augmented,True,
s3-A-0038-sw0.00-five_year-plain,True,
s3-A-0038-sw0.00-five_year-domain_augmented,True,
s3-A-0038-sw0.00-half_life_2-plain,True,
s3-A-0038-sw0.00-half_life_2-domain_augmented,True,
s3-A-0038-sw0.00-half_life_4-plain,True,
s3-A-0038-sw0.00-half_life_4-domain_augmented,True,
s3-A-0038-sw0.00-half_life_6-plain,True,
s3-A-0038-sw0.00-half_life_6-domain_augmented,True,
s3-A-0038-sw0.10-all_history-plain,True,
s3-A-0038-sw0.10-all_history-domain_augmented,True,
s3-A-0038-sw0.10-five_year-plain,True,
s3-A-0038-sw0.10-five_year-domain_augmented,True,
s3-A-0038-sw0.10-half_life_2-plain,True,
s3-A-0038-sw0.10-half_life_2-domain_augmented,True,
s3-A-0038-sw0.10-half_life_4-plain,True,
s3-A-0038-sw0.10-half_life_4-domain_augmented,True,
s3-A-0038-sw0.10-half_life_6-plain,True,
s3-A-0038-sw0.10-half_life_6-domain_augmented,True,
s3-A-0038-sw0.25-all_history-plain,True,
s3-A-0038-sw0.25-all_history-domain_augmented,True,
s3-A-0038-sw0.25-five_year-plain,True,
s3-A-0038-sw0.25-five_year-domain_augmented,True,
s3-A-0038-sw0.25-half_life_2-plain,True,
s3-A-0038-sw0.25-half_life_2-domain_augmented,True,
s3-A-0038-sw0.25-half_life_4-plain,True,
s3-A-0038-sw0.25-half_life_4-domain_augmented,True,
s3-A-0038-sw0.25-half_life_6-plain,True,
s3-A-0038-sw0.25-half_life_6-domain_augmented,True,
s3-A-0038-sw0.50-all_history-plain,True,
s3-A-0038-sw0.50-all_history-domain_augmented,True,
s3-A-0038-sw0.50-five_year-plain,True,
s3-A-0038-sw0.50-five_year-domain_augmented,True,
s3-A-0038-sw0.50-half_life_2-plain,True,
s3-A-0038-sw0.50-half_life_2-domain_augmented,True,
s3-A-0038-sw0.50-half_life_4-plain,True,
s3-A-0038-sw0.50-half_life_4-domain_augmented,True,
s3-A-0038-sw0.50-half_life_6-plain,True,
s3-A-0038-sw0.50-half_life_6-domain_augmented,True,
s3-A-0038-ensemble-0.25,True,requires compatible top pair
s3-A-0038-ensemble-0.50,True,requires compatible top pair
s3-A-0038-ensemble-0.75,True,requires compatible top pair
s3-A-0039-sw0.00-all_history-plain,True,
s3-A-0039-sw0.00-all_history-domain_augmented,True,
s3-A-0039-sw0.00-five_year-plain,True,
s3-A-0039-sw0.00-five_year-domain_augmented,True,
s3-A-0039-sw0.00-half_life_2-plain,True,
s3-A-0039-sw0.00-half_life_2-domain_augmented,True,
s3-A-0039-sw0.00-half_life_4-plain,True,
s3-A-0039-sw0.00-half_life_4-domain_augmented,True,
s3-A-0039-sw0.00-half_life_6-plain,True,
s3-A-0039-sw0.00-half_life_6-domain_augmented,True,
s3-A-0039-sw0.10-all_history-plain,True,
s3-A-0039-sw0.10-all_history-domain_augmented,True,
s3-A-0039-sw0.10-five_year-plain,True,
s3-A-0039-sw0.10-five_year-domain_augmented,True,
s3-A-0039-sw0.10-half_life_2-plain,True,
s3-A-0039-sw0.10-half_life_2-domain_augmented,True,
s3-A-0039-sw0.10-half_life_4-plain,True,
s3-A-0039-sw0.10-half_life_4-domain_augmented,True,
s3-A-0039-sw0.10-half_life_6-plain,True,
s3-A-0039-sw0.10-half_life_6-domain_augmented,True,
s3-A-0039-sw0.25-all_history-plain,True,
s3-A-0039-sw0.25-all_history-domain_augmented,True,
s3-A-0039-sw0.25-five_year-plain,True,
s3-A-0039-sw0.25-five_year-domain_augmented,True,
s3-A-0039-sw0.25-half_life_2-plain,True,
s3-A-0039-sw0.25-half_life_2-domain_augmented,True,
s3-A-0039-sw0.25-half_life_4-plain,True,
s3-A-0039-sw0.25-half_life_4-domain_augmented,True,
s3-A-0039-sw0.25-half_life_6-plain,True,
s3-A-0039-sw0.25-half_life_6-domain_augmented,True,
s3-A-0039-sw0.50-all_history-plain,True,
s3-A-0039-sw0.50-all_history-domain_augmented,True,
s3-A-0039-sw0.50-five_year-plain,True,
s3-A-0039-sw0.50-five_year-domain_augmented,True,
s3-A-0039-sw0.50-half_life_2-plain,True,
s3-A-0039-sw0.50-half_life_2-domain_augmented,True,
s3-A-0039-sw0.50-half_life_4-plain,True,
s3-A-0039-sw0.50-half_life_4-domain_augmented,True,
s3-A-0039-sw0.50-half_life_6-plain,True,
s3-A-0039-sw0.50-half_life_6-domain_augmented,True,
s3-A-0039-ensemble-0.25,True,requires compatible top pair
s3-A-0039-ensemble-0.50,True,requires compatible top pair
s3-A-0039-ensemble-0.75,True,requires compatible top pair
s3-A-0040-sw0.00-all_history-plain,True,
s3-A-0040-sw0.00-all_history-domain_augmented,True,
s3-A-0040-sw0.00-five_year-plain,True,
s3-A-0040-sw0.00-five_year-domain_augmented,True,
s3-A-0040-sw0.00-half_life_2-plain,True,
s3-A-0040-sw0.00-half_life_2-domain_augmented,True,
s3-A-0040-sw0.00-half_life_4-plain,True,
s3-A-0040-sw0.00-half_life_4-domain_augmented,True,
s3-A-0040-sw0.00-half_life_6-plain,True,
s3-A-0040-sw0.00-half_life_6-domain_augmented,True,
s3-A-0040-sw0.10-all_history-plain,True,
s3-A-0040-sw0.10-all_history-domain_augmented,True,
s3-A-0040-sw0.10-five_year-plain,True,
s3-A-0040-sw0.10-five_year-domain_augmented,True,
s3-A-0040-sw0.10-half_life_2-plain,True,
s3-A-0040-sw0.10-half_life_2-domain_augmented,True,
s3-A-0040-sw0.10-half_life_4-plain,True,
s3-A-0040-sw0.10-half_life_4-domain_augmented,True,
s3-A-0040-sw0.10-half_life_6-plain,True,
s3-A-0040-sw0.10-half_life_6-domain_augmented,True,
s3-A-0040-sw0.25-all_history-plain,True,
s3-A-0040-sw0.25-all_history-domain_augmented,True,
s3-A-0040-sw0.25-five_year-plain,True,
s3-A-0040-sw0.25-five_year-domain_augmented,True,
s3-A-0040-sw0.25-half_life_2-plain,True,
s3-A-0040-sw0.25-half_life_2-domain_augmented,True,
s3-A-0040-sw0.25-half_life_4-plain,True,
s3-A-0040-sw0.25-half_life_4-domain_augmented,True,
s3-A-0040-sw0.25-half_life_6-plain,True,
s3-A-0040-sw0.25-half_life_6-domain_augmented,True,
s3-A-0040-sw0.50-all_history-plain,True,
s3-A-0040-sw0.50-all_history-domain_augmented,True,
s3-A-0040-sw0.50-five_year-plain,True,
s3-A-0040-sw0.50-five_year-domain_augmented,True,
s3-A-0040-sw0.50-half_life_2-plain,True,
s3-A-0040-sw0.50-half_life_2-domain_augmented,True,
s3-A-0040-sw0.50-half_life_4-plain,True,
s3-A-0040-sw0.50-half_life_4-domain_augmented,True,
s3-A-0040-sw0.50-half_life_6-plain,True,
s3-A-0040-sw0.50-half_life_6-domain_augmented,True,
s3-A-0040-ensemble-0.25,True,requires compatible top pair
s3-A-0040-ensemble-0.50,True,requires compatible top pair
s3-A-0040-ensemble-0.75,True,requires compatible top pair
s3-A-0041-sw0.00-all_history-plain,True,
s3-A-0041-sw0.00-all_history-domain_augmented,True,
s3-A-0041-sw0.00-five_year-plain,True,
s3-A-0041-sw0.00-five_year-domain_augmented,True,
s3-A-0041-sw0.00-half_life_2-plain,True,
s3-A-0041-sw0.00-half_life_2-domain_augmented,True,
s3-A-0041-sw0.00-half_life_4-plain,True,
s3-A-0041-sw0.00-half_life_4-domain_augmented,True,
s3-A-0041-sw0.00-half_life_6-plain,True,
s3-A-0041-sw0.00-half_life_6-domain_augmented,True,
s3-A-0041-sw0.10-all_history-plain,True,
s3-A-0041-sw0.10-all_history-domain_augmented,True,
s3-A-0041-sw0.10-five_year-plain,True,
s3-A-0041-sw0.10-five_year-domain_augmented,True,
s3-A-0041-sw0.10-half_life_2-plain,True,
s3-A-0041-sw0.10-half_life_2-domain_augmented,True,
s3-A-0041-sw0.10-half_life_4-plain,True,
s3-A-0041-sw0.10-half_life_4-domain_augmented,True,
s3-A-0041-sw0.10-half_life_6-plain,True,
s3-A-0041-sw0.10-half_life_6-domain_augmented,True,
s3-A-0041-sw0.25-all_history-plain,True,
s3-A-0041-sw0.25-all_history-domain_augmented,True,
s3-A-0041-sw0.25-five_year-plain,True,
s3-A-0041-sw0.25-five_year-domain_augmented,True,
s3-A-0041-sw0.25-half_life_2-plain,True,
s3-A-0041-sw0.25-half_life_2-domain_augmented,True,
s3-A-0041-sw0.25-half_life_4-plain,True,
s3-A-0041-sw0.25-half_life_4-domain_augmented,True,
s3-A-0041-sw0.25-half_life_6-plain,True,
s3-A-0041-sw0.25-half_life_6-domain_augmented,True,
s3-A-0041-sw0.50-all_history-plain,True,
s3-A-0041-sw0.50-all_history-domain_augmented,True,
s3-A-0041-sw0.50-five_year-plain,True,
s3-A-0041-sw0.50-five_year-domain_augmented,True,
s3-A-0041-sw0.50-half_life_2-plain,True,
s3-A-0041-sw0.50-half_life_2-domain_augmented,True,
s3-A-0041-sw0.50-half_life_4-plain,True,
s3-A-0041-sw0.50-half_life_4-domain_augmented,True,
s3-A-0041-sw0.50-half_life_6-plain,True,
s3-A-0041-sw0.50-half_life_6-domain_augmented,True,
s3-A-0041-ensemble-0.25,True,requires compatible top pair
s3-A-0041-ensemble-0.50,True,requires compatible top pair
s3-A-0041-ensemble-0.75,True,requires compatible top pair
s3-A-0042-sw0.00-all_history-plain,True,
s3-A-0042-sw0.00-all_history-domain_augmented,True,
s3-A-0042-sw0.00-five_year-plain,True,
s3-A-0042-sw0.00-five_year-domain_augmented,True,
s3-A-0042-sw0.00-half_life_2-plain,True,
s3-A-0042-sw0.00-half_life_2-domain_augmented,True,
s3-A-0042-sw0.00-half_life_4-plain,True,
s3-A-0042-sw0.00-half_life_4-domain_augmented,True,
s3-A-0042-sw0.00-half_life_6-plain,True,
s3-A-0042-sw0.00-half_life_6-domain_augmented,True,
s3-A-0042-sw0.10-all_history-plain,True,
s3-A-0042-sw0.10-all_history-domain_augmented,True,
s3-A-0042-sw0.10-five_year-plain,True,
s3-A-0042-sw0.10-five_year-domain_augmented,True,
s3-A-0042-sw0.10-half_life_2-plain,True,
s3-A-0042-sw0.10-half_life_2-domain_augmented,True,
s3-A-0042-sw0.10-half_life_4-plain,True,
s3-A-0042-sw0.10-half_life_4-domain_augmented,True,
s3-A-0042-sw0.10-half_life_6-plain,True,
s3-A-0042-sw0.10-half_life_6-domain_augmented,True,
s3-A-0042-sw0.25-all_history-plain,True,
s3-A-0042-sw0.25-all_history-domain_augmented,True,
s3-A-0042-sw0.25-five_year-plain,True,
s3-A-0042-sw0.25-five_year-domain_augmented,True,
s3-A-0042-sw0.25-half_life_2-plain,True,
s3-A-0042-sw0.25-half_life_2-domain_augmented,True,
s3-A-0042-sw0.25-half_life_4-plain,True,
s3-A-0042-sw0.25-half_life_4-domain_augmented,True,
s3-A-0042-sw0.25-half_life_6-plain,True,
s3-A-0042-sw0.25-half_life_6-domain_augmented,True,
s3-A-0042-sw0.50-all_history-plain,True,
s3-A-0042-sw0.50-all_history-domain_augmented,True,
s3-A-0042-sw0.50-five_year-plain,True,
s3-A-0042-sw0.50-five_year-domain_augmented,True,
s3-A-0042-sw0.50-half_life_2-plain,True,
s3-A-0042-sw0.50-half_life_2-domain_augmented,True,
s3-A-0042-sw0.50-half_life_4-plain,True,
s3-A-0042-sw0.50-half_life_4-domain_augmented,True,
s3-A-0042-sw0.50-half_life_6-plain,True,
s3-A-0042-sw0.50-half_life_6-domain_augmented,True,
s3-A-0042-ensemble-0.25,True,requires compatible top pair
s3-A-0042-ensemble-0.50,True,requires compatible top pair
s3-A-0042-ensemble-0.75,True,requires compatible top pair
s3-A-0043-sw0.00-all_history-plain,True,
s3-A-0043-sw0.00-all_history-domain_augmented,True,
s3-A-0043-sw0.00-five_year-plain,True,
s3-A-0043-sw0.00-five_year-domain_augmented,True,
s3-A-0043-sw0.00-half_life_2-plain,True,
s3-A-0043-sw0.00-half_life_2-domain_augmented,True,
s3-A-0043-sw0.00-half_life_4-plain,True,
s3-A-0043-sw0.00-half_life_4-domain_augmented,True,
s3-A-0043-sw0.00-half_life_6-plain,True,
s3-A-0043-sw0.00-half_life_6-domain_augmented,True,
s3-A-0043-sw0.10-all_history-plain,True,
s3-A-0043-sw0.10-all_history-domain_augmented,True,
s3-A-0043-sw0.10-five_year-plain,True,
s3-A-0043-sw0.10-five_year-domain_augmented,True,
s3-A-0043-sw0.10-half_life_2-plain,True,
s3-A-0043-sw0.10-half_life_2-domain_augmented,True,
s3-A-0043-sw0.10-half_life_4-plain,True,
s3-A-0043-sw0.10-half_life_4-domain_augmented,True,
s3-A-0043-sw0.10-half_life_6-plain,True,
s3-A-0043-sw0.10-half_life_6-domain_augmented,True,
s3-A-0043-sw0.25-all_history-plain,True,
s3-A-0043-sw0.25-all_history-domain_augmented,True,
s3-A-0043-sw0.25-five_year-plain,True,
s3-A-0043-sw0.25-five_year-domain_augmented,True,
s3-A-0043-sw0.25-half_life_2-plain,True,
s3-A-0043-sw0.25-half_life_2-domain_augmented,True,
s3-A-0043-sw0.25-half_life_4-plain,True,
s3-A-0043-sw0.25-half_life_4-domain_augmented,True,
s3-A-0043-sw0.25-half_life_6-plain,True,
s3-A-0043-sw0.25-half_life_6-domain_augmented,True,
s3-A-0043-sw0.50-all_history-plain,True,
s3-A-0043-sw0.50-all_history-domain_augmented,True,
s3-A-0043-sw0.50-five_year-plain,True,
s3-A-0043-sw0.50-five_year-domain_augmented,True,
s3-A-0043-sw0.50-half_life_2-plain,True,
s3-A-0043-sw0.50-half_life_2-domain_augmented,True,
s3-A-0043-sw0.50-half_life_4-plain,True,
s3-A-0043-sw0.50-half_life_4-domain_augmented,True,
s3-A-0043-sw0.50-half_life_6-plain,True,
s3-A-0043-sw0.50-half_life_6-domain_augmented,True,
s3-A-0043-ensemble-0.25,True,requires compatible top pair
s3-A-0043-ensemble-0.50,True,requires compatible top pair
s3-A-0043-ensemble-0.75,True,requires compatible top pair
s3-A-0044-sw0.00-all_history-plain,True,
s3-A-0044-sw0.00-all_history-domain_augmented,True,
s3-A-0044-sw0.00-five_year-plain,True,
s3-A-0044-sw0.00-five_year-domain_augmented,True,
s3-A-0044-sw0.00-half_life_2-plain,True,
s3-A-0044-sw0.00-half_life_2-domain_augmented,True,
s3-A-0044-sw0.00-half_life_4-plain,True,
s3-A-0044-sw0.00-half_life_4-domain_augmented,True,
s3-A-0044-sw0.00-half_life_6-plain,True,
s3-A-0044-sw0.00-half_life_6-domain_augmented,True,
s3-A-0044-sw0.10-all_history-plain,True,
s3-A-0044-sw0.10-all_history-domain_augmented,True,
s3-A-0044-sw0.10-five_year-plain,True,
s3-A-0044-sw0.10-five_year-domain_augmented,True,
s3-A-0044-sw0.10-half_life_2-plain,True,
s3-A-0044-sw0.10-half_life_2-domain_augmented,True,
s3-A-0044-sw0.10-half_life_4-plain,True,
s3-A-0044-sw0.10-half_life_4-domain_augmented,True,
s3-A-0044-sw0.10-half_life_6-plain,True,
s3-A-0044-sw0.10-half_life_6-domain_augmented,True,
s3-A-0044-sw0.25-all_history-plain,True,
s3-A-0044-sw0.25-all_history-domain_augmented,True,
s3-A-0044-sw0.25-five_year-plain,True,
s3-A-0044-sw0.25-five_year-domain_augmented,True,
s3-A-0044-sw0.25-half_life_2-plain,True,
s3-A-0044-sw0.25-half_life_2-domain_augmented,True,
s3-A-0044-sw0.25-half_life_4-plain,True,
s3-A-0044-sw0.25-half_life_4-domain_augmented,True,
s3-A-0044-sw0.25-half_life_6-plain,True,
s3-A-0044-sw0.25-half_life_6-domain_augmented,True,
s3-A-0044-sw0.50-all_history-plain,True,
s3-A-0044-sw0.50-all_history-domain_augmented,True,
s3-A-0044-sw0.50-five_year-plain,True,
s3-A-0044-sw0.50-five_year-domain_augmented,True,
s3-A-0044-sw0.50-half_life_2-plain,True,
s3-A-0044-sw0.50-half_life_2-domain_augmented,True,
s3-A-0044-sw0.50-half_life_4-plain,True,
s3-A-0044-sw0.50-half_life_4-domain_augmented,True,
s3-A-0044-sw0.50-half_life_6-plain,True,
s3-A-0044-sw0.50-half_life_6-domain_augmented,True,
s3-A-0044-ensemble-0.25,True,requires compatible top pair
s3-A-0044-ensemble-0.50,True,requires compatible top pair
s3-A-0044-ensemble-0.75,True,requires compatible top pair
s3-A-0045-sw0.00-all_history-plain,True,
s3-A-0045-sw0.00-all_history-domain_augmented,True,
s3-A-0045-sw0.00-five_year-plain,True,
s3-A-0045-sw0.00-five_year-domain_augmented,True,
s3-A-0045-sw0.00-half_life_2-plain,True,
s3-A-0045-sw0.00-half_life_2-domain_augmented,True,
s3-A-0045-sw0.00-half_life_4-plain,True,
s3-A-0045-sw0.00-half_life_4-domain_augmented,True,
s3-A-0045-sw0.00-half_life_6-plain,True,
s3-A-0045-sw0.00-half_life_6-domain_augmented,True,
s3-A-0045-sw0.10-all_history-plain,True,
s3-A-0045-sw0.10-all_history-domain_augmented,True,
s3-A-0045-sw0.10-five_year-plain,True,
s3-A-0045-sw0.10-five_year-domain_augmented,True,
s3-A-0045-sw0.10-half_life_2-plain,True,
s3-A-0045-sw0.10-half_life_2-domain_augmented,True,
s3-A-0045-sw0.10-half_life_4-plain,True,
s3-A-0045-sw0.10-half_life_4-domain_augmented,True,
s3-A-0045-sw0.10-half_life_6-plain,True,
s3-A-0045-sw0.10-half_life_6-domain_augmented,True,
s3-A-0045-sw0.25-all_history-plain,True,
s3-A-0045-sw0.25-all_history-domain_augmented,True,
s3-A-0045-sw0.25-five_year-plain,True,
s3-A-0045-sw0.25-five_year-domain_augmented,True,
s3-A-0045-sw0.25-half_life_2-plain,True,
s3-A-0045-sw0.25-half_life_2-domain_augmented,True,
s3-A-0045-sw0.25-half_life_4-plain,True,
s3-A-0045-sw0.25-half_life_4-domain_augmented,True,
s3-A-0045-sw0.25-half_life_6-plain,True,
s3-A-0045-sw0.25-half_life_6-domain_augmented,True,
s3-A-0045-sw0.50-all_history-plain,True,
s3-A-0045-sw0.50-all_history-domain_augmented,True,
s3-A-0045-sw0.50-five_year-plain,True,
s3-A-0045-sw0.50-five_year-domain_augmented,True,
s3-A-0045-sw0.50-half_life_2-plain,True,
s3-A-0045-sw0.50-half_life_2-domain_augmented,True,
s3-A-0045-sw0.50-half_life_4-plain,True,
s3-A-0045-sw0.50-half_life_4-domain_augmented,True,
s3-A-0045-sw0.50-half_life_6-plain,True,
s3-A-0045-sw0.50-half_life_6-domain_augmented,True,
s3-A-0045-ensemble-0.25,True,requires compatible top pair
s3-A-0045-ensemble-0.50,True,requires compatible top pair
s3-A-0045-ensemble-0.75,True,requires compatible top pair
s3-A-0046-sw0.00-all_history-plain,True,
s3-A-0046-sw0.00-all_history-domain_augmented,True,
s3-A-0046-sw0.00-five_year-plain,True,
s3-A-0046-sw0.00-five_year-domain_augmented,True,
s3-A-0046-sw0.00-half_life_2-plain,True,
s3-A-0046-sw0.00-half_life_2-domain_augmented,True,
s3-A-0046-sw0.00-half_life_4-plain,True,
s3-A-0046-sw0.00-half_life_4-domain_augmented,True,
s3-A-0046-sw0.00-half_life_6-plain,True,
s3-A-0046-sw0.00-half_life_6-domain_augmented,True,
s3-A-0046-sw0.10-all_history-plain,True,
s3-A-0046-sw0.10-all_history-domain_augmented,True,
s3-A-0046-sw0.10-five_year-plain,True,
s3-A-0046-sw0.10-five_year-domain_augmented,True,
s3-A-0046-sw0.10-half_life_2-plain,True,
s3-A-0046-sw0.10-half_life_2-domain_augmented,True,
s3-A-0046-sw0.10-half_life_4-plain,True,
s3-A-0046-sw0.10-half_life_4-domain_augmented,True,
s3-A-0046-sw0.10-half_life_6-plain,True,
s3-A-0046-sw0.10-half_life_6-domain_augmented,True,
s3-A-0046-sw0.25-all_history-plain,True,
s3-A-0046-sw0.25-all_history-domain_augmented,True,
s3-A-0046-sw0.25-five_year-plain,True,
s3-A-0046-sw0.25-five_year-domain_augmented,True,
s3-A-0046-sw0.25-half_life_2-plain,True,
s3-A-0046-sw0.25-half_life_2-domain_augmented,True,
s3-A-0046-sw0.25-half_life_4-plain,True,
s3-A-0046-sw0.25-half_life_4-domain_augmented,True,
s3-A-0046-sw0.25-half_life_6-plain,True,
s3-A-0046-sw0.25-half_life_6-domain_augmented,True,
s3-A-0046-sw0.50-all_history-plain,True,
s3-A-0046-sw0.50-all_history-domain_augmented,True,
s3-A-0046-sw0.50-five_year-plain,True,
s3-A-0046-sw0.50-five_year-domain_augmented,True,
s3-A-0046-sw0.50-half_life_2-plain,True,
s3-A-0046-sw0.50-half_life_2-domain_augmented,True,
s3-A-0046-sw0.50-half_life_4-plain,True,
s3-A-0046-sw0.50-half_life_4-domain_augmented,True,
s3-A-0046-sw0.50-half_life_6-plain,True,
s3-A-0046-sw0.50-half_life_6-domain_augmented,True,
s3-A-0046-ensemble-0.25,True,requires compatible top pair
s3-A-0046-ensemble-0.50,True,requires compatible top pair
s3-A-0046-ensemble-0.75,True,requires compatible top pair
s3-A-0047-sw0.00-all_history-plain,True,
s3-A-0047-sw0.00-all_history-domain_augmented,True,
s3-A-0047-sw0.00-five_year-plain,True,
s3-A-0047-sw0.00-five_year-domain_augmented,True,
s3-A-0047-sw0.00-half_life_2-plain,True,
s3-A-0047-sw0.00-half_life_2-domain_augmented,True,
s3-A-0047-sw0.00-half_life_4-plain,True,
s3-A-0047-sw0.00-half_life_4-domain_augmented,True,
s3-A-0047-sw0.00-half_life_6-plain,True,
s3-A-0047-sw0.00-half_life_6-domain_augmented,True,
s3-A-0047-sw0.10-all_history-plain,True,
s3-A-0047-sw0.10-all_history-domain_augmented,True,
s3-A-0047-sw0.10-five_year-plain,True,
s3-A-0047-sw0.10-five_year-domain_augmented,True,
s3-A-0047-sw0.10-half_life_2-plain,True,
s3-A-0047-sw0.10-half_life_2-domain_augmented,True,
s3-A-0047-sw0.10-half_life_4-plain,True,
s3-A-0047-sw0.10-half_life_4-domain_augmented,True,
s3-A-0047-sw0.10-half_life_6-plain,True,
s3-A-0047-sw0.10-half_life_6-domain_augmented,True,
s3-A-0047-sw0.25-all_history-plain,True,
s3-A-0047-sw0.25-all_history-domain_augmented,True,
s3-A-0047-sw0.25-five_year-plain,True,
s3-A-0047-sw0.25-five_year-domain_augmented,True,
s3-A-0047-sw0.25-half_life_2-plain,True,
s3-A-0047-sw0.25-half_life_2-domain_augmented,True,
s3-A-0047-sw0.25-half_life_4-plain,True,
s3-A-0047-sw0.25-half_life_4-domain_augmented,True,
s3-A-0047-sw0.25-half_life_6-plain,True,
s3-A-0047-sw0.25-half_life_6-domain_augmented,True,
s3-A-0047-sw0.50-all_history-plain,True,
s3-A-0047-sw0.50-all_history-domain_augmented,True,
s3-A-0047-sw0.50-five_year-plain,True,
s3-A-0047-sw0.50-five_year-domain_augmented,True,
s3-A-0047-sw0.50-half_life_2-plain,True,
s3-A-0047-sw0.50-half_life_2-domain_augmented,True,
s3-A-0047-sw0.50-half_life_4-plain,True,
s3-A-0047-sw0.50-half_life_4-domain_augmented,True,
s3-A-0047-sw0.50-half_life_6-plain,True,
s3-A-0047-sw0.50-half_life_6-domain_augmented,True,
s3-A-0047-ensemble-0.25,True,requires compatible top pair
s3-A-0047-ensemble-0.50,True,requires compatible top pair
s3-A-0047-ensemble-0.75,True,requires compatible top pair
s3-A-0048-sw0.00-all_history-plain,True,
s3-A-0048-sw0.00-all_history-domain_augmented,True,
s3-A-0048-sw0.00-five_year-plain,True,
s3-A-0048-sw0.00-five_year-domain_augmented,True,
s3-A-0048-sw0.00-half_life_2-plain,True,
s3-A-0048-sw0.00-half_life_2-domain_augmented,True,
s3-A-0048-sw0.00-half_life_4-plain,True,
s3-A-0048-sw0.00-half_life_4-domain_augmented,True,
s3-A-0048-sw0.00-half_life_6-plain,True,
s3-A-0048-sw0.00-half_life_6-domain_augmented,True,
s3-A-0048-sw0.10-all_history-plain,True,
s3-A-0048-sw0.10-all_history-domain_augmented,True,
s3-A-0048-sw0.10-five_year-plain,True,
s3-A-0048-sw0.10-five_year-domain_augmented,True,
s3-A-0048-sw0.10-half_life_2-plain,True,
s3-A-0048-sw0.10-half_life_2-domain_augmented,True,
s3-A-0048-sw0.10-half_life_4-plain,True,
s3-A-0048-sw0.10-half_life_4-domain_augmented,True,
s3-A-0048-sw0.10-half_life_6-plain,True,
s3-A-0048-sw0.10-half_life_6-domain_augmented,True,
s3-A-0048-sw0.25-all_history-plain,True,
s3-A-0048-sw0.25-all_history-domain_augmented,True,
s3-A-0048-sw0.25-five_year-plain,True,
s3-A-0048-sw0.25-five_year-domain_augmented,True,
s3-A-0048-sw0.25-half_life_2-plain,True,
s3-A-0048-sw0.25-half_life_2-domain_augmented,True,
s3-A-0048-sw0.25-half_life_4-plain,True,
s3-A-0048-sw0.25-half_life_4-domain_augmented,True,
s3-A-0048-sw0.25-half_life_6-plain,True,
s3-A-0048-sw0.25-half_life_6-domain_augmented,True,
s3-A-0048-sw0.50-all_history-plain,True,
s3-A-0048-sw0.50-all_history-domain_augmented,True,
s3-A-0048-sw0.50-five_year-plain,True,
s3-A-0048-sw0.50-five_year-domain_augmented,True,
s3-A-0048-sw0.50-half_life_2-plain,True,
s3-A-0048-sw0.50-half_life_2-domain_augmented,True,
s3-A-0048-sw0.50-half_life_4-plain,True,
s3-A-0048-sw0.50-half_life_4-domain_augmented,True,
s3-A-0048-sw0.50-half_life_6-plain,True,
s3-A-0048-sw0.50-half_life_6-domain_augmented,True,
s3-A-0048-ensemble-0.25,True,requires compatible top pair
s3-A-0048-ensemble-0.50,True,requires compatible top pair
s3-A-0048-ensemble-0.75,True,requires compatible top pair
s3-A-0049-sw0.00-all_history-plain,True,
s3-A-0049-sw0.00-all_history-domain_augmented,True,
s3-A-0049-sw0.00-five_year-plain,True,
s3-A-0049-sw0.00-five_year-domain_augmented,True,
s3-A-0049-sw0.00-half_life_2-plain,True,
s3-A-0049-sw0.00-half_life_2-domain_augmented,True,
s3-A-0049-sw0.00-half_life_4-plain,True,
s3-A-0049-sw0.00-half_life_4-domain_augmented,True,
s3-A-0049-sw0.00-half_life_6-plain,True,
s3-A-0049-sw0.00-half_life_6-domain_augmented,True,
s3-A-0049-sw0.10-all_history-plain,True,
s3-A-0049-sw0.10-all_history-domain_augmented,True,
s3-A-0049-sw0.10-five_year-plain,True,
s3-A-0049-sw0.10-five_year-domain_augmented,True,
s3-A-0049-sw0.10-half_life_2-plain,True,
s3-A-0049-sw0.10-half_life_2-domain_augmented,True,
s3-A-0049-sw0.10-half_life_4-plain,True,
s3-A-0049-sw0.10-half_life_4-domain_augmented,True,
s3-A-0049-sw0.10-half_life_6-plain,True,
s3-A-0049-sw0.10-half_life_6-domain_augmented,True,
s3-A-0049-sw0.25-all_history-plain,True,
s3-A-0049-sw0.25-all_history-domain_augmented,True,
s3-A-0049-sw0.25-five_year-plain,True,
s3-A-0049-sw0.25-five_year-domain_augmented,True,
s3-A-0049-sw0.25-half_life_2-plain,True,
s3-A-0049-sw0.25-half_life_2-domain_augmented,True,
s3-A-0049-sw0.25-half_life_4-plain,True,
s3-A-0049-sw0.25-half_life_4-domain_augmented,True,
s3-A-0049-sw0.25-half_life_6-plain,True,
s3-A-0049-sw0.25-half_life_6-domain_augmented,True,
s3-A-0049-sw0.50-all_history-plain,True,
s3-A-0049-sw0.50-all_history-domain_augmented,True,
s3-A-0049-sw0.50-five_year-plain,True,
s3-A-0049-sw0.50-five_year-domain_augmented,True,
s3-A-0049-sw0.50-half_life_2-plain,True,
s3-A-0049-sw0.50-half_life_2-domain_augmented,True,
s3-A-0049-sw0.50-half_life_4-plain,True,
s3-A-0049-sw0.50-half_life_4-domain_augmented,True,
s3-A-0049-sw0.50-half_life_6-plain,True,
s3-A-0049-sw0.50-half_life_6-domain_augmented,True,
s3-A-0049-ensemble-0.25,True,requires compatible top pair
s3-A-0049-ensemble-0.50,True,requires compatible top pair
s3-A-0049-ensemble-0.75,True,requires compatible top pair
s3-A-0050-sw0.00-all_history-plain,True,
s3-A-0050-sw0.00-all_history-domain_augmented,True,
s3-A-0050-sw0.00-five_year-plain,True,
s3-A-0050-sw0.00-five_year-domain_augmented,True,
s3-A-0050-sw0.00-half_life_2-plain,True,
s3-A-0050-sw0.00-half_life_2-domain_augmented,True,
s3-A-0050-sw0.00-half_life_4-plain,True,
s3-A-0050-sw0.00-half_life_4-domain_augmented,True,
s3-A-0050-sw0.00-half_life_6-plain,True,
s3-A-0050-sw0.00-half_life_6-domain_augmented,True,
s3-A-0050-sw0.10-all_history-plain,True,
s3-A-0050-sw0.10-all_history-domain_augmented,True,
s3-A-0050-sw0.10-five_year-plain,True,
s3-A-0050-sw0.10-five_year-domain_augmented,True,
s3-A-0050-sw0.10-half_life_2-plain,True,
s3-A-0050-sw0.10-half_life_2-domain_augmented,True,
s3-A-0050-sw0.10-half_life_4-plain,True,
s3-A-0050-sw0.10-half_life_4-domain_augmented,True,
s3-A-0050-sw0.10-half_life_6-plain,True,
s3-A-0050-sw0.10-half_life_6-domain_augmented,True,
s3-A-0050-sw0.25-all_history-plain,True,
s3-A-0050-sw0.25-all_history-domain_augmented,True,
s3-A-0050-sw0.25-five_year-plain,True,
s3-A-0050-sw0.25-five_year-domain_augmented,True,
s3-A-0050-sw0.25-half_life_2-plain,True,
s3-A-0050-sw0.25-half_life_2-domain_augmented,True,
s3-A-0050-sw0.25-half_life_4-plain,True,
s3-A-0050-sw0.25-half_life_4-domain_augmented,True,
s3-A-0050-sw0.25-half_life_6-plain,True,
s3-A-0050-sw0.25-half_life_6-domain_augmented,True,
s3-A-0050-sw0.50-all_history-plain,True,
s3-A-0050-sw0.50-all_history-domain_augmented,True,
s3-A-0050-sw0.50-five_year-plain,True,
s3-A-0050-sw0.50-five_year-domain_augmented,True,
s3-A-0050-sw0.50-half_life_2-plain,True,
s3-A-0050-sw0.50-half_life_2-domain_augmented,True,
s3-A-0050-sw0.50-half_life_4-plain,True,
s3-A-0050-sw0.50-half_life_4-domain_augmented,True,
s3-A-0050-sw0.50-half_life_6-plain,True,
s3-A-0050-sw0.50-half_life_6-domain_augmented,True,
s3-A-0050-ensemble-0.25,True,requires compatible top pair
s3-A-0050-ensemble-0.50,True,requires compatible top pair
s3-A-0050-ensemble-0.75,True,requires compatible top pair
s3-A-0051-sw0.00-all_history-plain,True,
s3-A-0051-sw0.00-all_history-domain_augmented,True,
s3-A-0051-sw0.00-five_year-plain,True,
s3-A-0051-sw0.00-five_year-domain_augmented,True,
s3-A-0051-sw0.00-half_life_2-plain,True,
s3-A-0051-sw0.00-half_life_2-domain_augmented,True,
s3-A-0051-sw0.00-half_life_4-plain,True,
s3-A-0051-sw0.00-half_life_4-domain_augmented,True,
s3-A-0051-sw0.00-half_life_6-plain,True,
s3-A-0051-sw0.00-half_life_6-domain_augmented,True,
s3-A-0051-sw0.10-all_history-plain,True,
s3-A-0051-sw0.10-all_history-domain_augmented,True,
s3-A-0051-sw0.10-five_year-plain,True,
s3-A-0051-sw0.10-five_year-domain_augmented,True,
s3-A-0051-sw0.10-half_life_2-plain,True,
s3-A-0051-sw0.10-half_life_2-domain_augmented,True,
s3-A-0051-sw0.10-half_life_4-plain,True,
s3-A-0051-sw0.10-half_life_4-domain_augmented,True,
s3-A-0051-sw0.10-half_life_6-plain,True,
s3-A-0051-sw0.10-half_life_6-domain_augmented,True,
s3-A-0051-sw0.25-all_history-plain,True,
s3-A-0051-sw0.25-all_history-domain_augmented,True,
s3-A-0051-sw0.25-five_year-plain,True,
s3-A-0051-sw0.25-five_year-domain_augmented,True,
s3-A-0051-sw0.25-half_life_2-plain,True,
s3-A-0051-sw0.25-half_life_2-domain_augmented,True,
s3-A-0051-sw0.25-half_life_4-plain,True,
s3-A-0051-sw0.25-half_life_4-domain_augmented,True,
s3-A-0051-sw0.25-half_life_6-plain,True,
s3-A-0051-sw0.25-half_life_6-domain_augmented,True,
s3-A-0051-sw0.50-all_history-plain,True,
s3-A-0051-sw0.50-all_history-domain_augmented,True,
s3-A-0051-sw0.50-five_year-plain,True,
s3-A-0051-sw0.50-five_year-domain_augmented,True,
s3-A-0051-sw0.50-half_life_2-plain,True,
s3-A-0051-sw0.50-half_life_2-domain_augmented,True,
s3-A-0051-sw0.50-half_life_4-plain,True,
s3-A-0051-sw0.50-half_life_4-domain_augmented,True,
s3-A-0051-sw0.50-half_life_6-plain,True,
s3-A-0051-sw0.50-half_life_6-domain_augmented,True,
s3-A-0052-sw0.00-all_history-plain,True,
s3-A-0052-sw0.00-all_history-domain_augmented,True,
s3-A-0052-sw0.00-five_year-plain,True,
s3-A-0052-sw0.00-five_year-domain_augmented,True,
s3-A-0052-sw0.00-half_life_2-plain,True,
s3-A-0052-sw0.00-half_life_2-domain_augmented,True,
s3-A-0052-sw0.00-half_life_4-plain,True,
s3-A-0052-sw0.00-half_life_4-domain_augmented,True,
s3-A-0052-sw0.00-half_life_6-plain,True,
s3-A-0052-sw0.00-half_life_6-domain_augmented,True,
s3-A-0052-sw0.10-all_history-plain,True,
s3-A-0052-sw0.10-all_history-domain_augmented,True,
s3-A-0052-sw0.10-five_year-plain,True,
s3-A-0052-sw0.10-five_year-domain_augmented,True,
s3-A-0052-sw0.10-half_life_2-plain,True,
s3-A-0052-sw0.10-half_life_2-domain_augmented,True,
s3-A-0052-sw0.10-half_life_4-plain,True,
s3-A-0052-sw0.10-half_life_4-domain_augmented,True,
s3-A-0052-sw0.10-half_life_6-plain,True,
s3-A-0052-sw0.10-half_life_6-domain_augmented,True,
s3-A-0052-sw0.25-all_history-plain,True,
s3-A-0052-sw0.25-all_history-domain_augmented,True,
s3-A-0052-sw0.25-five_year-plain,True,
s3-A-0052-sw0.25-five_year-domain_augmented,True,
s3-A-0052-sw0.25-half_life_2-plain,True,
s3-A-0052-sw0.25-half_life_2-domain_augmented,True,
s3-A-0052-sw0.25-half_life_4-plain,True,
s3-A-0052-sw0.25-half_life_4-domain_augmented,True,
s3-A-0052-sw0.25-half_life_6-plain,True,
s3-A-0052-sw0.25-half_life_6-domain_augmented,True,
s3-A-0052-sw0.50-all_history-plain,True,
s3-A-0052-sw0.50-all_history-domain_augmented,True,
s3-A-0052-sw0.50-five_year-plain,True,
s3-A-0052-sw0.50-five_year-domain_augmented,True,
s3-A-0052-sw0.50-half_life_2-plain,True,
s3-A-0052-sw0.50-half_life_2-domain_augmented,True,
s3-A-0052-sw0.50-half_life_4-plain,True,
s3-A-0052-sw0.50-half_life_4-domain_augmented,True,
s3-A-0052-sw0.50-half_life_6-plain,True,
s3-A-0052-sw0.50-half_life_6-domain_augmented,True,
s3-A-0053-sw0.00-all_history-plain,True,
s3-A-0053-sw0.00-all_history-domain_augmented,True,
s3-A-0053-sw0.00-five_year-plain,True,
s3-A-0053-sw0.00-five_year-domain_augmented,True,
s3-A-0053-sw0.00-half_life_2-plain,True,
s3-A-0053-sw0.00-half_life_2-domain_augmented,True,
s3-A-0053-sw0.00-half_life_4-plain,True,
s3-A-0053-sw0.00-half_life_4-domain_augmented,True,
s3-A-0053-sw0.00-half_life_6-plain,True,
s3-A-0053-sw0.00-half_life_6-domain_augmented,True,
s3-A-0053-sw0.10-all_history-plain,True,
s3-A-0053-sw0.10-all_history-domain_augmented,True,
s3-A-0053-sw0.10-five_year-plain,True,
s3-A-0053-sw0.10-five_year-domain_augmented,True,
s3-A-0053-sw0.10-half_life_2-plain,True,
s3-A-0053-sw0.10-half_life_2-domain_augmented,True,
s3-A-0053-sw0.10-half_life_4-plain,True,
s3-A-0053-sw0.10-half_life_4-domain_augmented,True,
s3-A-0053-sw0.10-half_life_6-plain,True,
s3-A-0053-sw0.10-half_life_6-domain_augmented,True,
s3-A-0053-sw0.25-all_history-plain,True,
s3-A-0053-sw0.25-all_history-domain_augmented,True,
s3-A-0053-sw0.25-five_year-plain,True,
s3-A-0053-sw0.25-five_year-domain_augmented,True,
s3-A-0053-sw0.25-half_life_2-plain,True,
s3-A-0053-sw0.25-half_life_2-domain_augmented,True,
s3-A-0053-sw0.25-half_life_4-plain,True,
s3-A-0053-sw0.25-half_life_4-domain_augmented,True,
s3-A-0053-sw0.25-half_life_6-plain,True,
s3-A-0053-sw0.25-half_life_6-domain_augmented,True,
s3-A-0053-sw0.50-all_history-plain,True,
s3-A-0053-sw0.50-all_history-domain_augmented,True,
s3-A-0053-sw0.50-five_year-plain,True,
s3-A-0053-sw0.50-five_year-domain_augmented,True,
s3-A-0053-sw0.50-half_life_2-plain,True,
s3-A-0053-sw0.50-half_life_2-domain_augmented,True,
s3-A-0053-sw0.50-half_life_4-plain,True,
s3-A-0053-sw0.50-half_life_4-domain_augmented,True,
s3-A-0053-sw0.50-half_life_6-plain,True,
s3-A-0053-sw0.50-half_life_6-domain_augmented,True,
s3-A-0054-sw0.00-all_history-plain,True,
s3-A-0054-sw0.00-all_history-domain_augmented,True,
s3-A-0054-sw0.00-five_year-plain,True,
s3-A-0054-sw0.00-five_year-domain_augmented,True,
s3-A-0054-sw0.00-half_life_2-plain,True,
s3-A-0054-sw0.00-half_life_2-domain_augmented,True,
s3-A-0054-sw0.00-half_life_4-plain,True,
s3-A-0054-sw0.00-half_life_4-domain_augmented,True,
s3-A-0054-sw0.00-half_life_6-plain,True,
s3-A-0054-sw0.00-half_life_6-domain_augmented,True,
s3-A-0054-sw0.10-all_history-plain,True,
s3-A-0054-sw0.10-all_history-domain_augmented,True,
s3-A-0054-sw0.10-five_year-plain,True,
s3-A-0054-sw0.10-five_year-domain_augmented,True,
s3-A-0054-sw0.10-half_life_2-plain,True,
s3-A-0054-sw0.10-half_life_2-domain_augmented,True,
s3-A-0054-sw0.10-half_life_4-plain,True,
s3-A-0054-sw0.10-half_life_4-domain_augmented,True,
s3-A-0054-sw0.10-half_life_6-plain,True,
s3-A-0054-sw0.10-half_life_6-domain_augmented,True,
s3-A-0054-sw0.25-all_history-plain,True,
s3-A-0054-sw0.25-all_history-domain_augmented,True,
s3-A-0054-sw0.25-five_year-plain,True,
s3-A-0054-sw0.25-five_year-domain_augmented,True,
s3-A-0054-sw0.25-half_life_2-plain,True,
s3-A-0054-sw0.25-half_life_2-domain_augmented,True,
s3-A-0054-sw0.25-half_life_4-plain,True,
s3-A-0054-sw0.25-half_life_4-domain_augmented,True,
s3-A-0054-sw0.25-half_life_6-plain,True,
s3-A-0054-sw0.25-half_life_6-domain_augmented,True,
s3-A-0054-sw0.50-all_history-plain,True,
s3-A-0054-sw0.50-all_history-domain_augmented,True,
s3-A-0054-sw0.50-five_year-plain,True,
s3-A-0054-sw0.50-five_year-domain_augmented,True,
s3-A-0054-sw0.50-half_life_2-plain,True,
s3-A-0054-sw0.50-half_life_2-domain_augmented,True,
s3-A-0054-sw0.50-half_life_4-plain,True,
s3-A-0054-sw0.50-half_life_4-domain_augmented,True,
s3-A-0054-sw0.50-half_life_6-plain,True,
s3-A-0054-sw0.50-half_life_6-domain_augmented,True,
s3-A-0055-sw0.00-all_history-plain,True,
s3-A-0055-sw0.00-all_history-domain_augmented,True,
s3-A-0055-sw0.00-five_year-plain,True,
s3-A-0055-sw0.00-five_year-domain_augmented,True,
s3-A-0055-sw0.00-half_life_2-plain,True,
s3-A-0055-sw0.00-half_life_2-domain_augmented,True,
s3-A-0055-sw0.00-half_life_4-plain,True,
s3-A-0055-sw0.00-half_life_4-domain_augmented,True,
s3-A-0055-sw0.00-half_life_6-plain,True,
s3-A-0055-sw0.00-half_life_6-domain_augmented,True,
s3-A-0055-sw0.10-all_history-plain,True,
s3-A-0055-sw0.10-all_history-domain_augmented,True,
s3-A-0055-sw0.10-five_year-plain,True,
s3-A-0055-sw0.10-five_year-domain_augmented,True,
s3-A-0055-sw0.10-half_life_2-plain,True,
s3-A-0055-sw0.10-half_life_2-domain_augmented,True,
s3-A-0055-sw0.10-half_life_4-plain,True,
s3-A-0055-sw0.10-half_life_4-domain_augmented,True,
s3-A-0055-sw0.10-half_life_6-plain,True,
s3-A-0055-sw0.10-half_life_6-domain_augmented,True,
s3-A-0055-sw0.25-all_history-plain,True,
s3-A-0055-sw0.25-all_history-domain_augmented,True,
s3-A-0055-sw0.25-five_year-plain,True,
s3-A-0055-sw0.25-five_year-domain_augmented,True,
s3-A-0055-sw0.25-half_life_2-plain,True,
s3-A-0055-sw0.25-half_life_2-domain_augmented,True,
s3-A-0055-sw0.25-half_life_4-plain,True,
s3-A-0055-sw0.25-half_life_4-domain_augmented,True,
s3-A-0055-sw0.25-half_life_6-plain,True,
s3-A-0055-sw0.25-half_life_6-domain_augmented,True,
s3-A-0055-sw0.50-all_history-plain,True,
s3-A-0055-sw0.50-all_history-domain_augmented,True,
s3-A-0055-sw0.50-five_year-plain,True,
s3-A-0055-sw0.50-five_year-domain_augmented,True,
s3-A-0055-sw0.50-half_life_2-plain,True,
s3-A-0055-sw0.50-half_life_2-domain_augmented,True,
s3-A-0055-sw0.50-half_life_4-plain,True,
s3-A-0055-sw0.50-half_life_4-domain_augmented,True,
s3-A-0055-sw0.50-half_life_6-plain,True,
s3-A-0055-sw0.50-half_life_6-domain_augmented,True,
s3-A-0056-sw0.00-all_history-plain,True,
s3-A-0056-sw0.00-all_history-domain_augmented,True,
s3-A-0056-sw0.00-five_year-plain,True,
s3-A-0056-sw0.00-five_year-domain_augmented,True,
s3-A-0056-sw0.00-half_life_2-plain,True,
s3-A-0056-sw0.00-half_life_2-domain_augmented,True,
s3-A-0056-sw0.00-half_life_4-plain,True,
s3-A-0056-sw0.00-half_life_4-domain_augmented,True,
s3-A-0056-sw0.00-half_life_6-plain,True,
s3-A-0056-sw0.00-half_life_6-domain_augmented,True,
s3-A-0056-sw0.10-all_history-plain,True,
s3-A-0056-sw0.10-all_history-domain_augmented,True,
s3-A-0056-sw0.10-five_year-plain,True,
s3-A-0056-sw0.10-five_year-domain_augmented,True,
s3-A-0056-sw0.10-half_life_2-plain,True,
s3-A-0056-sw0.10-half_life_2-domain_augmented,True,
s3-A-0056-sw0.10-half_life_4-plain,True,
s3-A-0056-sw0.10-half_life_4-domain_augmented,True,
s3-A-0056-sw0.10-half_life_6-plain,True,
s3-A-0056-sw0.10-half_life_6-domain_augmented,True,
s3-A-0056-sw0.25-all_history-plain,True,
s3-A-0056-sw0.25-all_history-domain_augmented,True,
s3-A-0056-sw0.25-five_year-plain,True,
s3-A-0056-sw0.25-five_year-domain_augmented,True,
s3-A-0056-sw0.25-half_life_2-plain,True,
s3-A-0056-sw0.25-half_life_2-domain_augmented,True,
s3-A-0056-sw0.25-half_life_4-plain,True,
s3-A-0056-sw0.25-half_life_4-domain_augmented,True,
s3-A-0056-sw0.25-half_life_6-plain,True,
s3-A-0056-sw0.25-half_life_6-domain_augmented,True,
s3-A-0056-sw0.50-all_history-plain,True,
s3-A-0056-sw0.50-all_history-domain_augmented,True,
s3-A-0056-sw0.50-five_year-plain,True,
s3-A-0056-sw0.50-five_year-domain_augmented,True,
s3-A-0056-sw0.50-half_life_2-plain,True,
s3-A-0056-sw0.50-half_life_2-domain_augmented,True,
s3-A-0056-sw0.50-half_life_4-plain,True,
s3-A-0056-sw0.50-half_life_4-domain_augmented,True,
s3-A-0056-sw0.50-half_life_6-plain,True,
s3-A-0056-sw0.50-half_life_6-domain_augmented,True,
s3-A-0057-sw0.00-all_history-plain,True,
s3-A-0057-sw0.00-all_history-domain_augmented,True,
s3-A-0057-sw0.00-five_year-plain,True,
s3-A-0057-sw0.00-five_year-domain_augmented,True,
s3-A-0057-sw0.00-half_life_2-plain,True,
s3-A-0057-sw0.00-half_life_2-domain_augmented,True,
s3-A-0057-sw0.00-half_life_4-plain,True,
s3-A-0057-sw0.00-half_life_4-domain_augmented,True,
s3-A-0057-sw0.00-half_life_6-plain,True,
s3-A-0057-sw0.00-half_life_6-domain_augmented,True,
s3-A-0057-sw0.10-all_history-plain,True,
s3-A-0057-sw0.10-all_history-domain_augmented,True,
s3-A-0057-sw0.10-five_year-plain,True,
s3-A-0057-sw0.10-five_year-domain_augmented,True,
s3-A-0057-sw0.10-half_life_2-plain,True,
s3-A-0057-sw0.10-half_life_2-domain_augmented,True,
s3-A-0057-sw0.10-half_life_4-plain,True,
s3-A-0057-sw0.10-half_life_4-domain_augmented,True,
s3-A-0057-sw0.10-half_life_6-plain,True,
s3-A-0057-sw0.10-half_life_6-domain_augmented,True,
s3-A-0057-sw0.25-all_history-plain,True,
s3-A-0057-sw0.25-all_history-domain_augmented,True,
s3-A-0057-sw0.25-five_year-plain,True,
s3-A-0057-sw0.25-five_year-domain_augmented,True,
s3-A-0057-sw0.25-half_life_2-plain,True,
s3-A-0057-sw0.25-half_life_2-domain_augmented,True,
s3-A-0057-sw0.25-half_life_4-plain,True,
s3-A-0057-sw0.25-half_life_4-domain_augmented,True,
s3-A-0057-sw0.25-half_life_6-plain,True,
s3-A-0057-sw0.25-half_life_6-domain_augmented,True,
s3-A-0057-sw0.50-all_history-plain,True,
s3-A-0057-sw0.50-all_history-domain_augmented,True,
s3-A-0057-sw0.50-five_year-plain,True,
s3-A-0057-sw0.50-five_year-domain_augmented,True,
s3-A-0057-sw0.50-half_life_2-plain,True,
s3-A-0057-sw0.50-half_life_2-domain_augmented,True,
s3-A-0057-sw0.50-half_life_4-plain,True,
s3-A-0057-sw0.50-half_life_4-domain_augmented,True,
s3-A-0057-sw0.50-half_life_6-plain,True,
s3-A-0057-sw0.50-half_life_6-domain_augmented,True,
s3-A-0058-sw0.00-all_history-plain,True,
s3-A-0058-sw0.00-all_history-domain_augmented,True,
s3-A-0058-sw0.00-five_year-plain,True,
s3-A-0058-sw0.00-five_year-domain_augmented,True,
s3-A-0058-sw0.00-half_life_2-plain,True,
s3-A-0058-sw0.00-half_life_2-domain_augmented,True,
s3-A-0058-sw0.00-half_life_4-plain,True,
s3-A-0058-sw0.00-half_life_4-domain_augmented,True,
s3-A-0058-sw0.00-half_life_6-plain,True,
s3-A-0058-sw0.00-half_life_6-domain_augmented,True,
s3-A-0058-sw0.10-all_history-plain,True,
s3-A-0058-sw0.10-all_history-domain_augmented,True,
s3-A-0058-sw0.10-five_year-plain,True,
s3-A-0058-sw0.10-five_year-domain_augmented,True,
s3-A-0058-sw0.10-half_life_2-plain,True,
s3-A-0058-sw0.10-half_life_2-domain_augmented,True,
s3-A-0058-sw0.10-half_life_4-plain,True,
s3-A-0058-sw0.10-half_life_4-domain_augmented,True,
s3-A-0058-sw0.10-half_life_6-plain,True,
s3-A-0058-sw0.10-half_life_6-domain_augmented,True,
s3-A-0058-sw0.25-all_history-plain,True,
s3-A-0058-sw0.25-all_history-domain_augmented,True,
s3-A-0058-sw0.25-five_year-plain,True,
s3-A-0058-sw0.25-five_year-domain_augmented,True,
s3-A-0058-sw0.25-half_life_2-plain,True,
s3-A-0058-sw0.25-half_life_2-domain_augmented,True,
s3-A-0058-sw0.25-half_life_4-plain,True,
s3-A-0058-sw0.25-half_life_4-domain_augmented,True,
s3-A-0058-sw0.25-half_life_6-plain,True,
s3-A-0058-sw0.25-half_life_6-domain_augmented,True,
s3-A-0058-sw0.50-all_history-plain,True,
s3-A-0058-sw0.50-all_history-domain_augmented,True,
s3-A-0058-sw0.50-five_year-plain,True,
s3-A-0058-sw0.50-five_year-domain_augmented,True,
s3-A-0058-sw0.50-half_life_2-plain,True,
s3-A-0058-sw0.50-half_life_2-domain_augmented,True,
s3-A-0058-sw0.50-half_life_4-plain,True,
s3-A-0058-sw0.50-half_life_4-domain_augmented,True,
s3-A-0058-sw0.50-half_life_6-plain,True,
s3-A-0058-sw0.50-half_life_6-domain_augmented,True,
s3-A-0059-sw0.00-all_history-plain,True,
s3-A-0059-sw0.00-all_history-domain_augmented,True,
s3-A-0059-sw0.00-five_year-plain,True,
s3-A-0059-sw0.00-five_year-domain_augmented,True,
s3-A-0059-sw0.00-half_life_2-plain,True,
s3-A-0059-sw0.00-half_life_2-domain_augmented,True,
s3-A-0059-sw0.00-half_life_4-plain,True,
s3-A-0059-sw0.00-half_life_4-domain_augmented,True,
s3-A-0059-sw0.00-half_life_6-plain,True,
s3-A-0059-sw0.00-half_life_6-domain_augmented,True,
s3-A-0059-sw0.10-all_history-plain,True,
s3-A-0059-sw0.10-all_history-domain_augmented,True,
s3-A-0059-sw0.10-five_year-plain,True,
s3-A-0059-sw0.10-five_year-domain_augmented,True,
s3-A-0059-sw0.10-half_life_2-plain,True,
s3-A-0059-sw0.10-half_life_2-domain_augmented,True,
s3-A-0059-sw0.10-half_life_4-plain,True,
s3-A-0059-sw0.10-half_life_4-domain_augmented,True,
s3-A-0059-sw0.10-half_life_6-plain,True,
s3-A-0059-sw0.10-half_life_6-domain_augmented,True,
s3-A-0059-sw0.25-all_history-plain,True,
s3-A-0059-sw0.25-all_history-domain_augmented,True,
s3-A-0059-sw0.25-five_year-plain,True,
s3-A-0059-sw0.25-five_year-domain_augmented,True,
s3-A-0059-sw0.25-half_life_2-plain,True,
s3-A-0059-sw0.25-half_life_2-domain_augmented,True,
s3-A-0059-sw0.25-half_life_4-plain,True,
s3-A-0059-sw0.25-half_life_4-domain_augmented,True,
s3-A-0059-sw0.25-half_life_6-plain,True,
s3-A-0059-sw0.25-half_life_6-domain_augmented,True,
s3-A-0059-sw0.50-all_history-plain,True,
s3-A-0059-sw0.50-all_history-domain_augmented,True,
s3-A-0059-sw0.50-five_year-plain,True,
s3-A-0059-sw0.50-five_year-domain_augmented,True,
s3-A-0059-sw0.50-half_life_2-plain,True,
s3-A-0059-sw0.50-half_life_2-domain_augmented,True,
s3-A-0059-sw0.50-half_life_4-plain,True,
s3-A-0059-sw0.50-half_life_4-domain_augmented,True,
s3-A-0059-sw0.50-half_life_6-plain,True,
s3-A-0059-sw0.50-half_life_6-domain_augmented,True,
s3-A-0060-sw0.00-all_history-plain,True,
s3-A-0060-sw0.00-all_history-domain_augmented,True,
s3-A-0060-sw0.00-five_year-plain,True,
s3-A-0060-sw0.00-five_year-domain_augmented,True,
s3-A-0060-sw0.00-half_life_2-plain,True,
s3-A-0060-sw0.00-half_life_2-domain_augmented,True,
s3-A-0060-sw0.00-half_life_4-plain,True,
s3-A-0060-sw0.00-half_life_4-domain_augmented,True,
s3-A-0060-sw0.00-half_life_6-plain,True,
s3-A-0060-sw0.00-half_life_6-domain_augmented,True,
s3-A-0060-sw0.10-all_history-plain,True,
s3-A-0060-sw0.10-all_history-domain_augmented,True,
s3-A-0060-sw0.10-five_year-plain,True,
s3-A-0060-sw0.10-five_year-domain_augmented,True,
s3-A-0060-sw0.10-half_life_2-plain,True,
s3-A-0060-sw0.10-half_life_2-domain_augmented,True,
s3-A-0060-sw0.10-half_life_4-plain,True,
s3-A-0060-sw0.10-half_life_4-domain_augmented,True,
s3-A-0060-sw0.10-half_life_6-plain,True,
s3-A-0060-sw0.10-half_life_6-domain_augmented,True,
s3-A-0060-sw0.25-all_history-plain,True,
s3-A-0060-sw0.25-all_history-domain_augmented,True,
s3-A-0060-sw0.25-five_year-plain,True,
s3-A-0060-sw0.25-five_year-domain_augmented,True,
s3-A-0060-sw0.25-half_life_2-plain,True,
s3-A-0060-sw0.25-half_life_2-domain_augmented,True,
s3-A-0060-sw0.25-half_life_4-plain,True,
s3-A-0060-sw0.25-half_life_4-domain_augmented,True,
s3-A-0060-sw0.25-half_life_6-plain,True,
s3-A-0060-sw0.25-half_life_6-domain_augmented,True,
s3-A-0060-sw0.50-all_history-plain,True,
s3-A-0060-sw0.50-all_history-domain_augmented,True,
s3-A-0060-sw0.50-five_year-plain,True,
s3-A-0060-sw0.50-five_year-domain_augmented,True,
s3-A-0060-sw0.50-half_life_2-plain,True,
s3-A-0060-sw0.50-half_life_2-domain_augmented,True,
s3-A-0060-sw0.50-half_life_4-plain,True,
s3-A-0060-sw0.50-half_life_4-domain_augmented,True,
s3-A-0060-sw0.50-half_life_6-plain,True,
s3-A-0060-sw0.50-half_life_6-domain_augmented,True,
s3-A-0060-ensemble-0.25,True,requires compatible top pair
s3-A-0060-ensemble-0.50,True,requires compatible top pair
s3-A-0060-ensemble-0.75,True,requires compatible top pair
s3-A-0061-sw0.00-all_history-plain,True,
s3-A-0061-sw0.00-all_history-domain_augmented,True,
s3-A-0061-sw0.00-five_year-plain,True,
s3-A-0061-sw0.00-five_year-domain_augmented,True,
s3-A-0061-sw0.00-half_life_2-plain,True,
s3-A-0061-sw0.00-half_life_2-domain_augmented,True,
s3-A-0061-sw0.00-half_life_4-plain,True,
s3-A-0061-sw0.00-half_life_4-domain_augmented,True,
s3-A-0061-sw0.00-half_life_6-plain,True,
s3-A-0061-sw0.00-half_life_6-domain_augmented,True,
s3-A-0061-sw0.10-all_history-plain,True,
s3-A-0061-sw0.10-all_history-domain_augmented,True,
s3-A-0061-sw0.10-five_year-plain,True,
s3-A-0061-sw0.10-five_year-domain_augmented,True,
s3-A-0061-sw0.10-half_life_2-plain,True,
s3-A-0061-sw0.10-half_life_2-domain_augmented,True,
s3-A-0061-sw0.10-half_life_4-plain,True,
s3-A-0061-sw0.10-half_life_4-domain_augmented,True,
s3-A-0061-sw0.10-half_life_6-plain,True,
s3-A-0061-sw0.10-half_life_6-domain_augmented,True,
s3-A-0061-sw0.25-all_history-plain,True,
s3-A-0061-sw0.25-all_history-domain_augmented,True,
s3-A-0061-sw0.25-five_year-plain,True,
s3-A-0061-sw0.25-five_year-domain_augmented,True,
s3-A-0061-sw0.25-half_life_2-plain,True,
s3-A-0061-sw0.25-half_life_2-domain_augmented,True,
s3-A-0061-sw0.25-half_life_4-plain,True,
s3-A-0061-sw0.25-half_life_4-domain_augmented,True,
s3-A-0061-sw0.25-half_life_6-plain,True,
s3-A-0061-sw0.25-half_life_6-domain_augmented,True,
s3-A-0061-sw0.50-all_history-plain,True,
s3-A-0061-sw0.50-all_history-domain_augmented,True,
s3-A-0061-sw0.50-five_year-plain,True,
s3-A-0061-sw0.50-five_year-domain_augmented,True,
s3-A-0061-sw0.50-half_life_2-plain,True,
s3-A-0061-sw0.50-half_life_2-domain_augmented,True,
s3-A-0061-sw0.50-half_life_4-plain,True,
s3-A-0061-sw0.50-half_life_4-domain_augmented,True,
s3-A-0061-sw0.50-half_life_6-plain,True,
s3-A-0061-sw0.50-half_life_6-domain_augmented,True,
s3-A-0061-ensemble-0.25,True,requires compatible top pair
s3-A-0061-ensemble-0.50,True,requires compatible top pair
s3-A-0061-ensemble-0.75,True,requires compatible top pair
s3-A-0062-sw0.00-all_history-plain,True,
s3-A-0062-sw0.00-all_history-domain_augmented,True,
s3-A-0062-sw0.00-five_year-plain,True,
s3-A-0062-sw0.00-five_year-domain_augmented,True,
s3-A-0062-sw0.00-half_life_2-plain,True,
s3-A-0062-sw0.00-half_life_2-domain_augmented,True,
s3-A-0062-sw0.00-half_life_4-plain,True,
s3-A-0062-sw0.00-half_life_4-domain_augmented,True,
s3-A-0062-sw0.00-half_life_6-plain,True,
s3-A-0062-sw0.00-half_life_6-domain_augmented,True,
s3-A-0062-sw0.10-all_history-plain,True,
s3-A-0062-sw0.10-all_history-domain_augmented,True,
s3-A-0062-sw0.10-five_year-plain,True,
s3-A-0062-sw0.10-five_year-domain_augmented,True,
s3-A-0062-sw0.10-half_life_2-plain,True,
s3-A-0062-sw0.10-half_life_2-domain_augmented,True,
s3-A-0062-sw0.10-half_life_4-plain,True,
s3-A-0062-sw0.10-half_life_4-domain_augmented,True,
s3-A-0062-sw0.10-half_life_6-plain,True,
s3-A-0062-sw0.10-half_life_6-domain_augmented,True,
s3-A-0062-sw0.25-all_history-plain,True,
s3-A-0062-sw0.25-all_history-domain_augmented,True,
s3-A-0062-sw0.25-five_year-plain,True,
s3-A-0062-sw0.25-five_year-domain_augmented,True,
s3-A-0062-sw0.25-half_life_2-plain,True,
s3-A-0062-sw0.25-half_life_2-domain_augmented,True,
s3-A-0062-sw0.25-half_life_4-plain,True,
s3-A-0062-sw0.25-half_life_4-domain_augmented,True,
s3-A-0062-sw0.25-half_life_6-plain,True,
s3-A-0062-sw0.25-half_life_6-domain_augmented,True,
s3-A-0062-sw0.50-all_history-plain,True,
s3-A-0062-sw0.50-all_history-domain_augmented,True,
s3-A-0062-sw0.50-five_year-plain,True,
s3-A-0062-sw0.50-five_year-domain_augmented,True,
s3-A-0062-sw0.50-half_life_2-plain,True,
s3-A-0062-sw0.50-half_life_2-domain_augmented,True,
s3-A-0062-sw0.50-half_life_4-plain,True,
s3-A-0062-sw0.50-half_life_4-domain_augmented,True,
s3-A-0062-sw0.50-half_life_6-plain,True,
s3-A-0062-sw0.50-half_life_6-domain_augmented,True,
s3-A-0062-ensemble-0.25,True,requires compatible top pair
s3-A-0062-ensemble-0.50,True,requires compatible top pair
s3-A-0062-ensemble-0.75,True,requires compatible top pair
s3-A-0063-sw0.00-all_history-plain,True,
s3-A-0063-sw0.00-all_history-domain_augmented,True,
s3-A-0063-sw0.00-five_year-plain,True,
s3-A-0063-sw0.00-five_year-domain_augmented,True,
s3-A-0063-sw0.00-half_life_2-plain,True,
s3-A-0063-sw0.00-half_life_2-domain_augmented,True,
s3-A-0063-sw0.00-half_life_4-plain,True,
s3-A-0063-sw0.00-half_life_4-domain_augmented,True,
s3-A-0063-sw0.00-half_life_6-plain,True,
s3-A-0063-sw0.00-half_life_6-domain_augmented,True,
s3-A-0063-sw0.10-all_history-plain,True,
s3-A-0063-sw0.10-all_history-domain_augmented,True,
s3-A-0063-sw0.10-five_year-plain,True,
s3-A-0063-sw0.10-five_year-domain_augmented,True,
s3-A-0063-sw0.10-half_life_2-plain,True,
s3-A-0063-sw0.10-half_life_2-domain_augmented,True,
s3-A-0063-sw0.10-half_life_4-plain,True,
s3-A-0063-sw0.10-half_life_4-domain_augmented,True,
s3-A-0063-sw0.10-half_life_6-plain,True,
s3-A-0063-sw0.10-half_life_6-domain_augmented,True,
s3-A-0063-sw0.25-all_history-plain,True,
s3-A-0063-sw0.25-all_history-domain_augmented,True,
s3-A-0063-sw0.25-five_year-plain,True,
s3-A-0063-sw0.25-five_year-domain_augmented,True,
s3-A-0063-sw0.25-half_life_2-plain,True,
s3-A-0063-sw0.25-half_life_2-domain_augmented,True,
s3-A-0063-sw0.25-half_life_4-plain,True,
s3-A-0063-sw0.25-half_life_4-domain_augmented,True,
s3-A-0063-sw0.25-half_life_6-plain,True,
s3-A-0063-sw0.25-half_life_6-domain_augmented,True,
s3-A-0063-sw0.50-all_history-plain,True,
s3-A-0063-sw0.50-all_history-domain_augmented,True,
s3-A-0063-sw0.50-five_year-plain,True,
s3-A-0063-sw0.50-five_year-domain_augmented,True,
s3-A-0063-sw0.50-half_life_2-plain,True,
s3-A-0063-sw0.50-half_life_2-domain_augmented,True,
s3-A-0063-sw0.50-half_life_4-plain,True,
s3-A-0063-sw0.50-half_life_4-domain_augmented,True,
s3-A-0063-sw0.50-half_life_6-plain,True,
s3-A-0063-sw0.50-half_life_6-domain_augmented,True,
s3-A-0063-ensemble-0.25,True,requires compatible top pair
s3-A-0063-ensemble-0.50,True,requires compatible top pair
s3-A-0063-ensemble-0.75,True,requires compatible top pair
s3-A-0064-sw0.00-all_history-plain,True,
s3-A-0064-sw0.00-all_history-domain_augmented,True,
s3-A-0064-sw0.00-five_year-plain,True,
s3-A-0064-sw0.00-five_year-domain_augmented,True,
s3-A-0064-sw0.00-half_life_2-plain,True,
s3-A-0064-sw0.00-half_life_2-domain_augmented,True,
s3-A-0064-sw0.00-half_life_4-plain,True,
s3-A-0064-sw0.00-half_life_4-domain_augmented,True,
s3-A-0064-sw0.00-half_life_6-plain,True,
s3-A-0064-sw0.00-half_life_6-domain_augmented,True,
s3-A-0064-sw0.10-all_history-plain,True,
s3-A-0064-sw0.10-all_history-domain_augmented,True,
s3-A-0064-sw0.10-five_year-plain,True,
s3-A-0064-sw0.10-five_year-domain_augmented,True,
s3-A-0064-sw0.10-half_life_2-plain,True,
s3-A-0064-sw0.10-half_life_2-domain_augmented,True,
s3-A-0064-sw0.10-half_life_4-plain,True,
s3-A-0064-sw0.10-half_life_4-domain_augmented,True,
s3-A-0064-sw0.10-half_life_6-plain,True,
s3-A-0064-sw0.10-half_life_6-domain_augmented,True,
s3-A-0064-sw0.25-all_history-plain,True,
s3-A-0064-sw0.25-all_history-domain_augmented,True,
s3-A-0064-sw0.25-five_year-plain,True,
s3-A-0064-sw0.25-five_year-domain_augmented,True,
s3-A-0064-sw0.25-half_life_2-plain,True,
s3-A-0064-sw0.25-half_life_2-domain_augmented,True,
s3-A-0064-sw0.25-half_life_4-plain,True,
s3-A-0064-sw0.25-half_life_4-domain_augmented,True,
s3-A-0064-sw0.25-half_life_6-plain,True,
s3-A-0064-sw0.25-half_life_6-domain_augmented,True,
s3-A-0064-sw0.50-all_history-plain,True,
s3-A-0064-sw0.50-all_history-domain_augmented,True,
s3-A-0064-sw0.50-five_year-plain,True,
s3-A-0064-sw0.50-five_year-domain_augmented,True,
s3-A-0064-sw0.50-half_life_2-plain,True,
s3-A-0064-sw0.50-half_life_2-domain_augmented,True,
s3-A-0064-sw0.50-half_life_4-plain,True,
s3-A-0064-sw0.50-half_life_4-domain_augmented,True,
s3-A-0064-sw0.50-half_life_6-plain,True,
s3-A-0064-sw0.50-half_life_6-domain_augmented,True,
s3-A-0064-ensemble-0.25,True,requires compatible top pair
s3-A-0064-ensemble-0.50,True,requires compatible top pair
s3-A-0064-ensemble-0.75,True,requires compatible top pair
s3-A-0065-sw0.00-all_history-plain,True,
s3-A-0065-sw0.00-all_history-domain_augmented,True,
s3-A-0065-sw0.00-five_year-plain,True,
s3-A-0065-sw0.00-five_year-domain_augmented,True,
s3-A-0065-sw0.00-half_life_2-plain,True,
s3-A-0065-sw0.00-half_life_2-domain_augmented,True,
s3-A-0065-sw0.00-half_life_4-plain,True,
s3-A-0065-sw0.00-half_life_4-domain_augmented,True,
s3-A-0065-sw0.00-half_life_6-plain,True,
s3-A-0065-sw0.00-half_life_6-domain_augmented,True,
s3-A-0065-sw0.10-all_history-plain,True,
s3-A-0065-sw0.10-all_history-domain_augmented,True,
s3-A-0065-sw0.10-five_year-plain,True,
s3-A-0065-sw0.10-five_year-domain_augmented,True,
s3-A-0065-sw0.10-half_life_2-plain,True,
s3-A-0065-sw0.10-half_life_2-domain_augmented,True,
s3-A-0065-sw0.10-half_life_4-plain,True,
s3-A-0065-sw0.10-half_life_4-domain_augmented,True,
s3-A-0065-sw0.10-half_life_6-plain,True,
s3-A-0065-sw0.10-half_life_6-domain_augmented,True,
s3-A-0065-sw0.25-all_history-plain,True,
s3-A-0065-sw0.25-all_history-domain_augmented,True,
s3-A-0065-sw0.25-five_year-plain,True,
s3-A-0065-sw0.25-five_year-domain_augmented,True,
s3-A-0065-sw0.25-half_life_2-plain,True,
s3-A-0065-sw0.25-half_life_2-domain_augmented,True,
s3-A-0065-sw0.25-half_life_4-plain,True,
s3-A-0065-sw0.25-half_life_4-domain_augmented,True,
s3-A-0065-sw0.25-half_life_6-plain,True,
s3-A-0065-sw0.25-half_life_6-domain_augmented,True,
s3-A-0065-sw0.50-all_history-plain,True,
s3-A-0065-sw0.50-all_history-domain_augmented,True,
s3-A-0065-sw0.50-five_year-plain,True,
s3-A-0065-sw0.50-five_year-domain_augmented,True,
s3-A-0065-sw0.50-half_life_2-plain,True,
s3-A-0065-sw0.50-half_life_2-domain_augmented,True,
s3-A-0065-sw0.50-half_life_4-plain,True,
s3-A-0065-sw0.50-half_life_4-domain_augmented,True,
s3-A-0065-sw0.50-half_life_6-plain,True,
s3-A-0065-sw0.50-half_life_6-domain_augmented,True,
s3-A-0065-ensemble-0.25,True,requires compatible top pair
s3-A-0065-ensemble-0.50,True,requires compatible top pair
s3-A-0065-ensemble-0.75,True,requires compatible top pair
s3-A-0066-sw0.00-all_history-plain,True,
s3-A-0066-sw0.00-all_history-domain_augmented,True,
s3-A-0066-sw0.00-five_year-plain,True,
s3-A-0066-sw0.00-five_year-domain_augmented,True,
s3-A-0066-sw0.00-half_life_2-plain,True,
s3-A-0066-sw0.00-half_life_2-domain_augmented,True,
s3-A-0066-sw0.00-half_life_4-plain,True,
s3-A-0066-sw0.00-half_life_4-domain_augmented,True,
s3-A-0066-sw0.00-half_life_6-plain,True,
s3-A-0066-sw0.00-half_life_6-domain_augmented,True,
s3-A-0066-sw0.10-all_history-plain,True,
s3-A-0066-sw0.10-all_history-domain_augmented,True,
s3-A-0066-sw0.10-five_year-plain,True,
s3-A-0066-sw0.10-five_year-domain_augmented,True,
s3-A-0066-sw0.10-half_life_2-plain,True,
s3-A-0066-sw0.10-half_life_2-domain_augmented,True,
s3-A-0066-sw0.10-half_life_4-plain,True,
s3-A-0066-sw0.10-half_life_4-domain_augmented,True,
s3-A-0066-sw0.10-half_life_6-plain,True,
s3-A-0066-sw0.10-half_life_6-domain_augmented,True,
s3-A-0066-sw0.25-all_history-plain,True,
s3-A-0066-sw0.25-all_history-domain_augmented,True,
s3-A-0066-sw0.25-five_year-plain,True,
s3-A-0066-sw0.25-five_year-domain_augmented,True,
s3-A-0066-sw0.25-half_life_2-plain,True,
s3-A-0066-sw0.25-half_life_2-domain_augmented,True,
s3-A-0066-sw0.25-half_life_4-plain,True,
s3-A-0066-sw0.25-half_life_4-domain_augmented,True,
s3-A-0066-sw0.25-half_life_6-plain,True,
s3-A-0066-sw0.25-half_life_6-domain_augmented,True,
s3-A-0066-sw0.50-all_history-plain,True,
s3-A-0066-sw0.50-all_history-domain_augmented,True,
s3-A-0066-sw0.50-five_year-plain,True,
s3-A-0066-sw0.50-five_year-domain_augmented,True,
s3-A-0066-sw0.50-half_life_2-plain,True,
s3-A-0066-sw0.50-half_life_2-domain_augmented,True,
s3-A-0066-sw0.50-half_life_4-plain,True,
s3-A-0066-sw0.50-half_life_4-domain_augmented,True,
s3-A-0066-sw0.50-half_life_6-plain,True,
s3-A-0066-sw0.50-half_life_6-domain_augmented,True,
s3-A-0066-ensemble-0.25,True,requires compatible top pair
s3-A-0066-ensemble-0.50,True,requires compatible top pair
s3-A-0066-ensemble-0.75,True,requires compatible top pair
s3-A-0067-sw0.00-all_history-plain,True,
s3-A-0067-sw0.00-all_history-domain_augmented,True,
s3-A-0067-sw0.00-five_year-plain,True,
s3-A-0067-sw0.00-five_year-domain_augmented,True,
s3-A-0067-sw0.00-half_life_2-plain,True,
s3-A-0067-sw0.00-half_life_2-domain_augmented,True,
s3-A-0067-sw0.00-half_life_4-plain,True,
s3-A-0067-sw0.00-half_life_4-domain_augmented,True,
s3-A-0067-sw0.00-half_life_6-plain,True,
s3-A-0067-sw0.00-half_life_6-domain_augmented,True,
s3-A-0067-sw0.10-all_history-plain,True,
s3-A-0067-sw0.10-all_history-domain_augmented,True,
s3-A-0067-sw0.10-five_year-plain,True,
s3-A-0067-sw0.10-five_year-domain_augmented,True,
s3-A-0067-sw0.10-half_life_2-plain,True,
s3-A-0067-sw0.10-half_life_2-domain_augmented,True,
s3-A-0067-sw0.10-half_life_4-plain,True,
s3-A-0067-sw0.10-half_life_4-domain_augmented,True,
s3-A-0067-sw0.10-half_life_6-plain,True,
s3-A-0067-sw0.10-half_life_6-domain_augmented,True,
s3-A-0067-sw0.25-all_history-plain,True,
s3-A-0067-sw0.25-all_history-domain_augmented,True,
s3-A-0067-sw0.25-five_year-plain,True,
s3-A-0067-sw0.25-five_year-domain_augmented,True,
s3-A-0067-sw0.25-half_life_2-plain,True,
s3-A-0067-sw0.25-half_life_2-domain_augmented,True,
s3-A-0067-sw0.25-half_life_4-plain,True,
s3-A-0067-sw0.25-half_life_4-domain_augmented,True,
s3-A-0067-sw0.25-half_life_6-plain,True,
s3-A-0067-sw0.25-half_life_6-domain_augmented,True,
s3-A-0067-sw0.50-all_history-plain,True,
s3-A-0067-sw0.50-all_history-domain_augmented,True,
s3-A-0067-sw0.50-five_year-plain,True,
s3-A-0067-sw0.50-five_year-domain_augmented,True,
s3-A-0067-sw0.50-half_life_2-plain,True,
s3-A-0067-sw0.50-half_life_2-domain_augmented,True,
s3-A-0067-sw0.50-half_life_4-plain,True,
s3-A-0067-sw0.50-half_life_4-domain_augmented,True,
s3-A-0067-sw0.50-half_life_6-plain,True,
s3-A-0067-sw0.50-half_life_6-domain_augmented,True,
s3-A-0067-ensemble-0.25,True,requires compatible top pair
s3-A-0067-ensemble-0.50,True,requires compatible top pair
s3-A-0067-ensemble-0.75,True,requires compatible top pair
s3-A-0068-sw0.00-all_history-plain,True,
s3-A-0068-sw0.00-all_history-domain_augmented,True,
s3-A-0068-sw0.00-five_year-plain,True,
s3-A-0068-sw0.00-five_year-domain_augmented,True,
s3-A-0068-sw0.00-half_life_2-plain,True,
s3-A-0068-sw0.00-half_life_2-domain_augmented,True,
s3-A-0068-sw0.00-half_life_4-plain,True,
s3-A-0068-sw0.00-half_life_4-domain_augmented,True,
s3-A-0068-sw0.00-half_life_6-plain,True,
s3-A-0068-sw0.00-half_life_6-domain_augmented,True,
s3-A-0068-sw0.10-all_history-plain,True,
s3-A-0068-sw0.10-all_history-domain_augmented,True,
s3-A-0068-sw0.10-five_year-plain,True,
s3-A-0068-sw0.10-five_year-domain_augmented,True,
s3-A-0068-sw0.10-half_life_2-plain,True,
s3-A-0068-sw0.10-half_life_2-domain_augmented,True,
s3-A-0068-sw0.10-half_life_4-plain,True,
s3-A-0068-sw0.10-half_life_4-domain_augmented,True,
s3-A-0068-sw0.10-half_life_6-plain,True,
s3-A-0068-sw0.10-half_life_6-domain_augmented,True,
s3-A-0068-sw0.25-all_history-plain,True,
s3-A-0068-sw0.25-all_history-domain_augmented,True,
s3-A-0068-sw0.25-five_year-plain,True,
s3-A-0068-sw0.25-five_year-domain_augmented,True,
s3-A-0068-sw0.25-half_life_2-plain,True,
s3-A-0068-sw0.25-half_life_2-domain_augmented,True,
s3-A-0068-sw0.25-half_life_4-plain,True,
s3-A-0068-sw0.25-half_life_4-domain_augmented,True,
s3-A-0068-sw0.25-half_life_6-plain,True,
s3-A-0068-sw0.25-half_life_6-domain_augmented,True,
s3-A-0068-sw0.50-all_history-plain,True,
s3-A-0068-sw0.50-all_history-domain_augmented,True,
s3-A-0068-sw0.50-five_year-plain,True,
s3-A-0068-sw0.50-five_year-domain_augmented,True,
s3-A-0068-sw0.50-half_life_2-plain,True,
s3-A-0068-sw0.50-half_life_2-domain_augmented,True,
s3-A-0068-sw0.50-half_life_4-plain,True,
s3-A-0068-sw0.50-half_life_4-domain_augmented,True,
s3-A-0068-sw0.50-half_life_6-plain,True,
s3-A-0068-sw0.50-half_life_6-domain_augmented,True,
s3-A-0068-ensemble-0.25,True,requires compatible top pair
s3-A-0068-ensemble-0.50,True,requires compatible top pair
s3-A-0068-ensemble-0.75,True,requires compatible top pair
s3-A-0069-sw0.00-all_history-plain,True,
s3-A-0069-sw0.00-all_history-domain_augmented,True,
s3-A-0069-sw0.00-five_year-plain,True,
s3-A-0069-sw0.00-five_year-domain_augmented,True,
s3-A-0069-sw0.00-half_life_2-plain,True,
s3-A-0069-sw0.00-half_life_2-domain_augmented,True,
s3-A-0069-sw0.00-half_life_4-plain,True,
s3-A-0069-sw0.00-half_life_4-domain_augmented,True,
s3-A-0069-sw0.00-half_life_6-plain,True,
s3-A-0069-sw0.00-half_life_6-domain_augmented,True,
s3-A-0069-sw0.10-all_history-plain,True,
s3-A-0069-sw0.10-all_history-domain_augmented,True,
s3-A-0069-sw0.10-five_year-plain,True,
s3-A-0069-sw0.10-five_year-domain_augmented,True,
s3-A-0069-sw0.10-half_life_2-plain,True,
s3-A-0069-sw0.10-half_life_2-domain_augmented,True,
s3-A-0069-sw0.10-half_life_4-plain,True,
s3-A-0069-sw0.10-half_life_4-domain_augmented,True,
s3-A-0069-sw0.10-half_life_6-plain,True,
s3-A-0069-sw0.10-half_life_6-domain_augmented,True,
s3-A-0069-sw0.25-all_history-plain,True,
s3-A-0069-sw0.25-all_history-domain_augmented,True,
s3-A-0069-sw0.25-five_year-plain,True,
s3-A-0069-sw0.25-five_year-domain_augmented,True,
s3-A-0069-sw0.25-half_life_2-plain,True,
s3-A-0069-sw0.25-half_life_2-domain_augmented,True,
s3-A-0069-sw0.25-half_life_4-plain,True,
s3-A-0069-sw0.25-half_life_4-domain_augmented,True,
s3-A-0069-sw0.25-half_life_6-plain,True,
s3-A-0069-sw0.25-half_life_6-domain_augmented,True,
s3-A-0069-sw0.50-all_history-plain,True,
s3-A-0069-sw0.50-all_history-domain_augmented,True,
s3-A-0069-sw0.50-five_year-plain,True,
s3-A-0069-sw0.50-five_year-domain_augmented,True,
s3-A-0069-sw0.50-half_life_2-plain,True,
s3-A-0069-sw0.50-half_life_2-domain_augmented,True,
s3-A-0069-sw0.50-half_life_4-plain,True,
s3-A-0069-sw0.50-half_life_4-domain_augmented,True,
s3-A-0069-sw0.50-half_life_6-plain,True,
s3-A-0069-sw0.50-half_life_6-domain_augmented,True,
s3-A-0069-ensemble-0.25,True,requires compatible top pair
s3-A-0069-ensemble-0.50,True,requires compatible top pair
s3-A-0069-ensemble-0.75,True,requires compatible top pair
s3-A-0070-sw0.00-all_history-plain,True,
s3-A-0070-sw0.00-all_history-domain_augmented,True,
s3-A-0070-sw0.00-five_year-plain,True,
s3-A-0070-sw0.00-five_year-domain_augmented,True,
s3-A-0070-sw0.00-half_life_2-plain,True,
s3-A-0070-sw0.00-half_life_2-domain_augmented,True,
s3-A-0070-sw0.00-half_life_4-plain,True,
s3-A-0070-sw0.00-half_life_4-domain_augmented,True,
s3-A-0070-sw0.00-half_life_6-plain,True,
s3-A-0070-sw0.00-half_life_6-domain_augmented,True,
s3-A-0070-sw0.10-all_history-plain,True,
s3-A-0070-sw0.10-all_history-domain_augmented,True,
s3-A-0070-sw0.10-five_year-plain,True,
s3-A-0070-sw0.10-five_year-domain_augmented,True,
s3-A-0070-sw0.10-half_life_2-plain,True,
s3-A-0070-sw0.10-half_life_2-domain_augmented,True,
s3-A-0070-sw0.10-half_life_4-plain,True,
s3-A-0070-sw0.10-half_life_4-domain_augmented,True,
s3-A-0070-sw0.10-half_life_6-plain,True,
s3-A-0070-sw0.10-half_life_6-domain_augmented,True,
s3-A-0070-sw0.25-all_history-plain,True,
s3-A-0070-sw0.25-all_history-domain_augmented,True,
s3-A-0070-sw0.25-five_year-plain,True,
s3-A-0070-sw0.25-five_year-domain_augmented,True,
s3-A-0070-sw0.25-half_life_2-plain,True,
s3-A-0070-sw0.25-half_life_2-domain_augmented,True,
s3-A-0070-sw0.25-half_life_4-plain,True,
s3-A-0070-sw0.25-half_life_4-domain_augmented,True,
s3-A-0070-sw0.25-half_life_6-plain,True,
s3-A-0070-sw0.25-half_life_6-domain_augmented,True,
s3-A-0070-sw0.50-all_history-plain,True,
s3-A-0070-sw0.50-all_history-domain_augmented,True,
s3-A-0070-sw0.50-five_year-plain,True,
s3-A-0070-sw0.50-five_year-domain_augmented,True,
s3-A-0070-sw0.50-half_life_2-plain,True,
s3-A-0070-sw0.50-half_life_2-domain_augmented,True,
s3-A-0070-sw0.50-half_life_4-plain,True,
s3-A-0070-sw0.50-half_life_4-domain_augmented,True,
s3-A-0070-sw0.50-half_life_6-plain,True,
s3-A-0070-sw0.50-half_life_6-domain_augmented,True,
s3-A-0070-ensemble-0.25,True,requires compatible top pair
s3-A-0070-ensemble-0.50,True,requires compatible top pair
s3-A-0070-ensemble-0.75,True,requires compatible top pair
s3-A-0071-sw0.00-all_history-plain,True,
s3-A-0071-sw0.00-all_history-domain_augmented,True,
s3-A-0071-sw0.00-five_year-plain,True,
s3-A-0071-sw0.00-five_year-domain_augmented,True,
s3-A-0071-sw0.00-half_life_2-plain,True,
s3-A-0071-sw0.00-half_life_2-domain_augmented,True,
s3-A-0071-sw0.00-half_life_4-plain,True,
s3-A-0071-sw0.00-half_life_4-domain_augmented,True,
s3-A-0071-sw0.00-half_life_6-plain,True,
s3-A-0071-sw0.00-half_life_6-domain_augmented,True,
s3-A-0071-sw0.10-all_history-plain,True,
s3-A-0071-sw0.10-all_history-domain_augmented,True,
s3-A-0071-sw0.10-five_year-plain,True,
s3-A-0071-sw0.10-five_year-domain_augmented,True,
s3-A-0071-sw0.10-half_life_2-plain,True,
s3-A-0071-sw0.10-half_life_2-domain_augmented,True,
s3-A-0071-sw0.10-half_life_4-plain,True,
s3-A-0071-sw0.10-half_life_4-domain_augmented,True,
s3-A-0071-sw0.10-half_life_6-plain,True,
s3-A-0071-sw0.10-half_life_6-domain_augmented,True,
s3-A-0071-sw0.25-all_history-plain,True,
s3-A-0071-sw0.25-all_history-domain_augmented,True,
s3-A-0071-sw0.25-five_year-plain,True,
s3-A-0071-sw0.25-five_year-domain_augmented,True,
s3-A-0071-sw0.25-half_life_2-plain,True,
s3-A-0071-sw0.25-half_life_2-domain_augmented,True,
s3-A-0071-sw0.25-half_life_4-plain,True,
s3-A-0071-sw0.25-half_life_4-domain_augmented,True,
s3-A-0071-sw0.25-half_life_6-plain,True,
s3-A-0071-sw0.25-half_life_6-domain_augmented,True,
s3-A-0071-sw0.50-all_history-plain,True,
s3-A-0071-sw0.50-all_history-domain_augmented,True,
s3-A-0071-sw0.50-five_year-plain,True,
s3-A-0071-sw0.50-five_year-domain_augmented,True,
s3-A-0071-sw0.50-half_life_2-plain,True,
s3-A-0071-sw0.50-half_life_2-domain_augmented,True,
s3-A-0071-sw0.50-half_life_4-plain,True,
s3-A-0071-sw0.50-half_life_4-domain_augmented,True,
s3-A-0071-sw0.50-half_life_6-plain,True,
s3-A-0071-sw0.50-half_life_6-domain_augmented,True,
s3-A-0071-ensemble-0.25,True,requires compatible top pair
s3-A-0071-ensemble-0.50,True,requires compatible top pair
s3-A-0071-ensemble-0.75,True,requires compatible top pair
s3-A-0072-sw0.00-all_history-plain,True,
s3-A-0072-sw0.00-all_history-domain_augmented,True,
s3-A-0072-sw0.00-five_year-plain,True,
s3-A-0072-sw0.00-five_year-domain_augmented,True,
s3-A-0072-sw0.00-half_life_2-plain,True,
s3-A-0072-sw0.00-half_life_2-domain_augmented,True,
s3-A-0072-sw0.00-half_life_4-plain,True,
s3-A-0072-sw0.00-half_life_4-domain_augmented,True,
s3-A-0072-sw0.00-half_life_6-plain,True,
s3-A-0072-sw0.00-half_life_6-domain_augmented,True,
s3-A-0072-sw0.10-all_history-plain,True,
s3-A-0072-sw0.10-all_history-domain_augmented,True,
s3-A-0072-sw0.10-five_year-plain,True,
s3-A-0072-sw0.10-five_year-domain_augmented,True,
s3-A-0072-sw0.10-half_life_2-plain,True,
s3-A-0072-sw0.10-half_life_2-domain_augmented,True,
s3-A-0072-sw0.10-half_life_4-plain,True,
s3-A-0072-sw0.10-half_life_4-domain_augmented,True,
s3-A-0072-sw0.10-half_life_6-plain,True,
s3-A-0072-sw0.10-half_life_6-domain_augmented,True,
s3-A-0072-sw0.25-all_history-plain,True,
s3-A-0072-sw0.25-all_history-domain_augmented,True,
s3-A-0072-sw0.25-five_year-plain,True,
s3-A-0072-sw0.25-five_year-domain_augmented,True,
s3-A-0072-sw0.25-half_life_2-plain,True,
s3-A-0072-sw0.25-half_life_2-domain_augmented,True,
s3-A-0072-sw0.25-half_life_4-plain,True,
s3-A-0072-sw0.25-half_life_4-domain_augmented,True,
s3-A-0072-sw0.25-half_life_6-plain,True,
s3-A-0072-sw0.25-half_life_6-domain_augmented,True,
s3-A-0072-sw0.50-all_history-plain,True,
s3-A-0072-sw0.50-all_history-domain_augmented,True,
s3-A-0072-sw0.50-five_year-plain,True,
s3-A-0072-sw0.50-five_year-domain_augmented,True,
s3-A-0072-sw0.50-half_life_2-plain,True,
s3-A-0072-sw0.50-half_life_2-domain_augmented,True,
s3-A-0072-sw0.50-half_life_4-plain,True,
s3-A-0072-sw0.50-half_life_4-domain_augmented,True,
s3-A-0072-sw0.50-half_life_6-plain,True,
s3-A-0072-sw0.50-half_life_6-domain_augmented,True,
s3-A-0072-ensemble-0.25,True,requires compatible top pair
s3-A-0072-ensemble-0.50,True,requires compatible top pair
s3-A-0072-ensemble-0.75,True,requires compatible top pair
s3-A-0073-sw0.00-all_history-plain,True,
s3-A-0073-sw0.00-all_history-domain_augmented,True,
s3-A-0073-sw0.00-five_year-plain,True,
s3-A-0073-sw0.00-five_year-domain_augmented,True,
s3-A-0073-sw0.00-half_life_2-plain,True,
s3-A-0073-sw0.00-half_life_2-domain_augmented,True,
s3-A-0073-sw0.00-half_life_4-plain,True,
s3-A-0073-sw0.00-half_life_4-domain_augmented,True,
s3-A-0073-sw0.00-half_life_6-plain,True,
s3-A-0073-sw0.00-half_life_6-domain_augmented,True,
s3-A-0073-sw0.10-all_history-plain,True,
s3-A-0073-sw0.10-all_history-domain_augmented,True,
s3-A-0073-sw0.10-five_year-plain,True,
s3-A-0073-sw0.10-five_year-domain_augmented,True,
s3-A-0073-sw0.10-half_life_2-plain,True,
s3-A-0073-sw0.10-half_life_2-domain_augmented,True,
s3-A-0073-sw0.10-half_life_4-plain,True,
s3-A-0073-sw0.10-half_life_4-domain_augmented,True,
s3-A-0073-sw0.10-half_life_6-plain,True,
s3-A-0073-sw0.10-half_life_6-domain_augmented,True,
s3-A-0073-sw0.25-all_history-plain,True,
s3-A-0073-sw0.25-all_history-domain_augmented,True,
s3-A-0073-sw0.25-five_year-plain,True,
s3-A-0073-sw0.25-five_year-domain_augmented,True,
s3-A-0073-sw0.25-half_life_2-plain,True,
s3-A-0073-sw0.25-half_life_2-domain_augmented,True,
s3-A-0073-sw0.25-half_life_4-plain,True,
s3-A-0073-sw0.25-half_life_4-domain_augmented,True,
s3-A-0073-sw0.25-half_life_6-plain,True,
s3-A-0073-sw0.25-half_life_6-domain_augmented,True,
s3-A-0073-sw0.50-all_history-plain,True,
s3-A-0073-sw0.50-all_history-domain_augmented,True,
s3-A-0073-sw0.50-five_year-plain,True,
s3-A-0073-sw0.50-five_year-domain_augmented,True,
s3-A-0073-sw0.50-half_life_2-plain,True,
s3-A-0073-sw0.50-half_life_2-domain_augmented,True,
s3-A-0073-sw0.50-half_life_4-plain,True,
s3-A-0073-sw0.50-half_life_4-domain_augmented,True,
s3-A-0073-sw0.50-half_life_6-plain,True,
s3-A-0073-sw0.50-half_life_6-domain_augmented,True,
s3-A-0073-ensemble-0.25,True,requires compatible top pair
s3-A-0073-ensemble-0.50,True,requires compatible top pair
s3-A-0073-ensemble-0.75,True,requires compatible top pair
s3-A-0074-sw0.00-all_history-plain,True,
s3-A-0074-sw0.00-all_history-domain_augmented,True,
s3-A-0074-sw0.00-five_year-plain,True,
s3-A-0074-sw0.00-five_year-domain_augmented,True,
s3-A-0074-sw0.00-half_life_2-plain,True,
s3-A-0074-sw0.00-half_life_2-domain_augmented,True,
s3-A-0074-sw0.00-half_life_4-plain,True,
s3-A-0074-sw0.00-half_life_4-domain_augmented,True,
s3-A-0074-sw0.00-half_life_6-plain,True,
s3-A-0074-sw0.00-half_life_6-domain_augmented,True,
s3-A-0074-sw0.10-all_history-plain,True,
s3-A-0074-sw0.10-all_history-domain_augmented,True,
s3-A-0074-sw0.10-five_year-plain,True,
s3-A-0074-sw0.10-five_year-domain_augmented,True,
s3-A-0074-sw0.10-half_life_2-plain,True,
s3-A-0074-sw0.10-half_life_2-domain_augmented,True,
s3-A-0074-sw0.10-half_life_4-plain,True,
s3-A-0074-sw0.10-half_life_4-domain_augmented,True,
s3-A-0074-sw0.10-half_life_6-plain,True,
s3-A-0074-sw0.10-half_life_6-domain_augmented,True,
s3-A-0074-sw0.25-all_history-plain,True,
s3-A-0074-sw0.25-all_history-domain_augmented,True,
s3-A-0074-sw0.25-five_year-plain,True,
s3-A-0074-sw0.25-five_year-domain_augmented,True,
s3-A-0074-sw0.25-half_life_2-plain,True,
s3-A-0074-sw0.25-half_life_2-domain_augmented,True,
s3-A-0074-sw0.25-half_life_4-plain,True,
s3-A-0074-sw0.25-half_life_4-domain_augmented,True,
s3-A-0074-sw0.25-half_life_6-plain,True,
s3-A-0074-sw0.25-half_life_6-domain_augmented,True,
s3-A-0074-sw0.50-all_history-plain,True,
s3-A-0074-sw0.50-all_history-domain_augmented,True,
s3-A-0074-sw0.50-five_year-plain,True,
s3-A-0074-sw0.50-five_year-domain_augmented,True,
s3-A-0074-sw0.50-half_life_2-plain,True,
s3-A-0074-sw0.50-half_life_2-domain_augmented,True,
s3-A-0074-sw0.50-half_life_4-plain,True,
s3-A-0074-sw0.50-half_life_4-domain_augmented,True,
s3-A-0074-sw0.50-half_life_6-plain,True,
s3-A-0074-sw0.50-half_life_6-domain_augmented,True,
s3-A-0074-ensemble-0.25,True,requires compatible top pair
s3-A-0074-ensemble-0.50,True,requires compatible top pair
s3-A-0074-ensemble-0.75,True,requires compatible top pair
s3-A-0075-sw0.00-all_history-plain,True,
s3-A-0075-sw0.00-all_history-domain_augmented,True,
s3-A-0075-sw0.00-five_year-plain,True,
s3-A-0075-sw0.00-five_year-domain_augmented,True,
s3-A-0075-sw0.00-half_life_2-plain,True,
s3-A-0075-sw0.00-half_life_2-domain_augmented,True,
s3-A-0075-sw0.00-half_life_4-plain,True,
s3-A-0075-sw0.00-half_life_4-domain_augmented,True,
s3-A-0075-sw0.00-half_life_6-plain,True,
s3-A-0075-sw0.00-half_life_6-domain_augmented,True,
s3-A-0075-sw0.10-all_history-plain,True,
s3-A-0075-sw0.10-all_history-domain_augmented,True,
s3-A-0075-sw0.10-five_year-plain,True,
s3-A-0075-sw0.10-five_year-domain_augmented,True,
s3-A-0075-sw0.10-half_life_2-plain,True,
s3-A-0075-sw0.10-half_life_2-domain_augmented,True,
s3-A-0075-sw0.10-half_life_4-plain,True,
s3-A-0075-sw0.10-half_life_4-domain_augmented,True,
s3-A-0075-sw0.10-half_life_6-plain,True,
s3-A-0075-sw0.10-half_life_6-domain_augmented,True,
s3-A-0075-sw0.25-all_history-plain,True,
s3-A-0075-sw0.25-all_history-domain_augmented,True,
s3-A-0075-sw0.25-five_year-plain,True,
s3-A-0075-sw0.25-five_year-domain_augmented,True,
s3-A-0075-sw0.25-half_life_2-plain,True,
s3-A-0075-sw0.25-half_life_2-domain_augmented,True,
s3-A-0075-sw0.25-half_life_4-plain,True,
s3-A-0075-sw0.25-half_life_4-domain_augmented,True,
s3-A-0075-sw0.25-half_life_6-plain,True,
s3-A-0075-sw0.25-half_life_6-domain_augmented,True,
s3-A-0075-sw0.50-all_history-plain,True,
s3-A-0075-sw0.50-all_history-domain_augmented,True,
s3-A-0075-sw0.50-five_year-plain,True,
s3-A-0075-sw0.50-five_year-domain_augmented,True,
s3-A-0075-sw0.50-half_life_2-plain,True,
s3-A-0075-sw0.50-half_life_2-domain_augmented,True,
s3-A-0075-sw0.50-half_life_4-plain,True,
s3-A-0075-sw0.50-half_life_4-domain_augmented,True,
s3-A-0075-sw0.50-half_life_6-plain,True,
s3-A-0075-sw0.50-half_life_6-domain_augmented,True,
s3-A-0075-ensemble-0.25,True,requires compatible top pair
s3-A-0075-ensemble-0.50,True,requires compatible top pair
s3-A-0075-ensemble-0.75,True,requires compatible top pair
s3-A-0076-sw0.00-all_history-plain,True,
s3-A-0076-sw0.00-all_history-domain_augmented,True,
s3-A-0076-sw0.00-five_year-plain,True,
s3-A-0076-sw0.00-five_year-domain_augmented,True,
s3-A-0076-sw0.00-half_life_2-plain,True,
s3-A-0076-sw0.00-half_life_2-domain_augmented,True,
s3-A-0076-sw0.00-half_life_4-plain,True,
s3-A-0076-sw0.00-half_life_4-domain_augmented,True,
s3-A-0076-sw0.00-half_life_6-plain,True,
s3-A-0076-sw0.00-half_life_6-domain_augmented,True,
s3-A-0076-sw0.10-all_history-plain,True,
s3-A-0076-sw0.10-all_history-domain_augmented,True,
s3-A-0076-sw0.10-five_year-plain,True,
s3-A-0076-sw0.10-five_year-domain_augmented,True,
s3-A-0076-sw0.10-half_life_2-plain,True,
s3-A-0076-sw0.10-half_life_2-domain_augmented,True,
s3-A-0076-sw0.10-half_life_4-plain,True,
s3-A-0076-sw0.10-half_life_4-domain_augmented,True,
s3-A-0076-sw0.10-half_life_6-plain,True,
s3-A-0076-sw0.10-half_life_6-domain_augmented,True,
s3-A-0076-sw0.25-all_history-plain,True,
s3-A-0076-sw0.25-all_history-domain_augmented,True,
s3-A-0076-sw0.25-five_year-plain,True,
s3-A-0076-sw0.25-five_year-domain_augmented,True,
s3-A-0076-sw0.25-half_life_2-plain,True,
s3-A-0076-sw0.25-half_life_2-domain_augmented,True,
s3-A-0076-sw0.25-half_life_4-plain,True,
s3-A-0076-sw0.25-half_life_4-domain_augmented,True,
s3-A-0076-sw0.25-half_life_6-plain,True,
s3-A-0076-sw0.25-half_life_6-domain_augmented,True,
s3-A-0076-sw0.50-all_history-plain,True,
s3-A-0076-sw0.50-all_history-domain_augmented,True,
s3-A-0076-sw0.50-five_year-plain,True,
s3-A-0076-sw0.50-five_year-domain_augmented,True,
s3-A-0076-sw0.50-half_life_2-plain,True,
s3-A-0076-sw0.50-half_life_2-domain_augmented,True,
s3-A-0076-sw0.50-half_life_4-plain,True,
s3-A-0076-sw0.50-half_life_4-domain_augmented,True,
s3-A-0076-sw0.50-half_life_6-plain,True,
s3-A-0076-sw0.50-half_life_6-domain_augmented,True,
s3-A-0076-ensemble-0.25,True,requires compatible top pair
s3-A-0076-ensemble-0.50,True,requires compatible top pair
s3-A-0076-ensemble-0.75,True,requires compatible top pair
s3-A-0077-sw0.00-all_history-plain,True,
s3-A-0077-sw0.00-all_history-domain_augmented,True,
s3-A-0077-sw0.00-five_year-plain,True,
s3-A-0077-sw0.00-five_year-domain_augmented,True,
s3-A-0077-sw0.00-half_life_2-plain,True,
s3-A-0077-sw0.00-half_life_2-domain_augmented,True,
s3-A-0077-sw0.00-half_life_4-plain,True,
s3-A-0077-sw0.00-half_life_4-domain_augmented,True,
s3-A-0077-sw0.00-half_life_6-plain,True,
s3-A-0077-sw0.00-half_life_6-domain_augmented,True,
s3-A-0077-sw0.10-all_history-plain,True,
s3-A-0077-sw0.10-all_history-domain_augmented,True,
s3-A-0077-sw0.10-five_year-plain,True,
s3-A-0077-sw0.10-five_year-domain_augmented,True,
s3-A-0077-sw0.10-half_life_2-plain,True,
s3-A-0077-sw0.10-half_life_2-domain_augmented,True,
s3-A-0077-sw0.10-half_life_4-plain,True,
s3-A-0077-sw0.10-half_life_4-domain_augmented,True,
s3-A-0077-sw0.10-half_life_6-plain,True,
s3-A-0077-sw0.10-half_life_6-domain_augmented,True,
s3-A-0077-sw0.25-all_history-plain,True,
s3-A-0077-sw0.25-all_history-domain_augmented,True,
s3-A-0077-sw0.25-five_year-plain,True,
s3-A-0077-sw0.25-five_year-domain_augmented,True,
s3-A-0077-sw0.25-half_life_2-plain,True,
s3-A-0077-sw0.25-half_life_2-domain_augmented,True,
s3-A-0077-sw0.25-half_life_4-plain,True,
s3-A-0077-sw0.25-half_life_4-domain_augmented,True,
s3-A-0077-sw0.25-half_life_6-plain,True,
s3-A-0077-sw0.25-half_life_6-domain_augmented,True,
s3-A-0077-sw0.50-all_history-plain,True,
s3-A-0077-sw0.50-all_history-domain_augmented,True,
s3-A-0077-sw0.50-five_year-plain,True,
s3-A-0077-sw0.50-five_year-domain_augmented,True,
s3-A-0077-sw0.50-half_life_2-plain,True,
s3-A-0077-sw0.50-half_life_2-domain_augmented,True,
s3-A-0077-sw0.50-half_life_4-plain,True,
s3-A-0077-sw0.50-half_life_4-domain_augmented,True,
s3-A-0077-sw0.50-half_life_6-plain,True,
s3-A-0077-sw0.50-half_life_6-domain_augmented,True,
s3-A-0077-ensemble-0.25,True,requires compatible top pair
s3-A-0077-ensemble-0.50,True,requires compatible top pair
s3-A-0077-ensemble-0.75,True,requires compatible top pair
s3-A-0078-sw0.00-all_history-plain,True,
s3-A-0078-sw0.00-all_history-domain_augmented,True,
s3-A-0078-sw0.00-five_year-plain,True,
s3-A-0078-sw0.00-five_year-domain_augmented,True,
s3-A-0078-sw0.00-half_life_2-plain,True,
s3-A-0078-sw0.00-half_life_2-domain_augmented,True,
s3-A-0078-sw0.00-half_life_4-plain,True,
s3-A-0078-sw0.00-half_life_4-domain_augmented,True,
s3-A-0078-sw0.00-half_life_6-plain,True,
s3-A-0078-sw0.00-half_life_6-domain_augmented,True,
s3-A-0078-sw0.10-all_history-plain,True,
s3-A-0078-sw0.10-all_history-domain_augmented,True,
s3-A-0078-sw0.10-five_year-plain,True,
s3-A-0078-sw0.10-five_year-domain_augmented,True,
s3-A-0078-sw0.10-half_life_2-plain,True,
s3-A-0078-sw0.10-half_life_2-domain_augmented,True,
s3-A-0078-sw0.10-half_life_4-plain,True,
s3-A-0078-sw0.10-half_life_4-domain_augmented,True,
s3-A-0078-sw0.10-half_life_6-plain,True,
s3-A-0078-sw0.10-half_life_6-domain_augmented,True,
s3-A-0078-sw0.25-all_history-plain,True,
s3-A-0078-sw0.25-all_history-domain_augmented,True,
s3-A-0078-sw0.25-five_year-plain,True,
s3-A-0078-sw0.25-five_year-domain_augmented,True,
s3-A-0078-sw0.25-half_life_2-plain,True,
s3-A-0078-sw0.25-half_life_2-domain_augmented,True,
s3-A-0078-sw0.25-half_life_4-plain,True,
s3-A-0078-sw0.25-half_life_4-domain_augmented,True,
s3-A-0078-sw0.25-half_life_6-plain,True,
s3-A-0078-sw0.25-half_life_6-domain_augmented,True,
s3-A-0078-sw0.50-all_history-plain,True,
s3-A-0078-sw0.50-all_history-domain_augmented,True,
s3-A-0078-sw0.50-five_year-plain,True,
s3-A-0078-sw0.50-five_year-domain_augmented,True,
s3-A-0078-sw0.50-half_life_2-plain,True,
s3-A-0078-sw0.50-half_life_2-domain_augmented,True,
s3-A-0078-sw0.50-half_life_4-plain,True,
s3-A-0078-sw0.50-half_life_4-domain_augmented,True,
s3-A-0078-sw0.50-half_life_6-plain,True,
s3-A-0078-sw0.50-half_life_6-domain_augmented,True,
s3-A-0078-ensemble-0.25,True,requires compatible top pair
s3-A-0078-ensemble-0.50,True,requires compatible top pair
s3-A-0078-ensemble-0.75,True,requires compatible top pair
s3-A-0079-sw0.00-all_history-plain,True,
s3-A-0079-sw0.00-all_history-domain_augmented,True,
s3-A-0079-sw0.00-five_year-plain,True,
s3-A-0079-sw0.00-five_year-domain_augmented,True,
s3-A-0079-sw0.00-half_life_2-plain,True,
s3-A-0079-sw0.00-half_life_2-domain_augmented,True,
s3-A-0079-sw0.00-half_life_4-plain,True,
s3-A-0079-sw0.00-half_life_4-domain_augmented,True,
s3-A-0079-sw0.00-half_life_6-plain,True,
s3-A-0079-sw0.00-half_life_6-domain_augmented,True,
s3-A-0079-sw0.10-all_history-plain,True,
s3-A-0079-sw0.10-all_history-domain_augmented,True,
s3-A-0079-sw0.10-five_year-plain,True,
s3-A-0079-sw0.10-five_year-domain_augmented,True,
s3-A-0079-sw0.10-half_life_2-plain,True,
s3-A-0079-sw0.10-half_life_2-domain_augmented,True,
s3-A-0079-sw0.10-half_life_4-plain,True,
s3-A-0079-sw0.10-half_life_4-domain_augmented,True,
s3-A-0079-sw0.10-half_life_6-plain,True,
s3-A-0079-sw0.10-half_life_6-domain_augmented,True,
s3-A-0079-sw0.25-all_history-plain,True,
s3-A-0079-sw0.25-all_history-domain_augmented,True,
s3-A-0079-sw0.25-five_year-plain,True,
s3-A-0079-sw0.25-five_year-domain_augmented,True,
s3-A-0079-sw0.25-half_life_2-plain,True,
s3-A-0079-sw0.25-half_life_2-domain_augmented,True,
s3-A-0079-sw0.25-half_life_4-plain,True,
s3-A-0079-sw0.25-half_life_4-domain_augmented,True,
s3-A-0079-sw0.25-half_life_6-plain,True,
s3-A-0079-sw0.25-half_life_6-domain_augmented,True,
s3-A-0079-sw0.50-all_history-plain,True,
s3-A-0079-sw0.50-all_history-domain_augmented,True,
s3-A-0079-sw0.50-five_year-plain,True,
s3-A-0079-sw0.50-five_year-domain_augmented,True,
s3-A-0079-sw0.50-half_life_2-plain,True,
s3-A-0079-sw0.50-half_life_2-domain_augmented,True,
s3-A-0079-sw0.50-half_life_4-plain,True,
s3-A-0079-sw0.50-half_life_4-domain_augmented,True,
s3-A-0079-sw0.50-half_life_6-plain,True,
s3-A-0079-sw0.50-half_life_6-domain_augmented,True,
s3-A-0079-ensemble-0.25,True,requires compatible top pair
s3-A-0079-ensemble-0.50,True,requires compatible top pair
s3-A-0079-ensemble-0.75,True,requires compatible top pair
s3-A-0080-sw0.00-all_history-plain,True,
s3-A-0080-sw0.00-all_history-domain_augmented,True,
s3-A-0080-sw0.00-five_year-plain,True,
s3-A-0080-sw0.00-five_year-domain_augmented,True,
s3-A-0080-sw0.00-half_life_2-plain,True,
s3-A-0080-sw0.00-half_life_2-domain_augmented,True,
s3-A-0080-sw0.00-half_life_4-plain,True,
s3-A-0080-sw0.00-half_life_4-domain_augmented,True,
s3-A-0080-sw0.00-half_life_6-plain,True,
s3-A-0080-sw0.00-half_life_6-domain_augmented,True,
s3-A-0080-sw0.10-all_history-plain,True,
s3-A-0080-sw0.10-all_history-domain_augmented,True,
s3-A-0080-sw0.10-five_year-plain,True,
s3-A-0080-sw0.10-five_year-domain_augmented,True,
s3-A-0080-sw0.10-half_life_2-plain,True,
s3-A-0080-sw0.10-half_life_2-domain_augmented,True,
s3-A-0080-sw0.10-half_life_4-plain,True,
s3-A-0080-sw0.10-half_life_4-domain_augmented,True,
s3-A-0080-sw0.10-half_life_6-plain,True,
s3-A-0080-sw0.10-half_life_6-domain_augmented,True,
s3-A-0080-sw0.25-all_history-plain,True,
s3-A-0080-sw0.25-all_history-domain_augmented,True,
s3-A-0080-sw0.25-five_year-plain,True,
s3-A-0080-sw0.25-five_year-domain_augmented,True,
s3-A-0080-sw0.25-half_life_2-plain,True,
s3-A-0080-sw0.25-half_life_2-domain_augmented,True,
s3-A-0080-sw0.25-half_life_4-plain,True,
s3-A-0080-sw0.25-half_life_4-domain_augmented,True,
s3-A-0080-sw0.25-half_life_6-plain,True,
s3-A-0080-sw0.25-half_life_6-domain_augmented,True,
s3-A-0080-sw0.50-all_history-plain,True,
s3-A-0080-sw0.50-all_history-domain_augmented,True,
s3-A-0080-sw0.50-five_year-plain,True,
s3-A-0080-sw0.50-five_year-domain_augmented,True,
s3-A-0080-sw0.50-half_life_2-plain,True,
s3-A-0080-sw0.50-half_life_2-domain_augmented,True,
s3-A-0080-sw0.50-half_life_4-plain,True,
s3-A-0080-sw0.50-half_life_4-domain_augmented,True,
s3-A-0080-sw0.50-half_life_6-plain,True,
s3-A-0080-sw0.50-half_life_6-domain_augmented,True,
s3-A-0080-ensemble-0.25,True,requires compatible top pair
s3-A-0080-ensemble-0.50,True,requires compatible top pair
s3-A-0080-ensemble-0.75,True,requires compatible top pair
s3-A-0081-sw0.00-all_history-plain,True,
s3-A-0081-sw0.00-all_history-domain_augmented,True,
s3-A-0081-sw0.00-five_year-plain,True,
s3-A-0081-sw0.00-five_year-domain_augmented,True,
s3-A-0081-sw0.00-half_life_2-plain,True,
s3-A-0081-sw0.00-half_life_2-domain_augmented,True,
s3-A-0081-sw0.00-half_life_4-plain,True,
s3-A-0081-sw0.00-half_life_4-domain_augmented,True,
s3-A-0081-sw0.00-half_life_6-plain,True,
s3-A-0081-sw0.00-half_life_6-domain_augmented,True,
s3-A-0081-sw0.10-all_history-plain,True,
s3-A-0081-sw0.10-all_history-domain_augmented,True,
s3-A-0081-sw0.10-five_year-plain,True,
s3-A-0081-sw0.10-five_year-domain_augmented,True,
s3-A-0081-sw0.10-half_life_2-plain,True,
s3-A-0081-sw0.10-half_life_2-domain_augmented,True,
s3-A-0081-sw0.10-half_life_4-plain,True,
s3-A-0081-sw0.10-half_life_4-domain_augmented,True,
s3-A-0081-sw0.10-half_life_6-plain,True,
s3-A-0081-sw0.10-half_life_6-domain_augmented,True,
s3-A-0081-sw0.25-all_history-plain,True,
s3-A-0081-sw0.25-all_history-domain_augmented,True,
s3-A-0081-sw0.25-five_year-plain,True,
s3-A-0081-sw0.25-five_year-domain_augmented,True,
s3-A-0081-sw0.25-half_life_2-plain,True,
s3-A-0081-sw0.25-half_life_2-domain_augmented,True,
s3-A-0081-sw0.25-half_life_4-plain,True,
s3-A-0081-sw0.25-half_life_4-domain_augmented,True,
s3-A-0081-sw0.25-half_life_6-plain,True,
s3-A-0081-sw0.25-half_life_6-domain_augmented,True,
s3-A-0081-sw0.50-all_history-plain,True,
s3-A-0081-sw0.50-all_history-domain_augmented,True,
s3-A-0081-sw0.50-five_year-plain,True,
s3-A-0081-sw0.50-five_year-domain_augmented,True,
s3-A-0081-sw0.50-half_life_2-plain,True,
s3-A-0081-sw0.50-half_life_2-domain_augmented,True,
s3-A-0081-sw0.50-half_life_4-plain,True,
s3-A-0081-sw0.50-half_life_4-domain_augmented,True,
s3-A-0081-sw0.50-half_life_6-plain,True,
s3-A-0081-sw0.50-half_life_6-domain_augmented,True,
s3-A-0081-ensemble-0.25,True,requires compatible top pair
s3-A-0081-ensemble-0.50,True,requires compatible top pair
s3-A-0081-ensemble-0.75,True,requires compatible top pair
s3-A-0082-sw0.00-all_history-plain,True,
s3-A-0082-sw0.00-all_history-domain_augmented,True,
s3-A-0082-sw0.00-five_year-plain,True,
s3-A-0082-sw0.00-five_year-domain_augmented,True,
s3-A-0082-sw0.00-half_life_2-plain,True,
s3-A-0082-sw0.00-half_life_2-domain_augmented,True,
s3-A-0082-sw0.00-half_life_4-plain,True,
s3-A-0082-sw0.00-half_life_4-domain_augmented,True,
s3-A-0082-sw0.00-half_life_6-plain,True,
s3-A-0082-sw0.00-half_life_6-domain_augmented,True,
s3-A-0082-sw0.10-all_history-plain,True,
s3-A-0082-sw0.10-all_history-domain_augmented,True,
s3-A-0082-sw0.10-five_year-plain,True,
s3-A-0082-sw0.10-five_year-domain_augmented,True,
s3-A-0082-sw0.10-half_life_2-plain,True,
s3-A-0082-sw0.10-half_life_2-domain_augmented,True,
s3-A-0082-sw0.10-half_life_4-plain,True,
s3-A-0082-sw0.10-half_life_4-domain_augmented,True,
s3-A-0082-sw0.10-half_life_6-plain,True,
s3-A-0082-sw0.10-half_life_6-domain_augmented,True,
s3-A-0082-sw0.25-all_history-plain,True,
s3-A-0082-sw0.25-all_history-domain_augmented,True,
s3-A-0082-sw0.25-five_year-plain,True,
s3-A-0082-sw0.25-five_year-domain_augmented,True,
s3-A-0082-sw0.25-half_life_2-plain,True,
s3-A-0082-sw0.25-half_life_2-domain_augmented,True,
s3-A-0082-sw0.25-half_life_4-plain,True,
s3-A-0082-sw0.25-half_life_4-domain_augmented,True,
s3-A-0082-sw0.25-half_life_6-plain,True,
s3-A-0082-sw0.25-half_life_6-domain_augmented,True,
s3-A-0082-sw0.50-all_history-plain,True,
s3-A-0082-sw0.50-all_history-domain_augmented,True,
s3-A-0082-sw0.50-five_year-plain,True,
s3-A-0082-sw0.50-five_year-domain_augmented,True,
s3-A-0082-sw0.50-half_life_2-plain,True,
s3-A-0082-sw0.50-half_life_2-domain_augmented,True,
s3-A-0082-sw0.50-half_life_4-plain,True,
s3-A-0082-sw0.50-half_life_4-domain_augmented,True,
s3-A-0082-sw0.50-half_life_6-plain,True,
s3-A-0082-sw0.50-half_life_6-domain_augmented,True,
s3-A-0082-ensemble-0.25,True,requires compatible top pair
s3-A-0082-ensemble-0.50,True,requires compatible top pair
s3-A-0082-ensemble-0.75,True,requires compatible top pair
s3-A-0083-sw0.00-all_history-plain,True,
s3-A-0083-sw0.00-all_history-domain_augmented,True,
s3-A-0083-sw0.00-five_year-plain,True,
s3-A-0083-sw0.00-five_year-domain_augmented,True,
s3-A-0083-sw0.00-half_life_2-plain,True,
s3-A-0083-sw0.00-half_life_2-domain_augmented,True,
s3-A-0083-sw0.00-half_life_4-plain,True,
s3-A-0083-sw0.00-half_life_4-domain_augmented,True,
s3-A-0083-sw0.00-half_life_6-plain,True,
s3-A-0083-sw0.00-half_life_6-domain_augmented,True,
s3-A-0083-sw0.10-all_history-plain,True,
s3-A-0083-sw0.10-all_history-domain_augmented,True,
s3-A-0083-sw0.10-five_year-plain,True,
s3-A-0083-sw0.10-five_year-domain_augmented,True,
s3-A-0083-sw0.10-half_life_2-plain,True,
s3-A-0083-sw0.10-half_life_2-domain_augmented,True,
s3-A-0083-sw0.10-half_life_4-plain,True,
s3-A-0083-sw0.10-half_life_4-domain_augmented,True,
s3-A-0083-sw0.10-half_life_6-plain,True,
s3-A-0083-sw0.10-half_life_6-domain_augmented,True,
s3-A-0083-sw0.25-all_history-plain,True,
s3-A-0083-sw0.25-all_history-domain_augmented,True,
s3-A-0083-sw0.25-five_year-plain,True,
s3-A-0083-sw0.25-five_year-domain_augmented,True,
s3-A-0083-sw0.25-half_life_2-plain,True,
s3-A-0083-sw0.25-half_life_2-domain_augmented,True,
s3-A-0083-sw0.25-half_life_4-plain,True,
s3-A-0083-sw0.25-half_life_4-domain_augmented,True,
s3-A-0083-sw0.25-half_life_6-plain,True,
s3-A-0083-sw0.25-half_life_6-domain_augmented,True,
s3-A-0083-sw0.50-all_history-plain,True,
s3-A-0083-sw0.50-all_history-domain_augmented,True,
s3-A-0083-sw0.50-five_year-plain,True,
s3-A-0083-sw0.50-five_year-domain_augmented,True,
s3-A-0083-sw0.50-half_life_2-plain,True,
s3-A-0083-sw0.50-half_life_2-domain_augmented,True,
s3-A-0083-sw0.50-half_life_4-plain,True,
s3-A-0083-sw0.50-half_life_4-domain_augmented,True,
s3-A-0083-sw0.50-half_life_6-plain,True,
s3-A-0083-sw0.50-half_life_6-domain_augmented,True,
s3-A-0083-ensemble-0.25,True,requires compatible top pair
s3-A-0083-ensemble-0.50,True,requires compatible top pair
s3-A-0083-ensemble-0.75,True,requires compatible top pair
s3-A-0084-sw0.00-all_history-plain,True,
s3-A-0084-sw0.00-all_history-domain_augmented,True,
s3-A-0084-sw0.00-five_year-plain,True,
s3-A-0084-sw0.00-five_year-domain_augmented,True,
s3-A-0084-sw0.00-half_life_2-plain,True,
s3-A-0084-sw0.00-half_life_2-domain_augmented,True,
s3-A-0084-sw0.00-half_life_4-plain,True,
s3-A-0084-sw0.00-half_life_4-domain_augmented,True,
s3-A-0084-sw0.00-half_life_6-plain,True,
s3-A-0084-sw0.00-half_life_6-domain_augmented,True,
s3-A-0084-sw0.10-all_history-plain,True,
s3-A-0084-sw0.10-all_history-domain_augmented,True,
s3-A-0084-sw0.10-five_year-plain,True,
s3-A-0084-sw0.10-five_year-domain_augmented,True,
s3-A-0084-sw0.10-half_life_2-plain,True,
s3-A-0084-sw0.10-half_life_2-domain_augmented,True,
s3-A-0084-sw0.10-half_life_4-plain,True,
s3-A-0084-sw0.10-half_life_4-domain_augmented,True,
s3-A-0084-sw0.10-half_life_6-plain,True,
s3-A-0084-sw0.10-half_life_6-domain_augmented,True,
s3-A-0084-sw0.25-all_history-plain,True,
s3-A-0084-sw0.25-all_history-domain_augmented,True,
s3-A-0084-sw0.25-five_year-plain,True,
s3-A-0084-sw0.25-five_year-domain_augmented,True,
s3-A-0084-sw0.25-half_life_2-plain,True,
s3-A-0084-sw0.25-half_life_2-domain_augmented,True,
s3-A-0084-sw0.25-half_life_4-plain,True,
s3-A-0084-sw0.25-half_life_4-domain_augmented,True,
s3-A-0084-sw0.25-half_life_6-plain,True,
s3-A-0084-sw0.25-half_life_6-domain_augmented,True,
s3-A-0084-sw0.50-all_history-plain,True,
s3-A-0084-sw0.50-all_history-domain_augmented,True,
s3-A-0084-sw0.50-five_year-plain,True,
s3-A-0084-sw0.50-five_year-domain_augmented,True,
s3-A-0084-sw0.50-half_life_2-plain,True,
s3-A-0084-sw0.50-half_life_2-domain_augmented,True,
s3-A-0084-sw0.50-half_life_4-plain,True,
s3-A-0084-sw0.50-half_life_4-domain_augmented,True,
s3-A-0084-sw0.50-half_life_6-plain,True,
s3-A-0084-sw0.50-half_life_6-domain_augmented,True,
s3-A-0084-ensemble-0.25,True,requires compatible top pair
s3-A-0084-ensemble-0.50,True,requires compatible top pair
s3-A-0084-ensemble-0.75,True,requires compatible top pair
s3-A-0085-sw0.00-all_history-plain,True,
s3-A-0085-sw0.00-all_history-domain_augmented,True,
s3-A-0085-sw0.00-five_year-plain,True,
s3-A-0085-sw0.00-five_year-domain_augmented,True,
s3-A-0085-sw0.00-half_life_2-plain,True,
s3-A-0085-sw0.00-half_life_2-domain_augmented,True,
s3-A-0085-sw0.00-half_life_4-plain,True,
s3-A-0085-sw0.00-half_life_4-domain_augmented,True,
s3-A-0085-sw0.00-half_life_6-plain,True,
s3-A-0085-sw0.00-half_life_6-domain_augmented,True,
s3-A-0085-sw0.10-all_history-plain,True,
s3-A-0085-sw0.10-all_history-domain_augmented,True,
s3-A-0085-sw0.10-five_year-plain,True,
s3-A-0085-sw0.10-five_year-domain_augmented,True,
s3-A-0085-sw0.10-half_life_2-plain,True,
s3-A-0085-sw0.10-half_life_2-domain_augmented,True,
s3-A-0085-sw0.10-half_life_4-plain,True,
s3-A-0085-sw0.10-half_life_4-domain_augmented,True,
s3-A-0085-sw0.10-half_life_6-plain,True,
s3-A-0085-sw0.10-half_life_6-domain_augmented,True,
s3-A-0085-sw0.25-all_history-plain,True,
s3-A-0085-sw0.25-all_history-domain_augmented,True,
s3-A-0085-sw0.25-five_year-plain,True,
s3-A-0085-sw0.25-five_year-domain_augmented,True,
s3-A-0085-sw0.25-half_life_2-plain,True,
s3-A-0085-sw0.25-half_life_2-domain_augmented,True,
s3-A-0085-sw0.25-half_life_4-plain,True,
s3-A-0085-sw0.25-half_life_4-domain_augmented,True,
s3-A-0085-sw0.25-half_life_6-plain,True,
s3-A-0085-sw0.25-half_life_6-domain_augmented,True,
s3-A-0085-sw0.50-all_history-plain,True,
s3-A-0085-sw0.50-all_history-domain_augmented,True,
s3-A-0085-sw0.50-five_year-plain,True,
s3-A-0085-sw0.50-five_year-domain_augmented,True,
s3-A-0085-sw0.50-half_life_2-plain,True,
s3-A-0085-sw0.50-half_life_2-domain_augmented,True,
s3-A-0085-sw0.50-half_life_4-plain,True,
s3-A-0085-sw0.50-half_life_4-domain_augmented,True,
s3-A-0085-sw0.50-half_life_6-plain,True,
s3-A-0085-sw0.50-half_life_6-domain_augmented,True,
s3-A-0085-ensemble-0.25,True,requires compatible top pair
s3-A-0085-ensemble-0.50,True,requires compatible top pair
s3-A-0085-ensemble-0.75,True,requires compatible top pair
s3-A-0086-sw0.00-all_history-plain,True,
s3-A-0086-sw0.00-all_history-domain_augmented,True,
s3-A-0086-sw0.00-five_year-plain,True,
s3-A-0086-sw0.00-five_year-domain_augmented,True,
s3-A-0086-sw0.00-half_life_2-plain,True,
s3-A-0086-sw0.00-half_life_2-domain_augmented,True,
s3-A-0086-sw0.00-half_life_4-plain,True,
s3-A-0086-sw0.00-half_life_4-domain_augmented,True,
s3-A-0086-sw0.00-half_life_6-plain,True,
s3-A-0086-sw0.00-half_life_6-domain_augmented,True,
s3-A-0086-sw0.10-all_history-plain,True,
s3-A-0086-sw0.10-all_history-domain_augmented,True,
s3-A-0086-sw0.10-five_year-plain,True,
s3-A-0086-sw0.10-five_year-domain_augmented,True,
s3-A-0086-sw0.10-half_life_2-plain,True,
s3-A-0086-sw0.10-half_life_2-domain_augmented,True,
s3-A-0086-sw0.10-half_life_4-plain,True,
s3-A-0086-sw0.10-half_life_4-domain_augmented,True,
s3-A-0086-sw0.10-half_life_6-plain,True,
s3-A-0086-sw0.10-half_life_6-domain_augmented,True,
s3-A-0086-sw0.25-all_history-plain,True,
s3-A-0086-sw0.25-all_history-domain_augmented,True,
s3-A-0086-sw0.25-five_year-plain,True,
s3-A-0086-sw0.25-five_year-domain_augmented,True,
s3-A-0086-sw0.25-half_life_2-plain,True,
s3-A-0086-sw0.25-half_life_2-domain_augmented,True,
s3-A-0086-sw0.25-half_life_4-plain,True,
s3-A-0086-sw0.25-half_life_4-domain_augmented,True,
s3-A-0086-sw0.25-half_life_6-plain,True,
s3-A-0086-sw0.25-half_life_6-domain_augmented,True,
s3-A-0086-sw0.50-all_history-plain,True,
s3-A-0086-sw0.50-all_history-domain_augmented,True,
s3-A-0086-sw0.50-five_year-plain,True,
s3-A-0086-sw0.50-five_year-domain_augmented,True,
s3-A-0086-sw0.50-half_life_2-plain,True,
s3-A-0086-sw0.50-half_life_2-domain_augmented,True,
s3-A-0086-sw0.50-half_life_4-plain,True,
s3-A-0086-sw0.50-half_life_4-domain_augmented,True,
s3-A-0086-sw0.50-half_life_6-plain,True,
s3-A-0086-sw0.50-half_life_6-domain_augmented,True,
s3-A-0086-ensemble-0.25,True,requires compatible top pair
s3-A-0086-ensemble-0.50,True,requires compatible top pair
s3-A-0086-ensemble-0.75,True,requires compatible top pair
s3-A-0087-sw0.00-all_history-plain,True,
s3-A-0087-sw0.00-all_history-domain_augmented,True,
s3-A-0087-sw0.00-five_year-plain,True,
s3-A-0087-sw0.00-five_year-domain_augmented,True,
s3-A-0087-sw0.00-half_life_2-plain,True,
s3-A-0087-sw0.00-half_life_2-domain_augmented,True,
s3-A-0087-sw0.00-half_life_4-plain,True,
s3-A-0087-sw0.00-half_life_4-domain_augmented,True,
s3-A-0087-sw0.00-half_life_6-plain,True,
s3-A-0087-sw0.00-half_life_6-domain_augmented,True,
s3-A-0087-sw0.10-all_history-plain,True,
s3-A-0087-sw0.10-all_history-domain_augmented,True,
s3-A-0087-sw0.10-five_year-plain,True,
s3-A-0087-sw0.10-five_year-domain_augmented,True,
s3-A-0087-sw0.10-half_life_2-plain,True,
s3-A-0087-sw0.10-half_life_2-domain_augmented,True,
s3-A-0087-sw0.10-half_life_4-plain,True,
s3-A-0087-sw0.10-half_life_4-domain_augmented,True,
s3-A-0087-sw0.10-half_life_6-plain,True,
s3-A-0087-sw0.10-half_life_6-domain_augmented,True,
s3-A-0087-sw0.25-all_history-plain,True,
s3-A-0087-sw0.25-all_history-domain_augmented,True,
s3-A-0087-sw0.25-five_year-plain,True,
s3-A-0087-sw0.25-five_year-domain_augmented,True,
s3-A-0087-sw0.25-half_life_2-plain,True,
s3-A-0087-sw0.25-half_life_2-domain_augmented,True,
s3-A-0087-sw0.25-half_life_4-plain,True,
s3-A-0087-sw0.25-half_life_4-domain_augmented,True,
s3-A-0087-sw0.25-half_life_6-plain,True,
s3-A-0087-sw0.25-half_life_6-domain_augmented,True,
s3-A-0087-sw0.50-all_history-plain,True,
s3-A-0087-sw0.50-all_history-domain_augmented,True,
s3-A-0087-sw0.50-five_year-plain,True,
s3-A-0087-sw0.50-five_year-domain_augmented,True,
s3-A-0087-sw0.50-half_life_2-plain,True,
s3-A-0087-sw0.50-half_life_2-domain_augmented,True,
s3-A-0087-sw0.50-half_life_4-plain,True,
s3-A-0087-sw0.50-half_life_4-domain_augmented,True,
s3-A-0087-sw0.50-half_life_6-plain,True,
s3-A-0087-sw0.50-half_life_6-domain_augmented,True,
s3-A-0087-ensemble-0.25,True,requires compatible top pair
s3-A-0087-ensemble-0.50,True,requires compatible top pair
s3-A-0087-ensemble-0.75,True,requires compatible top pair
s3-A-0088-sw0.00-all_history-plain,True,
s3-A-0088-sw0.00-all_history-domain_augmented,True,
s3-A-0088-sw0.00-five_year-plain,True,
s3-A-0088-sw0.00-five_year-domain_augmented,True,
s3-A-0088-sw0.00-half_life_2-plain,True,
s3-A-0088-sw0.00-half_life_2-domain_augmented,True,
s3-A-0088-sw0.00-half_life_4-plain,True,
s3-A-0088-sw0.00-half_life_4-domain_augmented,True,
s3-A-0088-sw0.00-half_life_6-plain,True,
s3-A-0088-sw0.00-half_life_6-domain_augmented,True,
s3-A-0088-sw0.10-all_history-plain,True,
s3-A-0088-sw0.10-all_history-domain_augmented,True,
s3-A-0088-sw0.10-five_year-plain,True,
s3-A-0088-sw0.10-five_year-domain_augmented,True,
s3-A-0088-sw0.10-half_life_2-plain,True,
s3-A-0088-sw0.10-half_life_2-domain_augmented,True,
s3-A-0088-sw0.10-half_life_4-plain,True,
s3-A-0088-sw0.10-half_life_4-domain_augmented,True,
s3-A-0088-sw0.10-half_life_6-plain,True,
s3-A-0088-sw0.10-half_life_6-domain_augmented,True,
s3-A-0088-sw0.25-all_history-plain,True,
s3-A-0088-sw0.25-all_history-domain_augmented,True,
s3-A-0088-sw0.25-five_year-plain,True,
s3-A-0088-sw0.25-five_year-domain_augmented,True,
s3-A-0088-sw0.25-half_life_2-plain,True,
s3-A-0088-sw0.25-half_life_2-domain_augmented,True,
s3-A-0088-sw0.25-half_life_4-plain,True,
s3-A-0088-sw0.25-half_life_4-domain_augmented,True,
s3-A-0088-sw0.25-half_life_6-plain,True,
s3-A-0088-sw0.25-half_life_6-domain_augmented,True,
s3-A-0088-sw0.50-all_history-plain,True,
s3-A-0088-sw0.50-all_history-domain_augmented,True,
s3-A-0088-sw0.50-five_year-plain,True,
s3-A-0088-sw0.50-five_year-domain_augmented,True,
s3-A-0088-sw0.50-half_life_2-plain,True,
s3-A-0088-sw0.50-half_life_2-domain_augmented,True,
s3-A-0088-sw0.50-half_life_4-plain,True,
s3-A-0088-sw0.50-half_life_4-domain_augmented,True,
s3-A-0088-sw0.50-half_life_6-plain,True,
s3-A-0088-sw0.50-half_life_6-domain_augmented,True,
s3-A-0088-ensemble-0.25,True,requires compatible top pair
s3-A-0088-ensemble-0.50,True,requires compatible top pair
s3-A-0088-ensemble-0.75,True,requires compatible top pair
s3-A-0089-sw0.00-all_history-plain,True,
s3-A-0089-sw0.00-all_history-domain_augmented,True,
s3-A-0089-sw0.00-five_year-plain,True,
s3-A-0089-sw0.00-five_year-domain_augmented,True,
s3-A-0089-sw0.00-half_life_2-plain,True,
s3-A-0089-sw0.00-half_life_2-domain_augmented,True,
s3-A-0089-sw0.00-half_life_4-plain,True,
s3-A-0089-sw0.00-half_life_4-domain_augmented,True,
s3-A-0089-sw0.00-half_life_6-plain,True,
s3-A-0089-sw0.00-half_life_6-domain_augmented,True,
s3-A-0089-sw0.10-all_history-plain,True,
s3-A-0089-sw0.10-all_history-domain_augmented,True,
s3-A-0089-sw0.10-five_year-plain,True,
s3-A-0089-sw0.10-five_year-domain_augmented,True,
s3-A-0089-sw0.10-half_life_2-plain,True,
s3-A-0089-sw0.10-half_life_2-domain_augmented,True,
s3-A-0089-sw0.10-half_life_4-plain,True,
s3-A-0089-sw0.10-half_life_4-domain_augmented,True,
s3-A-0089-sw0.10-half_life_6-plain,True,
s3-A-0089-sw0.10-half_life_6-domain_augmented,True,
s3-A-0089-sw0.25-all_history-plain,True,
s3-A-0089-sw0.25-all_history-domain_augmented,True,
s3-A-0089-sw0.25-five_year-plain,True,
s3-A-0089-sw0.25-five_year-domain_augmented,True,
s3-A-0089-sw0.25-half_life_2-plain,True,
s3-A-0089-sw0.25-half_life_2-domain_augmented,True,
s3-A-0089-sw0.25-half_life_4-plain,True,
s3-A-0089-sw0.25-half_life_4-domain_augmented,True,
s3-A-0089-sw0.25-half_life_6-plain,True,
s3-A-0089-sw0.25-half_life_6-domain_augmented,True,
s3-A-0089-sw0.50-all_history-plain,True,
s3-A-0089-sw0.50-all_history-domain_augmented,True,
s3-A-0089-sw0.50-five_year-plain,True,
s3-A-0089-sw0.50-five_year-domain_augmented,True,
s3-A-0089-sw0.50-half_life_2-plain,True,
s3-A-0089-sw0.50-half_life_2-domain_augmented,True,
s3-A-0089-sw0.50-half_life_4-plain,True,
s3-A-0089-sw0.50-half_life_4-domain_augmented,True,
s3-A-0089-sw0.50-half_life_6-plain,True,
s3-A-0089-sw0.50-half_life_6-domain_augmented,True,
s3-A-0089-ensemble-0.25,True,requires compatible top pair
s3-A-0089-ensemble-0.50,True,requires compatible top pair
s3-A-0089-ensemble-0.75,True,requires compatible top pair
s3-A-0090-sw0.00-all_history-plain,True,
s3-A-0090-sw0.00-all_history-domain_augmented,True,
s3-A-0090-sw0.00-five_year-plain,True,
s3-A-0090-sw0.00-five_year-domain_augmented,True,
s3-A-0090-sw0.00-half_life_2-plain,True,
s3-A-0090-sw0.00-half_life_2-domain_augmented,True,
s3-A-0090-sw0.00-half_life_4-plain,True,
s3-A-0090-sw0.00-half_life_4-domain_augmented,True,
s3-A-0090-sw0.00-half_life_6-plain,True,
s3-A-0090-sw0.00-half_life_6-domain_augmented,True,
s3-A-0090-sw0.10-all_history-plain,True,
s3-A-0090-sw0.10-all_history-domain_augmented,True,
s3-A-0090-sw0.10-five_year-plain,True,
s3-A-0090-sw0.10-five_year-domain_augmented,True,
s3-A-0090-sw0.10-half_life_2-plain,True,
s3-A-0090-sw0.10-half_life_2-domain_augmented,True,
s3-A-0090-sw0.10-half_life_4-plain,True,
s3-A-0090-sw0.10-half_life_4-domain_augmented,True,
s3-A-0090-sw0.10-half_life_6-plain,True,
s3-A-0090-sw0.10-half_life_6-domain_augmented,True,
s3-A-0090-sw0.25-all_history-plain,True,
s3-A-0090-sw0.25-all_history-domain_augmented,True,
s3-A-0090-sw0.25-five_year-plain,True,
s3-A-0090-sw0.25-five_year-domain_augmented,True,
s3-A-0090-sw0.25-half_life_2-plain,True,
s3-A-0090-sw0.25-half_life_2-domain_augmented,True,
s3-A-0090-sw0.25-half_life_4-plain,True,
s3-A-0090-sw0.25-half_life_4-domain_augmented,True,
s3-A-0090-sw0.25-half_life_6-plain,True,
s3-A-0090-sw0.25-half_life_6-domain_augmented,True,
s3-A-0090-sw0.50-all_history-plain,True,
s3-A-0090-sw0.50-all_history-domain_augmented,True,
s3-A-0090-sw0.50-five_year-plain,True,
s3-A-0090-sw0.50-five_year-domain_augmented,True,
s3-A-0090-sw0.50-half_life_2-plain,True,
s3-A-0090-sw0.50-half_life_2-domain_augmented,True,
s3-A-0090-sw0.50-half_life_4-plain,True,
s3-A-0090-sw0.50-half_life_4-domain_augmented,True,
s3-A-0090-sw0.50-half_life_6-plain,True,
s3-A-0090-sw0.50-half_life_6-domain_augmented,True,
s3-A-0090-ensemble-0.25,True,requires compatible top pair
s3-A-0090-ensemble-0.50,True,requires compatible top pair
s3-A-0090-ensemble-0.75,True,requires compatible top pair
s3-A-0091-sw0.00-all_history-plain,True,
s3-A-0091-sw0.00-all_history-domain_augmented,True,
s3-A-0091-sw0.00-five_year-plain,True,
s3-A-0091-sw0.00-five_year-domain_augmented,True,
s3-A-0091-sw0.00-half_life_2-plain,True,
s3-A-0091-sw0.00-half_life_2-domain_augmented,True,
s3-A-0091-sw0.00-half_life_4-plain,True,
s3-A-0091-sw0.00-half_life_4-domain_augmented,True,
s3-A-0091-sw0.00-half_life_6-plain,True,
s3-A-0091-sw0.00-half_life_6-domain_augmented,True,
s3-A-0091-sw0.10-all_history-plain,True,
s3-A-0091-sw0.10-all_history-domain_augmented,True,
s3-A-0091-sw0.10-five_year-plain,True,
s3-A-0091-sw0.10-five_year-domain_augmented,True,
s3-A-0091-sw0.10-half_life_2-plain,True,
s3-A-0091-sw0.10-half_life_2-domain_augmented,True,
s3-A-0091-sw0.10-half_life_4-plain,True,
s3-A-0091-sw0.10-half_life_4-domain_augmented,True,
s3-A-0091-sw0.10-half_life_6-plain,True,
s3-A-0091-sw0.10-half_life_6-domain_augmented,True,
s3-A-0091-sw0.25-all_history-plain,True,
s3-A-0091-sw0.25-all_history-domain_augmented,True,
s3-A-0091-sw0.25-five_year-plain,True,
s3-A-0091-sw0.25-five_year-domain_augmented,True,
s3-A-0091-sw0.25-half_life_2-plain,True,
s3-A-0091-sw0.25-half_life_2-domain_augmented,True,
s3-A-0091-sw0.25-half_life_4-plain,True,
s3-A-0091-sw0.25-half_life_4-domain_augmented,True,
s3-A-0091-sw0.25-half_life_6-plain,True,
s3-A-0091-sw0.25-half_life_6-domain_augmented,True,
s3-A-0091-sw0.50-all_history-plain,True,
s3-A-0091-sw0.50-all_history-domain_augmented,True,
s3-A-0091-sw0.50-five_year-plain,True,
s3-A-0091-sw0.50-five_year-domain_augmented,True,
s3-A-0091-sw0.50-half_life_2-plain,True,
s3-A-0091-sw0.50-half_life_2-domain_augmented,True,
s3-A-0091-sw0.50-half_life_4-plain,True,
s3-A-0091-sw0.50-half_life_4-domain_augmented,True,
s3-A-0091-sw0.50-half_life_6-plain,True,
s3-A-0091-sw0.50-half_life_6-domain_augmented,True,
s3-A-0091-ensemble-0.25,True,requires compatible top pair
s3-A-0091-ensemble-0.50,True,requires compatible top pair
s3-A-0091-ensemble-0.75,True,requires compatible top pair
s3-A-0092-sw0.00-all_history-plain,True,
s3-A-0092-sw0.00-all_history-domain_augmented,True,
s3-A-0092-sw0.00-five_year-plain,True,
s3-A-0092-sw0.00-five_year-domain_augmented,True,
s3-A-0092-sw0.00-half_life_2-plain,True,
s3-A-0092-sw0.00-half_life_2-domain_augmented,True,
s3-A-0092-sw0.00-half_life_4-plain,True,
s3-A-0092-sw0.00-half_life_4-domain_augmented,True,
s3-A-0092-sw0.00-half_life_6-plain,True,
s3-A-0092-sw0.00-half_life_6-domain_augmented,True,
s3-A-0092-sw0.10-all_history-plain,True,
s3-A-0092-sw0.10-all_history-domain_augmented,True,
s3-A-0092-sw0.10-five_year-plain,True,
s3-A-0092-sw0.10-five_year-domain_augmented,True,
s3-A-0092-sw0.10-half_life_2-plain,True,
s3-A-0092-sw0.10-half_life_2-domain_augmented,True,
s3-A-0092-sw0.10-half_life_4-plain,True,
s3-A-0092-sw0.10-half_life_4-domain_augmented,True,
s3-A-0092-sw0.10-half_life_6-plain,True,
s3-A-0092-sw0.10-half_life_6-domain_augmented,True,
s3-A-0092-sw0.25-all_history-plain,True,
s3-A-0092-sw0.25-all_history-domain_augmented,True,
s3-A-0092-sw0.25-five_year-plain,True,
s3-A-0092-sw0.25-five_year-domain_augmented,True,
s3-A-0092-sw0.25-half_life_2-plain,True,
s3-A-0092-sw0.25-half_life_2-domain_augmented,True,
s3-A-0092-sw0.25-half_life_4-plain,True,
s3-A-0092-sw0.25-half_life_4-domain_augmented,True,
s3-A-0092-sw0.25-half_life_6-plain,True,
s3-A-0092-sw0.25-half_life_6-domain_augmented,True,
s3-A-0092-sw0.50-all_history-plain,True,
s3-A-0092-sw0.50-all_history-domain_augmented,True,
s3-A-0092-sw0.50-five_year-plain,True,
s3-A-0092-sw0.50-five_year-domain_augmented,True,
s3-A-0092-sw0.50-half_life_2-plain,True,
s3-A-0092-sw0.50-half_life_2-domain_augmented,True,
s3-A-0092-sw0.50-half_life_4-plain,True,
s3-A-0092-sw0.50-half_life_4-domain_augmented,True,
s3-A-0092-sw0.50-half_life_6-plain,True,
s3-A-0092-sw0.50-half_life_6-domain_augmented,True,
s3-A-0092-ensemble-0.25,True,requires compatible top pair
s3-A-0092-ensemble-0.50,True,requires compatible top pair
s3-A-0092-ensemble-0.75,True,requires compatible top pair
s3-A-0093-sw0.00-all_history-plain,True,
s3-A-0093-sw0.00-all_history-domain_augmented,True,
s3-A-0093-sw0.00-five_year-plain,True,
s3-A-0093-sw0.00-five_year-domain_augmented,True,
s3-A-0093-sw0.00-half_life_2-plain,True,
s3-A-0093-sw0.00-half_life_2-domain_augmented,True,
s3-A-0093-sw0.00-half_life_4-plain,True,
s3-A-0093-sw0.00-half_life_4-domain_augmented,True,
s3-A-0093-sw0.00-half_life_6-plain,True,
s3-A-0093-sw0.00-half_life_6-domain_augmented,True,
s3-A-0093-sw0.10-all_history-plain,True,
s3-A-0093-sw0.10-all_history-domain_augmented,True,
s3-A-0093-sw0.10-five_year-plain,True,
s3-A-0093-sw0.10-five_year-domain_augmented,True,
s3-A-0093-sw0.10-half_life_2-plain,True,
s3-A-0093-sw0.10-half_life_2-domain_augmented,True,
s3-A-0093-sw0.10-half_life_4-plain,True,
s3-A-0093-sw0.10-half_life_4-domain_augmented,True,
s3-A-0093-sw0.10-half_life_6-plain,True,
s3-A-0093-sw0.10-half_life_6-domain_augmented,True,
s3-A-0093-sw0.25-all_history-plain,True,
s3-A-0093-sw0.25-all_history-domain_augmented,True,
s3-A-0093-sw0.25-five_year-plain,True,
s3-A-0093-sw0.25-five_year-domain_augmented,True,
s3-A-0093-sw0.25-half_life_2-plain,True,
s3-A-0093-sw0.25-half_life_2-domain_augmented,True,
s3-A-0093-sw0.25-half_life_4-plain,True,
s3-A-0093-sw0.25-half_life_4-domain_augmented,True,
s3-A-0093-sw0.25-half_life_6-plain,True,
s3-A-0093-sw0.25-half_life_6-domain_augmented,True,
s3-A-0093-sw0.50-all_history-plain,True,
s3-A-0093-sw0.50-all_history-domain_augmented,True,
s3-A-0093-sw0.50-five_year-plain,True,
s3-A-0093-sw0.50-five_year-domain_augmented,True,
s3-A-0093-sw0.50-half_life_2-plain,True,
s3-A-0093-sw0.50-half_life_2-domain_augmented,True,
s3-A-0093-sw0.50-half_life_4-plain,True,
s3-A-0093-sw0.50-half_life_4-domain_augmented,True,
s3-A-0093-sw0.50-half_life_6-plain,True,
s3-A-0093-sw0.50-half_life_6-domain_augmented,True,
s3-A-0093-ensemble-0.25,True,requires compatible top pair
s3-A-0093-ensemble-0.50,True,requires compatible top pair
s3-A-0093-ensemble-0.75,True,requires compatible top pair
s3-A-0094-sw0.00-all_history-plain,True,
s3-A-0094-sw0.00-all_history-domain_augmented,True,
s3-A-0094-sw0.00-five_year-plain,True,
s3-A-0094-sw0.00-five_year-domain_augmented,True,
s3-A-0094-sw0.00-half_life_2-plain,True,
s3-A-0094-sw0.00-half_life_2-domain_augmented,True,
s3-A-0094-sw0.00-half_life_4-plain,True,
s3-A-0094-sw0.00-half_life_4-domain_augmented,True,
s3-A-0094-sw0.00-half_life_6-plain,True,
s3-A-0094-sw0.00-half_life_6-domain_augmented,True,
s3-A-0094-sw0.10-all_history-plain,True,
s3-A-0094-sw0.10-all_history-domain_augmented,True,
s3-A-0094-sw0.10-five_year-plain,True,
s3-A-0094-sw0.10-five_year-domain_augmented,True,
s3-A-0094-sw0.10-half_life_2-plain,True,
s3-A-0094-sw0.10-half_life_2-domain_augmented,True,
s3-A-0094-sw0.10-half_life_4-plain,True,
s3-A-0094-sw0.10-half_life_4-domain_augmented,True,
s3-A-0094-sw0.10-half_life_6-plain,True,
s3-A-0094-sw0.10-half_life_6-domain_augmented,True,
s3-A-0094-sw0.25-all_history-plain,True,
s3-A-0094-sw0.25-all_history-domain_augmented,True,
s3-A-0094-sw0.25-five_year-plain,True,
s3-A-0094-sw0.25-five_year-domain_augmented,True,
s3-A-0094-sw0.25-half_life_2-plain,True,
s3-A-0094-sw0.25-half_life_2-domain_augmented,True,
s3-A-0094-sw0.25-half_life_4-plain,True,
s3-A-0094-sw0.25-half_life_4-domain_augmented,True,
s3-A-0094-sw0.25-half_life_6-plain,True,
s3-A-0094-sw0.25-half_life_6-domain_augmented,True,
s3-A-0094-sw0.50-all_history-plain,True,
s3-A-0094-sw0.50-all_history-domain_augmented,True,
s3-A-0094-sw0.50-five_year-plain,True,
s3-A-0094-sw0.50-five_year-domain_augmented,True,
s3-A-0094-sw0.50-half_life_2-plain,True,
s3-A-0094-sw0.50-half_life_2-domain_augmented,True,
s3-A-0094-sw0.50-half_life_4-plain,True,
s3-A-0094-sw0.50-half_life_4-domain_augmented,True,
s3-A-0094-sw0.50-half_life_6-plain,True,
s3-A-0094-sw0.50-half_life_6-domain_augmented,True,
s3-A-0094-ensemble-0.25,True,requires compatible top pair
s3-A-0094-ensemble-0.50,True,requires compatible top pair
s3-A-0094-ensemble-0.75,True,requires compatible top pair
s3-A-0095-sw0.00-all_history-plain,True,
s3-A-0095-sw0.00-all_history-domain_augmented,True,
s3-A-0095-sw0.00-five_year-plain,True,
s3-A-0095-sw0.00-five_year-domain_augmented,True,
s3-A-0095-sw0.00-half_life_2-plain,True,
s3-A-0095-sw0.00-half_life_2-domain_augmented,True,
s3-A-0095-sw0.00-half_life_4-plain,True,
s3-A-0095-sw0.00-half_life_4-domain_augmented,True,
s3-A-0095-sw0.00-half_life_6-plain,True,
s3-A-0095-sw0.00-half_life_6-domain_augmented,True,
s3-A-0095-sw0.10-all_history-plain,True,
s3-A-0095-sw0.10-all_history-domain_augmented,True,
s3-A-0095-sw0.10-five_year-plain,True,
s3-A-0095-sw0.10-five_year-domain_augmented,True,
s3-A-0095-sw0.10-half_life_2-plain,True,
s3-A-0095-sw0.10-half_life_2-domain_augmented,True,
s3-A-0095-sw0.10-half_life_4-plain,True,
s3-A-0095-sw0.10-half_life_4-domain_augmented,True,
s3-A-0095-sw0.10-half_life_6-plain,True,
s3-A-0095-sw0.10-half_life_6-domain_augmented,True,
s3-A-0095-sw0.25-all_history-plain,True,
s3-A-0095-sw0.25-all_history-domain_augmented,True,
s3-A-0095-sw0.25-five_year-plain,True,
s3-A-0095-sw0.25-five_year-domain_augmented,True,
s3-A-0095-sw0.25-half_life_2-plain,True,
s3-A-0095-sw0.25-half_life_2-domain_augmented,True,
s3-A-0095-sw0.25-half_life_4-plain,True,
s3-A-0095-sw0.25-half_life_4-domain_augmented,True,
s3-A-0095-sw0.25-half_life_6-plain,True,
s3-A-0095-sw0.25-half_life_6-domain_augmented,True,
s3-A-0095-sw0.50-all_history-plain,True,
s3-A-0095-sw0.50-all_history-domain_augmented,True,
s3-A-0095-sw0.50-five_year-plain,True,
s3-A-0095-sw0.50-five_year-domain_augmented,True,
s3-A-0095-sw0.50-half_life_2-plain,True,
s3-A-0095-sw0.50-half_life_2-domain_augmented,True,
s3-A-0095-sw0.50-half_life_4-plain,True,
s3-A-0095-sw0.50-half_life_4-domain_augmented,True,
s3-A-0095-sw0.50-half_life_6-plain,True,
s3-A-0095-sw0.50-half_life_6-domain_augmented,True,
s3-A-0095-ensemble-0.25,True,requires compatible top pair
s3-A-0095-ensemble-0.50,True,requires compatible top pair
s3-A-0095-ensemble-0.75,True,requires compatible top pair
s3-A-0096-sw0.00-all_history-plain,True,
s3-A-0096-sw0.00-all_history-domain_augmented,True,
s3-A-0096-sw0.00-five_year-plain,True,
s3-A-0096-sw0.00-five_year-domain_augmented,True,
s3-A-0096-sw0.00-half_life_2-plain,True,
s3-A-0096-sw0.00-half_life_2-domain_augmented,True,
s3-A-0096-sw0.00-half_life_4-plain,True,
s3-A-0096-sw0.00-half_life_4-domain_augmented,True,
s3-A-0096-sw0.00-half_life_6-plain,True,
s3-A-0096-sw0.00-half_life_6-domain_augmented,True,
s3-A-0096-sw0.10-all_history-plain,True,
s3-A-0096-sw0.10-all_history-domain_augmented,True,
s3-A-0096-sw0.10-five_year-plain,True,
s3-A-0096-sw0.10-five_year-domain_augmented,True,
s3-A-0096-sw0.10-half_life_2-plain,True,
s3-A-0096-sw0.10-half_life_2-domain_augmented,True,
s3-A-0096-sw0.10-half_life_4-plain,True,
s3-A-0096-sw0.10-half_life_4-domain_augmented,True,
s3-A-0096-sw0.10-half_life_6-plain,True,
s3-A-0096-sw0.10-half_life_6-domain_augmented,True,
s3-A-0096-sw0.25-all_history-plain,True,
s3-A-0096-sw0.25-all_history-domain_augmented,True,
s3-A-0096-sw0.25-five_year-plain,True,
s3-A-0096-sw0.25-five_year-domain_augmented,True,
s3-A-0096-sw0.25-half_life_2-plain,True,
s3-A-0096-sw0.25-half_life_2-domain_augmented,True,
s3-A-0096-sw0.25-half_life_4-plain,True,
s3-A-0096-sw0.25-half_life_4-domain_augmented,True,
s3-A-0096-sw0.25-half_life_6-plain,True,
s3-A-0096-sw0.25-half_life_6-domain_augmented,True,
s3-A-0096-sw0.50-all_history-plain,True,
s3-A-0096-sw0.50-all_history-domain_augmented,True,
s3-A-0096-sw0.50-five_year-plain,True,
s3-A-0096-sw0.50-five_year-domain_augmented,True,
s3-A-0096-sw0.50-half_life_2-plain,True,
s3-A-0096-sw0.50-half_life_2-domain_augmented,True,
s3-A-0096-sw0.50-half_life_4-plain,True,
s3-A-0096-sw0.50-half_life_4-domain_augmented,True,
s3-A-0096-sw0.50-half_life_6-plain,True,
s3-A-0096-sw0.50-half_life_6-domain_augmented,True,
s3-A-0097-sw0.00-all_history-plain,True,
s3-A-0097-sw0.00-all_history-domain_augmented,True,
s3-A-0097-sw0.00-five_year-plain,True,
s3-A-0097-sw0.00-five_year-domain_augmented,True,
s3-A-0097-sw0.00-half_life_2-plain,True,
s3-A-0097-sw0.00-half_life_2-domain_augmented,True,
s3-A-0097-sw0.00-half_life_4-plain,True,
s3-A-0097-sw0.00-half_life_4-domain_augmented,True,
s3-A-0097-sw0.00-half_life_6-plain,True,
s3-A-0097-sw0.00-half_life_6-domain_augmented,True,
s3-A-0097-sw0.10-all_history-plain,True,
s3-A-0097-sw0.10-all_history-domain_augmented,True,
s3-A-0097-sw0.10-five_year-plain,True,
s3-A-0097-sw0.10-five_year-domain_augmented,True,
s3-A-0097-sw0.10-half_life_2-plain,True,
s3-A-0097-sw0.10-half_life_2-domain_augmented,True,
s3-A-0097-sw0.10-half_life_4-plain,True,
s3-A-0097-sw0.10-half_life_4-domain_augmented,True,
s3-A-0097-sw0.10-half_life_6-plain,True,
s3-A-0097-sw0.10-half_life_6-domain_augmented,True,
s3-A-0097-sw0.25-all_history-plain,True,
s3-A-0097-sw0.25-all_history-domain_augmented,True,
s3-A-0097-sw0.25-five_year-plain,True,
s3-A-0097-sw0.25-five_year-domain_augmented,True,
s3-A-0097-sw0.25-half_life_2-plain,True,
s3-A-0097-sw0.25-half_life_2-domain_augmented,True,
s3-A-0097-sw0.25-half_life_4-plain,True,
s3-A-0097-sw0.25-half_life_4-domain_augmented,True,
s3-A-0097-sw0.25-half_life_6-plain,True,
s3-A-0097-sw0.25-half_life_6-domain_augmented,True,
s3-A-0097-sw0.50-all_history-plain,True,
s3-A-0097-sw0.50-all_history-domain_augmented,True,
s3-A-0097-sw0.50-five_year-plain,True,
s3-A-0097-sw0.50-five_year-domain_augmented,True,
s3-A-0097-sw0.50-half_life_2-plain,True,
s3-A-0097-sw0.50-half_life_2-domain_augmented,True,
s3-A-0097-sw0.50-half_life_4-plain,True,
s3-A-0097-sw0.50-half_life_4-domain_augmented,True,
s3-A-0097-sw0.50-half_life_6-plain,True,
s3-A-0097-sw0.50-half_life_6-domain_augmented,True,
s3-A-0098-sw0.00-all_history-plain,True,
s3-A-0098-sw0.00-all_history-domain_augmented,True,
s3-A-0098-sw0.00-five_year-plain,True,
s3-A-0098-sw0.00-five_year-domain_augmented,True,
s3-A-0098-sw0.00-half_life_2-plain,True,
s3-A-0098-sw0.00-half_life_2-domain_augmented,True,
s3-A-0098-sw0.00-half_life_4-plain,True,
s3-A-0098-sw0.00-half_life_4-domain_augmented,True,
s3-A-0098-sw0.00-half_life_6-plain,True,
s3-A-0098-sw0.00-half_life_6-domain_augmented,True,
s3-A-0098-sw0.10-all_history-plain,True,
s3-A-0098-sw0.10-all_history-domain_augmented,True,
s3-A-0098-sw0.10-five_year-plain,True,
s3-A-0098-sw0.10-five_year-domain_augmented,True,
s3-A-0098-sw0.10-half_life_2-plain,True,
s3-A-0098-sw0.10-half_life_2-domain_augmented,True,
s3-A-0098-sw0.10-half_life_4-plain,True,
s3-A-0098-sw0.10-half_life_4-domain_augmented,True,
s3-A-0098-sw0.10-half_life_6-plain,True,
s3-A-0098-sw0.10-half_life_6-domain_augmented,True,
s3-A-0098-sw0.25-all_history-plain,True,
s3-A-0098-sw0.25-all_history-domain_augmented,True,
s3-A-0098-sw0.25-five_year-plain,True,
s3-A-0098-sw0.25-five_year-domain_augmented,True,
s3-A-0098-sw0.25-half_life_2-plain,True,
s3-A-0098-sw0.25-half_life_2-domain_augmented,True,
s3-A-0098-sw0.25-half_life_4-plain,True,
s3-A-0098-sw0.25-half_life_4-domain_augmented,True,
s3-A-0098-sw0.25-half_life_6-plain,True,
s3-A-0098-sw0.25-half_life_6-domain_augmented,True,
s3-A-0098-sw0.50-all_history-plain,True,
s3-A-0098-sw0.50-all_history-domain_augmented,True,
s3-A-0098-sw0.50-five_year-plain,True,
s3-A-0098-sw0.50-five_year-domain_augmented,True,
s3-A-0098-sw0.50-half_life_2-plain,True,
s3-A-0098-sw0.50-half_life_2-domain_augmented,True,
s3-A-0098-sw0.50-half_life_4-plain,True,
s3-A-0098-sw0.50-half_life_4-domain_augmented,True,
s3-A-0098-sw0.50-half_life_6-plain,True,
s3-A-0098-sw0.50-half_life_6-domain_augmented,True,
s3-A-0099-sw0.00-all_history-plain,True,
s3-A-0099-sw0.00-all_history-domain_augmented,True,
s3-A-0099-sw0.00-five_year-plain,True,
s3-A-0099-sw0.00-five_year-domain_augmented,True,
s3-A-0099-sw0.00-half_life_2-plain,True,
s3-A-0099-sw0.00-half_life_2-domain_augmented,True,
s3-A-0099-sw0.00-half_life_4-plain,True,
s3-A-0099-sw0.00-half_life_4-domain_augmented,True,
s3-A-0099-sw0.00-half_life_6-plain,True,
s3-A-0099-sw0.00-half_life_6-domain_augmented,True,
s3-A-0099-sw0.10-all_history-plain,True,
s3-A-0099-sw0.10-all_history-domain_augmented,True,
s3-A-0099-sw0.10-five_year-plain,True,
s3-A-0099-sw0.10-five_year-domain_augmented,True,
s3-A-0099-sw0.10-half_life_2-plain,True,
s3-A-0099-sw0.10-half_life_2-domain_augmented,True,
s3-A-0099-sw0.10-half_life_4-plain,True,
s3-A-0099-sw0.10-half_life_4-domain_augmented,True,
s3-A-0099-sw0.10-half_life_6-plain,True,
s3-A-0099-sw0.10-half_life_6-domain_augmented,True,
s3-A-0099-sw0.25-all_history-plain,True,
s3-A-0099-sw0.25-all_history-domain_augmented,True,
s3-A-0099-sw0.25-five_year-plain,True,
s3-A-0099-sw0.25-five_year-domain_augmented,True,
s3-A-0099-sw0.25-half_life_2-plain,True,
s3-A-0099-sw0.25-half_life_2-domain_augmented,True,
s3-A-0099-sw0.25-half_life_4-plain,True,
s3-A-0099-sw0.25-half_life_4-domain_augmented,True,
s3-A-0099-sw0.25-half_life_6-plain,True,
s3-A-0099-sw0.25-half_life_6-domain_augmented,True,
s3-A-0099-sw0.50-all_history-plain,True,
s3-A-0099-sw0.50-all_history-domain_augmented,True,
s3-A-0099-sw0.50-five_year-plain,True,
s3-A-0099-sw0.50-five_year-domain_augmented,True,
s3-A-0099-sw0.50-half_life_2-plain,True,
s3-A-0099-sw0.50-half_life_2-domain_augmented,True,
s3-A-0099-sw0.50-half_life_4-plain,True,
s3-A-0099-sw0.50-half_life_4-domain_augmented,True,
s3-A-0099-sw0.50-half_life_6-plain,True,
s3-A-0099-sw0.50-half_life_6-domain_augmented,True,
s3-A-0100-sw0.00-all_history-plain,True,
s3-A-0100-sw0.00-all_history-domain_augmented,True,
s3-A-0100-sw0.00-five_year-plain,True,
s3-A-0100-sw0.00-five_year-domain_augmented,True,
s3-A-0100-sw0.00-half_life_2-plain,True,
s3-A-0100-sw0.00-half_life_2-domain_augmented,True,
s3-A-0100-sw0.00-half_life_4-plain,True,
s3-A-0100-sw0.00-half_life_4-domain_augmented,True,
s3-A-0100-sw0.00-half_life_6-plain,True,
s3-A-0100-sw0.00-half_life_6-domain_augmented,True,
s3-A-0100-sw0.10-all_history-plain,True,
s3-A-0100-sw0.10-all_history-domain_augmented,True,
s3-A-0100-sw0.10-five_year-plain,True,
s3-A-0100-sw0.10-five_year-domain_augmented,True,
s3-A-0100-sw0.10-half_life_2-plain,True,
s3-A-0100-sw0.10-half_life_2-domain_augmented,True,
s3-A-0100-sw0.10-half_life_4-plain,True,
s3-A-0100-sw0.10-half_life_4-domain_augmented,True,
s3-A-0100-sw0.10-half_life_6-plain,True,
s3-A-0100-sw0.10-half_life_6-domain_augmented,True,
s3-A-0100-sw0.25-all_history-plain,True,
s3-A-0100-sw0.25-all_history-domain_augmented,True,
s3-A-0100-sw0.25-five_year-plain,True,
s3-A-0100-sw0.25-five_year-domain_augmented,True,
s3-A-0100-sw0.25-half_life_2-plain,True,
s3-A-0100-sw0.25-half_life_2-domain_augmented,True,
s3-A-0100-sw0.25-half_life_4-plain,True,
s3-A-0100-sw0.25-half_life_4-domain_augmented,True,
s3-A-0100-sw0.25-half_life_6-plain,True,
s3-A-0100-sw0.25-half_life_6-domain_augmented,True,
s3-A-0100-sw0.50-all_history-plain,True,
s3-A-0100-sw0.50-all_history-domain_augmented,True,
s3-A-0100-sw0.50-five_year-plain,True,
s3-A-0100-sw0.50-five_year-domain_augmented,True,
s3-A-0100-sw0.50-half_life_2-plain,True,
s3-A-0100-sw0.50-half_life_2-domain_augmented,True,
s3-A-0100-sw0.50-half_life_4-plain,True,
s3-A-0100-sw0.50-half_life_4-domain_augmented,True,
s3-A-0100-sw0.50-half_life_6-plain,True,
s3-A-0100-sw0.50-half_life_6-domain_augmented,True,
s3-A-0101-sw0.00-all_history-plain,True,
s3-A-0101-sw0.00-all_history-domain_augmented,True,
s3-A-0101-sw0.00-five_year-plain,True,
s3-A-0101-sw0.00-five_year-domain_augmented,True,
s3-A-0101-sw0.00-half_life_2-plain,True,
s3-A-0101-sw0.00-half_life_2-domain_augmented,True,
s3-A-0101-sw0.00-half_life_4-plain,True,
s3-A-0101-sw0.00-half_life_4-domain_augmented,True,
s3-A-0101-sw0.00-half_life_6-plain,True,
s3-A-0101-sw0.00-half_life_6-domain_augmented,True,
s3-A-0101-sw0.10-all_history-plain,True,
s3-A-0101-sw0.10-all_history-domain_augmented,True,
s3-A-0101-sw0.10-five_year-plain,True,
s3-A-0101-sw0.10-five_year-domain_augmented,True,
s3-A-0101-sw0.10-half_life_2-plain,True,
s3-A-0101-sw0.10-half_life_2-domain_augmented,True,
s3-A-0101-sw0.10-half_life_4-plain,True,
s3-A-0101-sw0.10-half_life_4-domain_augmented,True,
s3-A-0101-sw0.10-half_life_6-plain,True,
s3-A-0101-sw0.10-half_life_6-domain_augmented,True,
s3-A-0101-sw0.25-all_history-plain,True,
s3-A-0101-sw0.25-all_history-domain_augmented,True,
s3-A-0101-sw0.25-five_year-plain,True,
s3-A-0101-sw0.25-five_year-domain_augmented,True,
s3-A-0101-sw0.25-half_life_2-plain,True,
s3-A-0101-sw0.25-half_life_2-domain_augmented,True,
s3-A-0101-sw0.25-half_life_4-plain,True,
s3-A-0101-sw0.25-half_life_4-domain_augmented,True,
s3-A-0101-sw0.25-half_life_6-plain,True,
s3-A-0101-sw0.25-half_life_6-domain_augmented,True,
s3-A-0101-sw0.50-all_history-plain,True,
s3-A-0101-sw0.50-all_history-domain_augmented,True,
s3-A-0101-sw0.50-five_year-plain,True,
s3-A-0101-sw0.50-five_year-domain_augmented,True,
s3-A-0101-sw0.50-half_life_2-plain,True,
s3-A-0101-sw0.50-half_life_2-domain_augmented,True,
s3-A-0101-sw0.50-half_life_4-plain,True,
s3-A-0101-sw0.50-half_life_4-domain_augmented,True,
s3-A-0101-sw0.50-half_life_6-plain,True,
s3-A-0101-sw0.50-half_life_6-domain_augmented,True,
s3-A-0102-sw0.00-all_history-plain,True,
s3-A-0102-sw0.00-all_history-domain_augmented,True,
s3-A-0102-sw0.00-five_year-plain,True,
s3-A-0102-sw0.00-five_year-domain_augmented,True,
s3-A-0102-sw0.00-half_life_2-plain,True,
s3-A-0102-sw0.00-half_life_2-domain_augmented,True,
s3-A-0102-sw0.00-half_life_4-plain,True,
s3-A-0102-sw0.00-half_life_4-domain_augmented,True,
s3-A-0102-sw0.00-half_life_6-plain,True,
s3-A-0102-sw0.00-half_life_6-domain_augmented,True,
s3-A-0102-sw0.10-all_history-plain,True,
s3-A-0102-sw0.10-all_history-domain_augmented,True,
s3-A-0102-sw0.10-five_year-plain,True,
s3-A-0102-sw0.10-five_year-domain_augmented,True,
s3-A-0102-sw0.10-half_life_2-plain,True,
s3-A-0102-sw0.10-half_life_2-domain_augmented,True,
s3-A-0102-sw0.10-half_life_4-plain,True,
s3-A-0102-sw0.10-half_life_4-domain_augmented,True,
s3-A-0102-sw0.10-half_life_6-plain,True,
s3-A-0102-sw0.10-half_life_6-domain_augmented,True,
s3-A-0102-sw0.25-all_history-plain,True,
s3-A-0102-sw0.25-all_history-domain_augmented,True,
s3-A-0102-sw0.25-five_year-plain,True,
s3-A-0102-sw0.25-five_year-domain_augmented,True,
s3-A-0102-sw0.25-half_life_2-plain,True,
s3-A-0102-sw0.25-half_life_2-domain_augmented,True,
s3-A-0102-sw0.25-half_life_4-plain,True,
s3-A-0102-sw0.25-half_life_4-domain_augmented,True,
s3-A-0102-sw0.25-half_life_6-plain,True,
s3-A-0102-sw0.25-half_life_6-domain_augmented,True,
s3-A-0102-sw0.50-all_history-plain,True,
s3-A-0102-sw0.50-all_history-domain_augmented,True,
s3-A-0102-sw0.50-five_year-plain,True,
s3-A-0102-sw0.50-five_year-domain_augmented,True,
s3-A-0102-sw0.50-half_life_2-plain,True,
s3-A-0102-sw0.50-half_life_2-domain_augmented,True,
s3-A-0102-sw0.50-half_life_4-plain,True,
s3-A-0102-sw0.50-half_life_4-domain_augmented,True,
s3-A-0102-sw0.50-half_life_6-plain,True,
s3-A-0102-sw0.50-half_life_6-domain_augmented,True,
s3-A-0103-sw0.00-all_history-plain,True,
s3-A-0103-sw0.00-all_history-domain_augmented,True,
s3-A-0103-sw0.00-five_year-plain,True,
s3-A-0103-sw0.00-five_year-domain_augmented,True,
s3-A-0103-sw0.00-half_life_2-plain,True,
s3-A-0103-sw0.00-half_life_2-domain_augmented,True,
s3-A-0103-sw0.00-half_life_4-plain,True,
s3-A-0103-sw0.00-half_life_4-domain_augmented,True,
s3-A-0103-sw0.00-half_life_6-plain,True,
s3-A-0103-sw0.00-half_life_6-domain_augmented,True,
s3-A-0103-sw0.10-all_history-plain,True,
s3-A-0103-sw0.10-all_history-domain_augmented,True,
s3-A-0103-sw0.10-five_year-plain,True,
s3-A-0103-sw0.10-five_year-domain_augmented,True,
s3-A-0103-sw0.10-half_life_2-plain,True,
s3-A-0103-sw0.10-half_life_2-domain_augmented,True,
s3-A-0103-sw0.10-half_life_4-plain,True,
s3-A-0103-sw0.10-half_life_4-domain_augmented,True,
s3-A-0103-sw0.10-half_life_6-plain,True,
s3-A-0103-sw0.10-half_life_6-domain_augmented,True,
s3-A-0103-sw0.25-all_history-plain,True,
s3-A-0103-sw0.25-all_history-domain_augmented,True,
s3-A-0103-sw0.25-five_year-plain,True,
s3-A-0103-sw0.25-five_year-domain_augmented,True,
s3-A-0103-sw0.25-half_life_2-plain,True,
s3-A-0103-sw0.25-half_life_2-domain_augmented,True,
s3-A-0103-sw0.25-half_life_4-plain,True,
s3-A-0103-sw0.25-half_life_4-domain_augmented,True,
s3-A-0103-sw0.25-half_life_6-plain,True,
s3-A-0103-sw0.25-half_life_6-domain_augmented,True,
s3-A-0103-sw0.50-all_history-plain,True,
s3-A-0103-sw0.50-all_history-domain_augmented,True,
s3-A-0103-sw0.50-five_year-plain,True,
s3-A-0103-sw0.50-five_year-domain_augmented,True,
s3-A-0103-sw0.50-half_life_2-plain,True,
s3-A-0103-sw0.50-half_life_2-domain_augmented,True,
s3-A-0103-sw0.50-half_life_4-plain,True,
s3-A-0103-sw0.50-half_life_4-domain_augmented,True,
s3-A-0103-sw0.50-half_life_6-plain,True,
s3-A-0103-sw0.50-half_life_6-domain_augmented,True,
s3-A-0104-sw0.00-all_history-plain,True,
s3-A-0104-sw0.00-all_history-domain_augmented,True,
s3-A-0104-sw0.00-five_year-plain,True,
s3-A-0104-sw0.00-five_year-domain_augmented,True,
s3-A-0104-sw0.00-half_life_2-plain,True,
s3-A-0104-sw0.00-half_life_2-domain_augmented,True,
s3-A-0104-sw0.00-half_life_4-plain,True,
s3-A-0104-sw0.00-half_life_4-domain_augmented,True,
s3-A-0104-sw0.00-half_life_6-plain,True,
s3-A-0104-sw0.00-half_life_6-domain_augmented,True,
s3-A-0104-sw0.10-all_history-plain,True,
s3-A-0104-sw0.10-all_history-domain_augmented,True,
s3-A-0104-sw0.10-five_year-plain,True,
s3-A-0104-sw0.10-five_year-domain_augmented,True,
s3-A-0104-sw0.10-half_life_2-plain,True,
s3-A-0104-sw0.10-half_life_2-domain_augmented,True,
s3-A-0104-sw0.10-half_life_4-plain,True,
s3-A-0104-sw0.10-half_life_4-domain_augmented,True,
s3-A-0104-sw0.10-half_life_6-plain,True,
s3-A-0104-sw0.10-half_life_6-domain_augmented,True,
s3-A-0104-sw0.25-all_history-plain,True,
s3-A-0104-sw0.25-all_history-domain_augmented,True,
s3-A-0104-sw0.25-five_year-plain,True,
s3-A-0104-sw0.25-five_year-domain_augmented,True,
s3-A-0104-sw0.25-half_life_2-plain,True,
s3-A-0104-sw0.25-half_life_2-domain_augmented,True,
s3-A-0104-sw0.25-half_life_4-plain,True,
s3-A-0104-sw0.25-half_life_4-domain_augmented,True,
s3-A-0104-sw0.25-half_life_6-plain,True,
s3-A-0104-sw0.25-half_life_6-domain_augmented,True,
s3-A-0104-sw0.50-all_history-plain,True,
s3-A-0104-sw0.50-all_history-domain_augmented,True,
s3-A-0104-sw0.50-five_year-plain,True,
s3-A-0104-sw0.50-five_year-domain_augmented,True,
s3-A-0104-sw0.50-half_life_2-plain,True,
s3-A-0104-sw0.50-half_life_2-domain_augmented,True,
s3-A-0104-sw0.50-half_life_4-plain,True,
s3-A-0104-sw0.50-half_life_4-domain_augmented,True,
s3-A-0104-sw0.50-half_life_6-plain,True,
s3-A-0104-sw0.50-half_life_6-domain_augmented,True,
s2-A-0000-sw0.00-all_history-plain,True,
s2-A-0000-sw0.00-all_history-domain_augmented,True,
s2-A-0000-sw0.00-five_year-plain,True,
s2-A-0000-sw0.00-five_year-domain_augmented,True,
s2-A-0000-sw0.00-half_life_2-plain,True,
s2-A-0000-sw0.00-half_life_2-domain_augmented,True,
s2-A-0000-sw0.00-half_life_4-plain,True,
s2-A-0000-sw0.00-half_life_4-domain_augmented,True,
s2-A-0000-sw0.00-half_life_6-plain,True,
s2-A-0000-sw0.00-half_life_6-domain_augmented,True,
s2-A-0000-sw0.10-all_history-plain,True,
s2-A-0000-sw0.10-all_history-domain_augmented,True,
s2-A-0000-sw0.10-five_year-plain,True,
s2-A-0000-sw0.10-five_year-domain_augmented,True,
s2-A-0000-sw0.10-half_life_2-plain,True,
s2-A-0000-sw0.10-half_life_2-domain_augmented,True,
s2-A-0000-sw0.10-half_life_4-plain,True,
s2-A-0000-sw0.10-half_life_4-domain_augmented,True,
s2-A-0000-sw0.10-half_life_6-plain,True,
s2-A-0000-sw0.10-half_life_6-domain_augmented,True,
s2-A-0000-sw0.25-all_history-plain,True,
s2-A-0000-sw0.25-all_history-domain_augmented,True,
s2-A-0000-sw0.25-five_year-plain,True,
s2-A-0000-sw0.25-five_year-domain_augmented,True,
s2-A-0000-sw0.25-half_life_2-plain,True,
s2-A-0000-sw0.25-half_life_2-domain_augmented,True,
s2-A-0000-sw0.25-half_life_4-plain,True,
s2-A-0000-sw0.25-half_life_4-domain_augmented,True,
s2-A-0000-sw0.25-half_life_6-plain,True,
s2-A-0000-sw0.25-half_life_6-domain_augmented,True,
s2-A-0000-sw0.50-all_history-plain,True,
s2-A-0000-sw0.50-all_history-domain_augmented,True,
s2-A-0000-sw0.50-five_year-plain,True,
s2-A-0000-sw0.50-five_year-domain_augmented,True,
s2-A-0000-sw0.50-half_life_2-plain,True,
s2-A-0000-sw0.50-half_life_2-domain_augmented,True,
s2-A-0000-sw0.50-half_life_4-plain,True,
s2-A-0000-sw0.50-half_life_4-domain_augmented,True,
s2-A-0000-sw0.50-half_life_6-plain,True,
s2-A-0000-sw0.50-half_life_6-domain_augmented,True,
s2-A-0000-ensemble-0.25,True,requires compatible top pair
s2-A-0000-ensemble-0.50,True,requires compatible top pair
s2-A-0000-ensemble-0.75,True,requires compatible top pair
s2-A-0001-sw0.00-all_history-plain,True,
s2-A-0001-sw0.00-all_history-domain_augmented,True,
s2-A-0001-sw0.00-five_year-plain,True,
s2-A-0001-sw0.00-five_year-domain_augmented,True,
s2-A-0001-sw0.00-half_life_2-plain,True,
s2-A-0001-sw0.00-half_life_2-domain_augmented,True,
s2-A-0001-sw0.00-half_life_4-plain,True,
s2-A-0001-sw0.00-half_life_4-domain_augmented,True,
s2-A-0001-sw0.00-half_life_6-plain,True,
s2-A-0001-sw0.00-half_life_6-domain_augmented,True,
s2-A-0001-sw0.10-all_history-plain,True,
s2-A-0001-sw0.10-all_history-domain_augmented,True,
s2-A-0001-sw0.10-five_year-plain,True,
s2-A-0001-sw0.10-five_year-domain_augmented,True,
s2-A-0001-sw0.10-half_life_2-plain,True,
s2-A-0001-sw0.10-half_life_2-domain_augmented,True,
s2-A-0001-sw0.10-half_life_4-plain,True,
s2-A-0001-sw0.10-half_life_4-domain_augmented,True,
s2-A-0001-sw0.10-half_life_6-plain,True,
s2-A-0001-sw0.10-half_life_6-domain_augmented,True,
s2-A-0001-sw0.25-all_history-plain,True,
s2-A-0001-sw0.25-all_history-domain_augmented,True,
s2-A-0001-sw0.25-five_year-plain,True,
s2-A-0001-sw0.25-five_year-domain_augmented,True,
s2-A-0001-sw0.25-half_life_2-plain,True,
s2-A-0001-sw0.25-half_life_2-domain_augmented,True,
s2-A-0001-sw0.25-half_life_4-plain,True,
s2-A-0001-sw0.25-half_life_4-domain_augmented,True,
s2-A-0001-sw0.25-half_life_6-plain,True,
s2-A-0001-sw0.25-half_life_6-domain_augmented,True,
s2-A-0001-sw0.50-all_history-plain,True,
s2-A-0001-sw0.50-all_history-domain_augmented,True,
s2-A-0001-sw0.50-five_year-plain,True,
s2-A-0001-sw0.50-five_year-domain_augmented,True,
s2-A-0001-sw0.50-half_life_2-plain,True,
s2-A-0001-sw0.50-half_life_2-domain_augmented,True,
s2-A-0001-sw0.50-half_life_4-plain,True,
s2-A-0001-sw0.50-half_life_4-domain_augmented,True,
s2-A-0001-sw0.50-half_life_6-plain,True,
s2-A-0001-sw0.50-half_life_6-domain_augmented,True,
s2-A-0001-ensemble-0.25,True,requires compatible top pair
s2-A-0001-ensemble-0.50,True,requires compatible top pair
s2-A-0001-ensemble-0.75,True,requires compatible top pair
s2-A-0002-sw0.00-all_history-plain,True,
s2-A-0002-sw0.00-all_history-domain_augmented,True,
s2-A-0002-sw0.00-five_year-plain,True,
s2-A-0002-sw0.00-five_year-domain_augmented,True,
s2-A-0002-sw0.00-half_life_2-plain,True,
s2-A-0002-sw0.00-half_life_2-domain_augmented,True,
s2-A-0002-sw0.00-half_life_4-plain,True,
s2-A-0002-sw0.00-half_life_4-domain_augmented,True,
s2-A-0002-sw0.00-half_life_6-plain,True,
s2-A-0002-sw0.00-half_life_6-domain_augmented,True,
s2-A-0002-sw0.10-all_history-plain,True,
s2-A-0002-sw0.10-all_history-domain_augmented,True,
s2-A-0002-sw0.10-five_year-plain,True,
s2-A-0002-sw0.10-five_year-domain_augmented,True,
s2-A-0002-sw0.10-half_life_2-plain,True,
s2-A-0002-sw0.10-half_life_2-domain_augmented,True,
s2-A-0002-sw0.10-half_life_4-plain,True,
s2-A-0002-sw0.10-half_life_4-domain_augmented,True,
s2-A-0002-sw0.10-half_life_6-plain,True,
s2-A-0002-sw0.10-half_life_6-domain_augmented,True,
s2-A-0002-sw0.25-all_history-plain,True,
s2-A-0002-sw0.25-all_history-domain_augmented,True,
s2-A-0002-sw0.25-five_year-plain,True,
s2-A-0002-sw0.25-five_year-domain_augmented,True,
s2-A-0002-sw0.25-half_life_2-plain,True,
s2-A-0002-sw0.25-half_life_2-domain_augmented,True,
s2-A-0002-sw0.25-half_life_4-plain,True,
s2-A-0002-sw0.25-half_life_4-domain_augmented,True,
s2-A-0002-sw0.25-half_life_6-plain,True,
s2-A-0002-sw0.25-half_life_6-domain_augmented,True,
s2-A-0002-sw0.50-all_history-plain,True,
s2-A-0002-sw0.50-all_history-domain_augmented,True,
s2-A-0002-sw0.50-five_year-plain,True,
s2-A-0002-sw0.50-five_year-domain_augmented,True,
s2-A-0002-sw0.50-half_life_2-plain,True,
s2-A-0002-sw0.50-half_life_2-domain_augmented,True,
s2-A-0002-sw0.50-half_life_4-plain,True,
s2-A-0002-sw0.50-half_life_4-domain_augmented,True,
s2-A-0002-sw0.50-half_life_6-plain,True,
s2-A-0002-sw0.50-half_life_6-domain_augmented,True,
s2-A-0002-ensemble-0.25,True,requires compatible top pair
s2-A-0002-ensemble-0.50,True,requires compatible top pair
s2-A-0002-ensemble-0.75,True,requires compatible top pair
s2-A-0003-sw0.00-all_history-plain,True,
s2-A-0003-sw0.00-all_history-domain_augmented,True,
s2-A-0003-sw0.00-five_year-plain,True,
s2-A-0003-sw0.00-five_year-domain_augmented,True,
s2-A-0003-sw0.00-half_life_2-plain,True,
s2-A-0003-sw0.00-half_life_2-domain_augmented,True,
s2-A-0003-sw0.00-half_life_4-plain,True,
s2-A-0003-sw0.00-half_life_4-domain_augmented,True,
s2-A-0003-sw0.00-half_life_6-plain,True,
s2-A-0003-sw0.00-half_life_6-domain_augmented,True,
s2-A-0003-sw0.10-all_history-plain,True,
s2-A-0003-sw0.10-all_history-domain_augmented,True,
s2-A-0003-sw0.10-five_year-plain,True,
s2-A-0003-sw0.10-five_year-domain_augmented,True,
s2-A-0003-sw0.10-half_life_2-plain,True,
s2-A-0003-sw0.10-half_life_2-domain_augmented,True,
s2-A-0003-sw0.10-half_life_4-plain,True,
s2-A-0003-sw0.10-half_life_4-domain_augmented,True,
s2-A-0003-sw0.10-half_life_6-plain,True,
s2-A-0003-sw0.10-half_life_6-domain_augmented,True,
s2-A-0003-sw0.25-all_history-plain,True,
s2-A-0003-sw0.25-all_history-domain_augmented,True,
s2-A-0003-sw0.25-five_year-plain,True,
s2-A-0003-sw0.25-five_year-domain_augmented,True,
s2-A-0003-sw0.25-half_life_2-plain,True,
s2-A-0003-sw0.25-half_life_2-domain_augmented,True,
s2-A-0003-sw0.25-half_life_4-plain,True,
s2-A-0003-sw0.25-half_life_4-domain_augmented,True,
s2-A-0003-sw0.25-half_life_6-plain,True,
s2-A-0003-sw0.25-half_life_6-domain_augmented,True,
s2-A-0003-sw0.50-all_history-plain,True,
s2-A-0003-sw0.50-all_history-domain_augmented,True,
s2-A-0003-sw0.50-five_year-plain,True,
s2-A-0003-sw0.50-five_year-domain_augmented,True,
s2-A-0003-sw0.50-half_life_2-plain,True,
s2-A-0003-sw0.50-half_life_2-domain_augmented,True,
s2-A-0003-sw0.50-half_life_4-plain,True,
s2-A-0003-sw0.50-half_life_4-domain_augmented,True,
s2-A-0003-sw0.50-half_life_6-plain,True,
s2-A-0003-sw0.50-half_life_6-domain_augmented,True,
s2-A-0003-ensemble-0.25,True,requires compatible top pair
s2-A-0003-ensemble-0.50,True,requires compatible top pair
s2-A-0003-ensemble-0.75,True,requires compatible top pair
s2-A-0004-sw0.00-all_history-plain,True,
s2-A-0004-sw0.00-all_history-domain_augmented,True,
s2-A-0004-sw0.00-five_year-plain,True,
s2-A-0004-sw0.00-five_year-domain_augmented,True,
s2-A-0004-sw0.00-half_life_2-plain,True,
s2-A-0004-sw0.00-half_life_2-domain_augmented,True,
s2-A-0004-sw0.00-half_life_4-plain,True,
s2-A-0004-sw0.00-half_life_4-domain_augmented,True,
s2-A-0004-sw0.00-half_life_6-plain,True,
s2-A-0004-sw0.00-half_life_6-domain_augmented,True,
s2-A-0004-sw0.10-all_history-plain,True,
s2-A-0004-sw0.10-all_history-domain_augmented,True,
s2-A-0004-sw0.10-five_year-plain,True,
s2-A-0004-sw0.10-five_year-domain_augmented,True,
s2-A-0004-sw0.10-half_life_2-plain,True,
s2-A-0004-sw0.10-half_life_2-domain_augmented,True,
s2-A-0004-sw0.10-half_life_4-plain,True,
s2-A-0004-sw0.10-half_life_4-domain_augmented,True,
s2-A-0004-sw0.10-half_life_6-plain,True,
s2-A-0004-sw0.10-half_life_6-domain_augmented,True,
s2-A-0004-sw0.25-all_history-plain,True,
s2-A-0004-sw0.25-all_history-domain_augmented,True,
s2-A-0004-sw0.25-five_year-plain,True,
s2-A-0004-sw0.25-five_year-domain_augmented,True,
s2-A-0004-sw0.25-half_life_2-plain,True,
s2-A-0004-sw0.25-half_life_2-domain_augmented,True,
s2-A-0004-sw0.25-half_life_4-plain,True,
s2-A-0004-sw0.25-half_life_4-domain_augmented,True,
s2-A-0004-sw0.25-half_life_6-plain,True,
s2-A-0004-sw0.25-half_life_6-domain_augmented,True,
s2-A-0004-sw0.50-all_history-plain,True,
s2-A-0004-sw0.50-all_history-domain_augmented,True,
s2-A-0004-sw0.50-five_year-plain,True,
s2-A-0004-sw0.50-five_year-domain_augmented,True,
s2-A-0004-sw0.50-half_life_2-plain,True,
s2-A-0004-sw0.50-half_life_2-domain_augmented,True,
s2-A-0004-sw0.50-half_life_4-plain,True,
s2-A-0004-sw0.50-half_life_4-domain_augmented,True,
s2-A-0004-sw0.50-half_life_6-plain,True,
s2-A-0004-sw0.50-half_life_6-domain_augmented,True,
s2-A-0004-ensemble-0.25,True,requires compatible top pair
s2-A-0004-ensemble-0.50,True,requires compatible top pair
s2-A-0004-ensemble-0.75,True,requires compatible top pair
s2-A-0005-sw0.00-all_history-plain,True,
s2-A-0005-sw0.00-all_history-domain_augmented,True,
s2-A-0005-sw0.00-five_year-plain,True,
s2-A-0005-sw0.00-five_year-domain_augmented,True,
s2-A-0005-sw0.00-half_life_2-plain,True,
s2-A-0005-sw0.00-half_life_2-domain_augmented,True,
s2-A-0005-sw0.00-half_life_4-plain,True,
s2-A-0005-sw0.00-half_life_4-domain_augmented,True,
s2-A-0005-sw0.00-half_life_6-plain,True,
s2-A-0005-sw0.00-half_life_6-domain_augmented,True,
s2-A-0005-sw0.10-all_history-plain,True,
s2-A-0005-sw0.10-all_history-domain_augmented,True,
s2-A-0005-sw0.10-five_year-plain,True,
s2-A-0005-sw0.10-five_year-domain_augmented,True,
s2-A-0005-sw0.10-half_life_2-plain,True,
s2-A-0005-sw0.10-half_life_2-domain_augmented,True,
s2-A-0005-sw0.10-half_life_4-plain,True,
s2-A-0005-sw0.10-half_life_4-domain_augmented,True,
s2-A-0005-sw0.10-half_life_6-plain,True,
s2-A-0005-sw0.10-half_life_6-domain_augmented,True,
s2-A-0005-sw0.25-all_history-plain,True,
s2-A-0005-sw0.25-all_history-domain_augmented,True,
s2-A-0005-sw0.25-five_year-plain,True,
s2-A-0005-sw0.25-five_year-domain_augmented,True,
s2-A-0005-sw0.25-half_life_2-plain,True,
s2-A-0005-sw0.25-half_life_2-domain_augmented,True,
s2-A-0005-sw0.25-half_life_4-plain,True,
s2-A-0005-sw0.25-half_life_4-domain_augmented,True,
s2-A-0005-sw0.25-half_life_6-plain,True,
s2-A-0005-sw0.25-half_life_6-domain_augmented,True,
s2-A-0005-sw0.50-all_history-plain,True,
s2-A-0005-sw0.50-all_history-domain_augmented,True,
s2-A-0005-sw0.50-five_year-plain,True,
s2-A-0005-sw0.50-five_year-domain_augmented,True,
s2-A-0005-sw0.50-half_life_2-plain,True,
s2-A-0005-sw0.50-half_life_2-domain_augmented,True,
s2-A-0005-sw0.50-half_life_4-plain,True,
s2-A-0005-sw0.50-half_life_4-domain_augmented,True,
s2-A-0005-sw0.50-half_life_6-plain,True,
s2-A-0005-sw0.50-half_life_6-domain_augmented,True,
s2-A-0005-ensemble-0.25,True,requires compatible top pair
s2-A-0005-ensemble-0.50,True,requires compatible top pair
s2-A-0005-ensemble-0.75,True,requires compatible top pair
s2-A-0006-sw0.00-all_history-plain,True,
s2-A-0006-sw0.00-all_history-domain_augmented,True,
s2-A-0006-sw0.00-five_year-plain,True,
s2-A-0006-sw0.00-five_year-domain_augmented,True,
s2-A-0006-sw0.00-half_life_2-plain,True,
s2-A-0006-sw0.00-half_life_2-domain_augmented,True,
s2-A-0006-sw0.00-half_life_4-plain,True,
s2-A-0006-sw0.00-half_life_4-domain_augmented,True,
s2-A-0006-sw0.00-half_life_6-plain,True,
s2-A-0006-sw0.00-half_life_6-domain_augmented,True,
s2-A-0006-sw0.10-all_history-plain,True,
s2-A-0006-sw0.10-all_history-domain_augmented,True,
s2-A-0006-sw0.10-five_year-plain,True,
s2-A-0006-sw0.10-five_year-domain_augmented,True,
s2-A-0006-sw0.10-half_life_2-plain,True,
s2-A-0006-sw0.10-half_life_2-domain_augmented,True,
s2-A-0006-sw0.10-half_life_4-plain,True,
s2-A-0006-sw0.10-half_life_4-domain_augmented,True,
s2-A-0006-sw0.10-half_life_6-plain,True,
s2-A-0006-sw0.10-half_life_6-domain_augmented,True,
s2-A-0006-sw0.25-all_history-plain,True,
s2-A-0006-sw0.25-all_history-domain_augmented,True,
s2-A-0006-sw0.25-five_year-plain,True,
s2-A-0006-sw0.25-five_year-domain_augmented,True,
s2-A-0006-sw0.25-half_life_2-plain,True,
s2-A-0006-sw0.25-half_life_2-domain_augmented,True,
s2-A-0006-sw0.25-half_life_4-plain,True,
s2-A-0006-sw0.25-half_life_4-domain_augmented,True,
s2-A-0006-sw0.25-half_life_6-plain,True,
s2-A-0006-sw0.25-half_life_6-domain_augmented,True,
s2-A-0006-sw0.50-all_history-plain,True,
s2-A-0006-sw0.50-all_history-domain_augmented,True,
s2-A-0006-sw0.50-five_year-plain,True,
s2-A-0006-sw0.50-five_year-domain_augmented,True,
s2-A-0006-sw0.50-half_life_2-plain,True,
s2-A-0006-sw0.50-half_life_2-domain_augmented,True,
s2-A-0006-sw0.50-half_life_4-plain,True,
s2-A-0006-sw0.50-half_life_4-domain_augmented,True,
s2-A-0006-sw0.50-half_life_6-plain,True,
s2-A-0006-sw0.50-half_life_6-domain_augmented,True,
s2-A-0006-ensemble-0.25,True,requires compatible top pair
s2-A-0006-ensemble-0.50,True,requires compatible top pair
s2-A-0006-ensemble-0.75,True,requires compatible top pair
s2-A-0007-sw0.00-all_history-plain,True,
s2-A-0007-sw0.00-all_history-domain_augmented,True,
s2-A-0007-sw0.00-five_year-plain,True,
s2-A-0007-sw0.00-five_year-domain_augmented,True,
s2-A-0007-sw0.00-half_life_2-plain,True,
s2-A-0007-sw0.00-half_life_2-domain_augmented,True,
s2-A-0007-sw0.00-half_life_4-plain,True,
s2-A-0007-sw0.00-half_life_4-domain_augmented,True,
s2-A-0007-sw0.00-half_life_6-plain,True,
s2-A-0007-sw0.00-half_life_6-domain_augmented,True,
s2-A-0007-sw0.10-all_history-plain,True,
s2-A-0007-sw0.10-all_history-domain_augmented,True,
s2-A-0007-sw0.10-five_year-plain,True,
s2-A-0007-sw0.10-five_year-domain_augmented,True,
s2-A-0007-sw0.10-half_life_2-plain,True,
s2-A-0007-sw0.10-half_life_2-domain_augmented,True,
s2-A-0007-sw0.10-half_life_4-plain,True,
s2-A-0007-sw0.10-half_life_4-domain_augmented,True,
s2-A-0007-sw0.10-half_life_6-plain,True,
s2-A-0007-sw0.10-half_life_6-domain_augmented,True,
s2-A-0007-sw0.25-all_history-plain,True,
s2-A-0007-sw0.25-all_history-domain_augmented,True,
s2-A-0007-sw0.25-five_year-plain,True,
s2-A-0007-sw0.25-five_year-domain_augmented,True,
s2-A-0007-sw0.25-half_life_2-plain,True,
s2-A-0007-sw0.25-half_life_2-domain_augmented,True,
s2-A-0007-sw0.25-half_life_4-plain,True,
s2-A-0007-sw0.25-half_life_4-domain_augmented,True,
s2-A-0007-sw0.25-half_life_6-plain,True,
s2-A-0007-sw0.25-half_life_6-domain_augmented,True,
s2-A-0007-sw0.50-all_history-plain,True,
s2-A-0007-sw0.50-all_history-domain_augmented,True,
s2-A-0007-sw0.50-five_year-plain,True,
s2-A-0007-sw0.50-five_year-domain_augmented,True,
s2-A-0007-sw0.50-half_life_2-plain,True,
s2-A-0007-sw0.50-half_life_2-domain_augmented,True,
s2-A-0007-sw0.50-half_life_4-plain,True,
s2-A-0007-sw0.50-half_life_4-domain_augmented,True,
s2-A-0007-sw0.50-half_life_6-plain,True,
s2-A-0007-sw0.50-half_life_6-domain_augmented,True,
s2-A-0007-ensemble-0.25,True,requires compatible top pair
s2-A-0007-ensemble-0.50,True,requires compatible top pair
s2-A-0007-ensemble-0.75,True,requires compatible top pair
s2-A-0008-sw0.00-all_history-plain,True,
s2-A-0008-sw0.00-all_history-domain_augmented,True,
s2-A-0008-sw0.00-five_year-plain,True,
s2-A-0008-sw0.00-five_year-domain_augmented,True,
s2-A-0008-sw0.00-half_life_2-plain,True,
s2-A-0008-sw0.00-half_life_2-domain_augmented,True,
s2-A-0008-sw0.00-half_life_4-plain,True,
s2-A-0008-sw0.00-half_life_4-domain_augmented,True,
s2-A-0008-sw0.00-half_life_6-plain,True,
s2-A-0008-sw0.00-half_life_6-domain_augmented,True,
s2-A-0008-sw0.10-all_history-plain,True,
s2-A-0008-sw0.10-all_history-domain_augmented,True,
s2-A-0008-sw0.10-five_year-plain,True,
s2-A-0008-sw0.10-five_year-domain_augmented,True,
s2-A-0008-sw0.10-half_life_2-plain,True,
s2-A-0008-sw0.10-half_life_2-domain_augmented,True,
s2-A-0008-sw0.10-half_life_4-plain,True,
s2-A-0008-sw0.10-half_life_4-domain_augmented,True,
s2-A-0008-sw0.10-half_life_6-plain,True,
s2-A-0008-sw0.10-half_life_6-domain_augmented,True,
s2-A-0008-sw0.25-all_history-plain,True,
s2-A-0008-sw0.25-all_history-domain_augmented,True,
s2-A-0008-sw0.25-five_year-plain,True,
s2-A-0008-sw0.25-five_year-domain_augmented,True,
s2-A-0008-sw0.25-half_life_2-plain,True,
s2-A-0008-sw0.25-half_life_2-domain_augmented,True,
s2-A-0008-sw0.25-half_life_4-plain,True,
s2-A-0008-sw0.25-half_life_4-domain_augmented,True,
s2-A-0008-sw0.25-half_life_6-plain,True,
s2-A-0008-sw0.25-half_life_6-domain_augmented,True,
s2-A-0008-sw0.50-all_history-plain,True,
s2-A-0008-sw0.50-all_history-domain_augmented,True,
s2-A-0008-sw0.50-five_year-plain,True,
s2-A-0008-sw0.50-five_year-domain_augmented,True,
s2-A-0008-sw0.50-half_life_2-plain,True,
s2-A-0008-sw0.50-half_life_2-domain_augmented,True,
s2-A-0008-sw0.50-half_life_4-plain,True,
s2-A-0008-sw0.50-half_life_4-domain_augmented,True,
s2-A-0008-sw0.50-half_life_6-plain,True,
s2-A-0008-sw0.50-half_life_6-domain_augmented,True,
s2-A-0008-ensemble-0.25,True,requires compatible top pair
s2-A-0008-ensemble-0.50,True,requires compatible top pair
s2-A-0008-ensemble-0.75,True,requires compatible top pair
s2-A-0009-sw0.00-all_history-plain,True,
s2-A-0009-sw0.00-all_history-domain_augmented,True,
s2-A-0009-sw0.00-five_year-plain,True,
s2-A-0009-sw0.00-five_year-domain_augmented,True,
s2-A-0009-sw0.00-half_life_2-plain,True,
s2-A-0009-sw0.00-half_life_2-domain_augmented,True,
s2-A-0009-sw0.00-half_life_4-plain,True,
s2-A-0009-sw0.00-half_life_4-domain_augmented,True,
s2-A-0009-sw0.00-half_life_6-plain,True,
s2-A-0009-sw0.00-half_life_6-domain_augmented,True,
s2-A-0009-sw0.10-all_history-plain,True,
s2-A-0009-sw0.10-all_history-domain_augmented,True,
s2-A-0009-sw0.10-five_year-plain,True,
s2-A-0009-sw0.10-five_year-domain_augmented,True,
s2-A-0009-sw0.10-half_life_2-plain,True,
s2-A-0009-sw0.10-half_life_2-domain_augmented,True,
s2-A-0009-sw0.10-half_life_4-plain,True,
s2-A-0009-sw0.10-half_life_4-domain_augmented,True,
s2-A-0009-sw0.10-half_life_6-plain,True,
s2-A-0009-sw0.10-half_life_6-domain_augmented,True,
s2-A-0009-sw0.25-all_history-plain,True,
s2-A-0009-sw0.25-all_history-domain_augmented,True,
s2-A-0009-sw0.25-five_year-plain,True,
s2-A-0009-sw0.25-five_year-domain_augmented,True,
s2-A-0009-sw0.25-half_life_2-plain,True,
s2-A-0009-sw0.25-half_life_2-domain_augmented,True,
s2-A-0009-sw0.25-half_life_4-plain,True,
s2-A-0009-sw0.25-half_life_4-domain_augmented,True,
s2-A-0009-sw0.25-half_life_6-plain,True,
s2-A-0009-sw0.25-half_life_6-domain_augmented,True,
s2-A-0009-sw0.50-all_history-plain,True,
s2-A-0009-sw0.50-all_history-domain_augmented,True,
s2-A-0009-sw0.50-five_year-plain,True,
s2-A-0009-sw0.50-five_year-domain_augmented,True,
s2-A-0009-sw0.50-half_life_2-plain,True,
s2-A-0009-sw0.50-half_life_2-domain_augmented,True,
s2-A-0009-sw0.50-half_life_4-plain,True,
s2-A-0009-sw0.50-half_life_4-domain_augmented,True,
s2-A-0009-sw0.50-half_life_6-plain,True,
s2-A-0009-sw0.50-half_life_6-domain_augmented,True,
s2-A-0009-ensemble-0.25,True,requires compatible top pair
s2-A-0009-ensemble-0.50,True,requires compatible top pair
s2-A-0009-ensemble-0.75,True,requires compatible top pair
s2-A-0010-sw0.00-all_history-plain,True,
s2-A-0010-sw0.00-all_history-domain_augmented,True,
s2-A-0010-sw0.00-five_year-plain,True,
s2-A-0010-sw0.00-five_year-domain_augmented,True,
s2-A-0010-sw0.00-half_life_2-plain,True,
s2-A-0010-sw0.00-half_life_2-domain_augmented,True,
s2-A-0010-sw0.00-half_life_4-plain,True,
s2-A-0010-sw0.00-half_life_4-domain_augmented,True,
s2-A-0010-sw0.00-half_life_6-plain,True,
s2-A-0010-sw0.00-half_life_6-domain_augmented,True,
s2-A-0010-sw0.10-all_history-plain,True,
s2-A-0010-sw0.10-all_history-domain_augmented,True,
s2-A-0010-sw0.10-five_year-plain,True,
s2-A-0010-sw0.10-five_year-domain_augmented,True,
s2-A-0010-sw0.10-half_life_2-plain,True,
s2-A-0010-sw0.10-half_life_2-domain_augmented,True,
s2-A-0010-sw0.10-half_life_4-plain,True,
s2-A-0010-sw0.10-half_life_4-domain_augmented,True,
s2-A-0010-sw0.10-half_life_6-plain,True,
s2-A-0010-sw0.10-half_life_6-domain_augmented,True,
s2-A-0010-sw0.25-all_history-plain,True,
s2-A-0010-sw0.25-all_history-domain_augmented,True,
s2-A-0010-sw0.25-five_year-plain,True,
s2-A-0010-sw0.25-five_year-domain_augmented,True,
s2-A-0010-sw0.25-half_life_2-plain,True,
s2-A-0010-sw0.25-half_life_2-domain_augmented,True,
s2-A-0010-sw0.25-half_life_4-plain,True,
s2-A-0010-sw0.25-half_life_4-domain_augmented,True,
s2-A-0010-sw0.25-half_life_6-plain,True,
s2-A-0010-sw0.25-half_life_6-domain_augmented,True,
s2-A-0010-sw0.50-all_history-plain,True,
s2-A-0010-sw0.50-all_history-domain_augmented,True,
s2-A-0010-sw0.50-five_year-plain,True,
s2-A-0010-sw0.50-five_year-domain_augmented,True,
s2-A-0010-sw0.50-half_life_2-plain,True,
s2-A-0010-sw0.50-half_life_2-domain_augmented,True,
s2-A-0010-sw0.50-half_life_4-plain,True,
s2-A-0010-sw0.50-half_life_4-domain_augmented,True,
s2-A-0010-sw0.50-half_life_6-plain,True,
s2-A-0010-sw0.50-half_life_6-domain_augmented,True,
s2-A-0010-ensemble-0.25,True,requires compatible top pair
s2-A-0010-ensemble-0.50,True,requires compatible top pair
s2-A-0010-ensemble-0.75,True,requires compatible top pair
s2-A-0011-sw0.00-all_history-plain,True,
s2-A-0011-sw0.00-all_history-domain_augmented,True,
s2-A-0011-sw0.00-five_year-plain,True,
s2-A-0011-sw0.00-five_year-domain_augmented,True,
s2-A-0011-sw0.00-half_life_2-plain,True,
s2-A-0011-sw0.00-half_life_2-domain_augmented,True,
s2-A-0011-sw0.00-half_life_4-plain,True,
s2-A-0011-sw0.00-half_life_4-domain_augmented,True,
s2-A-0011-sw0.00-half_life_6-plain,True,
s2-A-0011-sw0.00-half_life_6-domain_augmented,True,
s2-A-0011-sw0.10-all_history-plain,True,
s2-A-0011-sw0.10-all_history-domain_augmented,True,
s2-A-0011-sw0.10-five_year-plain,True,
s2-A-0011-sw0.10-five_year-domain_augmented,True,
s2-A-0011-sw0.10-half_life_2-plain,True,
s2-A-0011-sw0.10-half_life_2-domain_augmented,True,
s2-A-0011-sw0.10-half_life_4-plain,True,
s2-A-0011-sw0.10-half_life_4-domain_augmented,True,
s2-A-0011-sw0.10-half_life_6-plain,True,
s2-A-0011-sw0.10-half_life_6-domain_augmented,True,
s2-A-0011-sw0.25-all_history-plain,True,
s2-A-0011-sw0.25-all_history-domain_augmented,True,
s2-A-0011-sw0.25-five_year-plain,True,
s2-A-0011-sw0.25-five_year-domain_augmented,True,
s2-A-0011-sw0.25-half_life_2-plain,True,
s2-A-0011-sw0.25-half_life_2-domain_augmented,True,
s2-A-0011-sw0.25-half_life_4-plain,True,
s2-A-0011-sw0.25-half_life_4-domain_augmented,True,
s2-A-0011-sw0.25-half_life_6-plain,True,
s2-A-0011-sw0.25-half_life_6-domain_augmented,True,
s2-A-0011-sw0.50-all_history-plain,True,
s2-A-0011-sw0.50-all_history-domain_augmented,True,
s2-A-0011-sw0.50-five_year-plain,True,
s2-A-0011-sw0.50-five_year-domain_augmented,True,
s2-A-0011-sw0.50-half_life_2-plain,True,
s2-A-0011-sw0.50-half_life_2-domain_augmented,True,
s2-A-0011-sw0.50-half_life_4-plain,True,
s2-A-0011-sw0.50-half_life_4-domain_augmented,True,
s2-A-0011-sw0.50-half_life_6-plain,True,
s2-A-0011-sw0.50-half_life_6-domain_augmented,True,
s2-A-0011-ensemble-0.25,True,requires compatible top pair
s2-A-0011-ensemble-0.50,True,requires compatible top pair
s2-A-0011-ensemble-0.75,True,requires compatible top pair
s2-A-0012-sw0.00-all_history-plain,True,
s2-A-0012-sw0.00-all_history-domain_augmented,True,
s2-A-0012-sw0.00-five_year-plain,True,
s2-A-0012-sw0.00-five_year-domain_augmented,True,
s2-A-0012-sw0.00-half_life_2-plain,True,
s2-A-0012-sw0.00-half_life_2-domain_augmented,True,
s2-A-0012-sw0.00-half_life_4-plain,True,
s2-A-0012-sw0.00-half_life_4-domain_augmented,True,
s2-A-0012-sw0.00-half_life_6-plain,True,
s2-A-0012-sw0.00-half_life_6-domain_augmented,True,
s2-A-0012-sw0.10-all_history-plain,True,
s2-A-0012-sw0.10-all_history-domain_augmented,True,
s2-A-0012-sw0.10-five_year-plain,True,
s2-A-0012-sw0.10-five_year-domain_augmented,True,
s2-A-0012-sw0.10-half_life_2-plain,True,
s2-A-0012-sw0.10-half_life_2-domain_augmented,True,
s2-A-0012-sw0.10-half_life_4-plain,True,
s2-A-0012-sw0.10-half_life_4-domain_augmented,True,
s2-A-0012-sw0.10-half_life_6-plain,True,
s2-A-0012-sw0.10-half_life_6-domain_augmented,True,
s2-A-0012-sw0.25-all_history-plain,True,
s2-A-0012-sw0.25-all_history-domain_augmented,True,
s2-A-0012-sw0.25-five_year-plain,True,
s2-A-0012-sw0.25-five_year-domain_augmented,True,
s2-A-0012-sw0.25-half_life_2-plain,True,
s2-A-0012-sw0.25-half_life_2-domain_augmented,True,
s2-A-0012-sw0.25-half_life_4-plain,True,
s2-A-0012-sw0.25-half_life_4-domain_augmented,True,
s2-A-0012-sw0.25-half_life_6-plain,True,
s2-A-0012-sw0.25-half_life_6-domain_augmented,True,
s2-A-0012-sw0.50-all_history-plain,True,
s2-A-0012-sw0.50-all_history-domain_augmented,True,
s2-A-0012-sw0.50-five_year-plain,True,
s2-A-0012-sw0.50-five_year-domain_augmented,True,
s2-A-0012-sw0.50-half_life_2-plain,True,
s2-A-0012-sw0.50-half_life_2-domain_augmented,True,
s2-A-0012-sw0.50-half_life_4-plain,True,
s2-A-0012-sw0.50-half_life_4-domain_augmented,True,
s2-A-0012-sw0.50-half_life_6-plain,True,
s2-A-0012-sw0.50-half_life_6-domain_augmented,True,
s2-A-0013-sw0.00-all_history-plain,True,
s2-A-0013-sw0.00-all_history-domain_augmented,True,
s2-A-0013-sw0.00-five_year-plain,True,
s2-A-0013-sw0.00-five_year-domain_augmented,True,
s2-A-0013-sw0.00-half_life_2-plain,True,
s2-A-0013-sw0.00-half_life_2-domain_augmented,True,
s2-A-0013-sw0.00-half_life_4-plain,True,
s2-A-0013-sw0.00-half_life_4-domain_augmented,True,
s2-A-0013-sw0.00-half_life_6-plain,True,
s2-A-0013-sw0.00-half_life_6-domain_augmented,True,
s2-A-0013-sw0.10-all_history-plain,True,
s2-A-0013-sw0.10-all_history-domain_augmented,True,
s2-A-0013-sw0.10-five_year-plain,True,
s2-A-0013-sw0.10-five_year-domain_augmented,True,
s2-A-0013-sw0.10-half_life_2-plain,True,
s2-A-0013-sw0.10-half_life_2-domain_augmented,True,
s2-A-0013-sw0.10-half_life_4-plain,True,
s2-A-0013-sw0.10-half_life_4-domain_augmented,True,
s2-A-0013-sw0.10-half_life_6-plain,True,
s2-A-0013-sw0.10-half_life_6-domain_augmented,True,
s2-A-0013-sw0.25-all_history-plain,True,
s2-A-0013-sw0.25-all_history-domain_augmented,True,
s2-A-0013-sw0.25-five_year-plain,True,
s2-A-0013-sw0.25-five_year-domain_augmented,True,
s2-A-0013-sw0.25-half_life_2-plain,True,
s2-A-0013-sw0.25-half_life_2-domain_augmented,True,
s2-A-0013-sw0.25-half_life_4-plain,True,
s2-A-0013-sw0.25-half_life_4-domain_augmented,True,
s2-A-0013-sw0.25-half_life_6-plain,True,
s2-A-0013-sw0.25-half_life_6-domain_augmented,True,
s2-A-0013-sw0.50-all_history-plain,True,
s2-A-0013-sw0.50-all_history-domain_augmented,True,
s2-A-0013-sw0.50-five_year-plain,True,
s2-A-0013-sw0.50-five_year-domain_augmented,True,
s2-A-0013-sw0.50-half_life_2-plain,True,
s2-A-0013-sw0.50-half_life_2-domain_augmented,True,
s2-A-0013-sw0.50-half_life_4-plain,True,
s2-A-0013-sw0.50-half_life_4-domain_augmented,True,
s2-A-0013-sw0.50-half_life_6-plain,True,
s2-A-0013-sw0.50-half_life_6-domain_augmented,True,
s2-A-0014-sw0.00-all_history-plain,True,
s2-A-0014-sw0.00-all_history-domain_augmented,True,
s2-A-0014-sw0.00-five_year-plain,True,
s2-A-0014-sw0.00-five_year-domain_augmented,True,
s2-A-0014-sw0.00-half_life_2-plain,True,
s2-A-0014-sw0.00-half_life_2-domain_augmented,True,
s2-A-0014-sw0.00-half_life_4-plain,True,
s2-A-0014-sw0.00-half_life_4-domain_augmented,True,
s2-A-0014-sw0.00-half_life_6-plain,True,
s2-A-0014-sw0.00-half_life_6-domain_augmented,True,
s2-A-0014-sw0.10-all_history-plain,True,
s2-A-0014-sw0.10-all_history-domain_augmented,True,
s2-A-0014-sw0.10-five_year-plain,True,
s2-A-0014-sw0.10-five_year-domain_augmented,True,
s2-A-0014-sw0.10-half_life_2-plain,True,
s2-A-0014-sw0.10-half_life_2-domain_augmented,True,
s2-A-0014-sw0.10-half_life_4-plain,True,
s2-A-0014-sw0.10-half_life_4-domain_augmented,True,
s2-A-0014-sw0.10-half_life_6-plain,True,
s2-A-0014-sw0.10-half_life_6-domain_augmented,True,
s2-A-0014-sw0.25-all_history-plain,True,
s2-A-0014-sw0.25-all_history-domain_augmented,True,
s2-A-0014-sw0.25-five_year-plain,True,
s2-A-0014-sw0.25-five_year-domain_augmented,True,
s2-A-0014-sw0.25-half_life_2-plain,True,
s2-A-0014-sw0.25-half_life_2-domain_augmented,True,
s2-A-0014-sw0.25-half_life_4-plain,True,
s2-A-0014-sw0.25-half_life_4-domain_augmented,True,
s2-A-0014-sw0.25-half_life_6-plain,True,
s2-A-0014-sw0.25-half_life_6-domain_augmented,True,
s2-A-0014-sw0.50-all_history-plain,True,
s2-A-0014-sw0.50-all_history-domain_augmented,True,
s2-A-0014-sw0.50-five_year-plain,True,
s2-A-0014-sw0.50-five_year-domain_augmented,True,
s2-A-0014-sw0.50-half_life_2-plain,True,
s2-A-0014-sw0.50-half_life_2-domain_augmented,True,
s2-A-0014-sw0.50-half_life_4-plain,True,
s2-A-0014-sw0.50-half_life_4-domain_augmented,True,
s2-A-0014-sw0.50-half_life_6-plain,True,
s2-A-0014-sw0.50-half_life_6-domain_augmented,True,
s2-A-0015-sw0.00-all_history-plain,True,
s2-A-0015-sw0.00-all_history-domain_augmented,True,
s2-A-0015-sw0.00-five_year-plain,True,
s2-A-0015-sw0.00-five_year-domain_augmented,True,
s2-A-0015-sw0.00-half_life_2-plain,True,
s2-A-0015-sw0.00-half_life_2-domain_augmented,True,
s2-A-0015-sw0.00-half_life_4-plain,True,
s2-A-0015-sw0.00-half_life_4-domain_augmented,True,
s2-A-0015-sw0.00-half_life_6-plain,True,
s2-A-0015-sw0.00-half_life_6-domain_augmented,True,
s2-A-0015-sw0.10-all_history-plain,True,
s2-A-0015-sw0.10-all_history-domain_augmented,True,
s2-A-0015-sw0.10-five_year-plain,True,
s2-A-0015-sw0.10-five_year-domain_augmented,True,
s2-A-0015-sw0.10-half_life_2-plain,True,
s2-A-0015-sw0.10-half_life_2-domain_augmented,True,
s2-A-0015-sw0.10-half_life_4-plain,True,
s2-A-0015-sw0.10-half_life_4-domain_augmented,True,
s2-A-0015-sw0.10-half_life_6-plain,True,
s2-A-0015-sw0.10-half_life_6-domain_augmented,True,
s2-A-0015-sw0.25-all_history-plain,True,
s2-A-0015-sw0.25-all_history-domain_augmented,True,
s2-A-0015-sw0.25-five_year-plain,True,
s2-A-0015-sw0.25-five_year-domain_augmented,True,
s2-A-0015-sw0.25-half_life_2-plain,True,
s2-A-0015-sw0.25-half_life_2-domain_augmented,True,
s2-A-0015-sw0.25-half_life_4-plain,True,
s2-A-0015-sw0.25-half_life_4-domain_augmented,True,
s2-A-0015-sw0.25-half_life_6-plain,True,
s2-A-0015-sw0.25-half_life_6-domain_augmented,True,
s2-A-0015-sw0.50-all_history-plain,True,
s2-A-0015-sw0.50-all_history-domain_augmented,True,
s2-A-0015-sw0.50-five_year-plain,True,
s2-A-0015-sw0.50-five_year-domain_augmented,True,
s2-A-0015-sw0.50-half_life_2-plain,True,
s2-A-0015-sw0.50-half_life_2-domain_augmented,True,
s2-A-0015-sw0.50-half_life_4-plain,True,
s2-A-0015-sw0.50-half_life_4-domain_augmented,True,
s2-A-0015-sw0.50-half_life_6-plain,True,
s2-A-0015-sw0.50-half_life_6-domain_augmented,True,
s2-A-0015-ensemble-0.25,True,requires compatible top pair
s2-A-0015-ensemble-0.50,True,requires compatible top pair
s2-A-0015-ensemble-0.75,True,requires compatible top pair
s2-A-0016-sw0.00-all_history-plain,True,
s2-A-0016-sw0.00-all_history-domain_augmented,True,
s2-A-0016-sw0.00-five_year-plain,True,
s2-A-0016-sw0.00-five_year-domain_augmented,True,
s2-A-0016-sw0.00-half_life_2-plain,True,
s2-A-0016-sw0.00-half_life_2-domain_augmented,True,
s2-A-0016-sw0.00-half_life_4-plain,True,
s2-A-0016-sw0.00-half_life_4-domain_augmented,True,
s2-A-0016-sw0.00-half_life_6-plain,True,
s2-A-0016-sw0.00-half_life_6-domain_augmented,True,
s2-A-0016-sw0.10-all_history-plain,True,
s2-A-0016-sw0.10-all_history-domain_augmented,True,
s2-A-0016-sw0.10-five_year-plain,True,
s2-A-0016-sw0.10-five_year-domain_augmented,True,
s2-A-0016-sw0.10-half_life_2-plain,True,
s2-A-0016-sw0.10-half_life_2-domain_augmented,True,
s2-A-0016-sw0.10-half_life_4-plain,True,
s2-A-0016-sw0.10-half_life_4-domain_augmented,True,
s2-A-0016-sw0.10-half_life_6-plain,True,
s2-A-0016-sw0.10-half_life_6-domain_augmented,True,
s2-A-0016-sw0.25-all_history-plain,True,
s2-A-0016-sw0.25-all_history-domain_augmented,True,
s2-A-0016-sw0.25-five_year-plain,True,
s2-A-0016-sw0.25-five_year-domain_augmented,True,
s2-A-0016-sw0.25-half_life_2-plain,True,
s2-A-0016-sw0.25-half_life_2-domain_augmented,True,
s2-A-0016-sw0.25-half_life_4-plain,True,
s2-A-0016-sw0.25-half_life_4-domain_augmented,True,
s2-A-0016-sw0.25-half_life_6-plain,True,
s2-A-0016-sw0.25-half_life_6-domain_augmented,True,
s2-A-0016-sw0.50-all_history-plain,True,
s2-A-0016-sw0.50-all_history-domain_augmented,True,
s2-A-0016-sw0.50-five_year-plain,True,
s2-A-0016-sw0.50-five_year-domain_augmented,True,
s2-A-0016-sw0.50-half_life_2-plain,True,
s2-A-0016-sw0.50-half_life_2-domain_augmented,True,
s2-A-0016-sw0.50-half_life_4-plain,True,
s2-A-0016-sw0.50-half_life_4-domain_augmented,True,
s2-A-0016-sw0.50-half_life_6-plain,True,
s2-A-0016-sw0.50-half_life_6-domain_augmented,True,
s2-A-0016-ensemble-0.25,True,requires compatible top pair
s2-A-0016-ensemble-0.50,True,requires compatible top pair
s2-A-0016-ensemble-0.75,True,requires compatible top pair
s2-A-0017-sw0.00-all_history-plain,True,
s2-A-0017-sw0.00-all_history-domain_augmented,True,
s2-A-0017-sw0.00-five_year-plain,True,
s2-A-0017-sw0.00-five_year-domain_augmented,True,
s2-A-0017-sw0.00-half_life_2-plain,True,
s2-A-0017-sw0.00-half_life_2-domain_augmented,True,
s2-A-0017-sw0.00-half_life_4-plain,True,
s2-A-0017-sw0.00-half_life_4-domain_augmented,True,
s2-A-0017-sw0.00-half_life_6-plain,True,
s2-A-0017-sw0.00-half_life_6-domain_augmented,True,
s2-A-0017-sw0.10-all_history-plain,True,
s2-A-0017-sw0.10-all_history-domain_augmented,True,
s2-A-0017-sw0.10-five_year-plain,True,
s2-A-0017-sw0.10-five_year-domain_augmented,True,
s2-A-0017-sw0.10-half_life_2-plain,True,
s2-A-0017-sw0.10-half_life_2-domain_augmented,True,
s2-A-0017-sw0.10-half_life_4-plain,True,
s2-A-0017-sw0.10-half_life_4-domain_augmented,True,
s2-A-0017-sw0.10-half_life_6-plain,True,
s2-A-0017-sw0.10-half_life_6-domain_augmented,True,
s2-A-0017-sw0.25-all_history-plain,True,
s2-A-0017-sw0.25-all_history-domain_augmented,True,
s2-A-0017-sw0.25-five_year-plain,True,
s2-A-0017-sw0.25-five_year-domain_augmented,True,
s2-A-0017-sw0.25-half_life_2-plain,True,
s2-A-0017-sw0.25-half_life_2-domain_augmented,True,
s2-A-0017-sw0.25-half_life_4-plain,True,
s2-A-0017-sw0.25-half_life_4-domain_augmented,True,
s2-A-0017-sw0.25-half_life_6-plain,True,
s2-A-0017-sw0.25-half_life_6-domain_augmented,True,
s2-A-0017-sw0.50-all_history-plain,True,
s2-A-0017-sw0.50-all_history-domain_augmented,True,
s2-A-0017-sw0.50-five_year-plain,True,
s2-A-0017-sw0.50-five_year-domain_augmented,True,
s2-A-0017-sw0.50-half_life_2-plain,True,
s2-A-0017-sw0.50-half_life_2-domain_augmented,True,
s2-A-0017-sw0.50-half_life_4-plain,True,
s2-A-0017-sw0.50-half_life_4-domain_augmented,True,
s2-A-0017-sw0.50-half_life_6-plain,True,
s2-A-0017-sw0.50-half_life_6-domain_augmented,True,
s2-A-0017-ensemble-0.25,True,requires compatible top pair
s2-A-0017-ensemble-0.50,True,requires compatible top pair
s2-A-0017-ensemble-0.75,True,requires compatible top pair
s2-A-0018-sw0.00-all_history-plain,True,
s2-A-0018-sw0.00-all_history-domain_augmented,True,
s2-A-0018-sw0.00-five_year-plain,True,
s2-A-0018-sw0.00-five_year-domain_augmented,True,
s2-A-0018-sw0.00-half_life_2-plain,True,
s2-A-0018-sw0.00-half_life_2-domain_augmented,True,
s2-A-0018-sw0.00-half_life_4-plain,True,
s2-A-0018-sw0.00-half_life_4-domain_augmented,True,
s2-A-0018-sw0.00-half_life_6-plain,True,
s2-A-0018-sw0.00-half_life_6-domain_augmented,True,
s2-A-0018-sw0.10-all_history-plain,True,
s2-A-0018-sw0.10-all_history-domain_augmented,True,
s2-A-0018-sw0.10-five_year-plain,True,
s2-A-0018-sw0.10-five_year-domain_augmented,True,
s2-A-0018-sw0.10-half_life_2-plain,True,
s2-A-0018-sw0.10-half_life_2-domain_augmented,True,
s2-A-0018-sw0.10-half_life_4-plain,True,
s2-A-0018-sw0.10-half_life_4-domain_augmented,True,
s2-A-0018-sw0.10-half_life_6-plain,True,
s2-A-0018-sw0.10-half_life_6-domain_augmented,True,
s2-A-0018-sw0.25-all_history-plain,True,
s2-A-0018-sw0.25-all_history-domain_augmented,True,
s2-A-0018-sw0.25-five_year-plain,True,
s2-A-0018-sw0.25-five_year-domain_augmented,True,
s2-A-0018-sw0.25-half_life_2-plain,True,
s2-A-0018-sw0.25-half_life_2-domain_augmented,True,
s2-A-0018-sw0.25-half_life_4-plain,True,
s2-A-0018-sw0.25-half_life_4-domain_augmented,True,
s2-A-0018-sw0.25-half_life_6-plain,True,
s2-A-0018-sw0.25-half_life_6-domain_augmented,True,
s2-A-0018-sw0.50-all_history-plain,True,
s2-A-0018-sw0.50-all_history-domain_augmented,True,
s2-A-0018-sw0.50-five_year-plain,True,
s2-A-0018-sw0.50-five_year-domain_augmented,True,
s2-A-0018-sw0.50-half_life_2-plain,True,
s2-A-0018-sw0.50-half_life_2-domain_augmented,True,
s2-A-0018-sw0.50-half_life_4-plain,True,
s2-A-0018-sw0.50-half_life_4-domain_augmented,True,
s2-A-0018-sw0.50-half_life_6-plain,True,
s2-A-0018-sw0.50-half_life_6-domain_augmented,True,
s2-A-0018-ensemble-0.25,True,requires compatible top pair
s2-A-0018-ensemble-0.50,True,requires compatible top pair
s2-A-0018-ensemble-0.75,True,requires compatible top pair
s2-A-0019-sw0.00-all_history-plain,True,
s2-A-0019-sw0.00-all_history-domain_augmented,True,
s2-A-0019-sw0.00-five_year-plain,True,
s2-A-0019-sw0.00-five_year-domain_augmented,True,
s2-A-0019-sw0.00-half_life_2-plain,True,
s2-A-0019-sw0.00-half_life_2-domain_augmented,True,
s2-A-0019-sw0.00-half_life_4-plain,True,
s2-A-0019-sw0.00-half_life_4-domain_augmented,True,
s2-A-0019-sw0.00-half_life_6-plain,True,
s2-A-0019-sw0.00-half_life_6-domain_augmented,True,
s2-A-0019-sw0.10-all_history-plain,True,
s2-A-0019-sw0.10-all_history-domain_augmented,True,
s2-A-0019-sw0.10-five_year-plain,True,
s2-A-0019-sw0.10-five_year-domain_augmented,True,
s2-A-0019-sw0.10-half_life_2-plain,True,
s2-A-0019-sw0.10-half_life_2-domain_augmented,True,
s2-A-0019-sw0.10-half_life_4-plain,True,
s2-A-0019-sw0.10-half_life_4-domain_augmented,True,
s2-A-0019-sw0.10-half_life_6-plain,True,
s2-A-0019-sw0.10-half_life_6-domain_augmented,True,
s2-A-0019-sw0.25-all_history-plain,True,
s2-A-0019-sw0.25-all_history-domain_augmented,True,
s2-A-0019-sw0.25-five_year-plain,True,
s2-A-0019-sw0.25-five_year-domain_augmented,True,
s2-A-0019-sw0.25-half_life_2-plain,True,
s2-A-0019-sw0.25-half_life_2-domain_augmented,True,
s2-A-0019-sw0.25-half_life_4-plain,True,
s2-A-0019-sw0.25-half_life_4-domain_augmented,True,
s2-A-0019-sw0.25-half_life_6-plain,True,
s2-A-0019-sw0.25-half_life_6-domain_augmented,True,
s2-A-0019-sw0.50-all_history-plain,True,
s2-A-0019-sw0.50-all_history-domain_augmented,True,
s2-A-0019-sw0.50-five_year-plain,True,
s2-A-0019-sw0.50-five_year-domain_augmented,True,
s2-A-0019-sw0.50-half_life_2-plain,True,
s2-A-0019-sw0.50-half_life_2-domain_augmented,True,
s2-A-0019-sw0.50-half_life_4-plain,True,
s2-A-0019-sw0.50-half_life_4-domain_augmented,True,
s2-A-0019-sw0.50-half_life_6-plain,True,
s2-A-0019-sw0.50-half_life_6-domain_augmented,True,
s2-A-0019-ensemble-0.25,True,requires compatible top pair
s2-A-0019-ensemble-0.50,True,requires compatible top pair
s2-A-0019-ensemble-0.75,True,requires compatible top pair
s2-A-0020-sw0.00-all_history-plain,True,
s2-A-0020-sw0.00-all_history-domain_augmented,True,
s2-A-0020-sw0.00-five_year-plain,True,
s2-A-0020-sw0.00-five_year-domain_augmented,True,
s2-A-0020-sw0.00-half_life_2-plain,True,
s2-A-0020-sw0.00-half_life_2-domain_augmented,True,
s2-A-0020-sw0.00-half_life_4-plain,True,
s2-A-0020-sw0.00-half_life_4-domain_augmented,True,
s2-A-0020-sw0.00-half_life_6-plain,True,
s2-A-0020-sw0.00-half_life_6-domain_augmented,True,
s2-A-0020-sw0.10-all_history-plain,True,
s2-A-0020-sw0.10-all_history-domain_augmented,True,
s2-A-0020-sw0.10-five_year-plain,True,
s2-A-0020-sw0.10-five_year-domain_augmented,True,
s2-A-0020-sw0.10-half_life_2-plain,True,
s2-A-0020-sw0.10-half_life_2-domain_augmented,True,
s2-A-0020-sw0.10-half_life_4-plain,True,
s2-A-0020-sw0.10-half_life_4-domain_augmented,True,
s2-A-0020-sw0.10-half_life_6-plain,True,
s2-A-0020-sw0.10-half_life_6-domain_augmented,True,
s2-A-0020-sw0.25-all_history-plain,True,
s2-A-0020-sw0.25-all_history-domain_augmented,True,
s2-A-0020-sw0.25-five_year-plain,True,
s2-A-0020-sw0.25-five_year-domain_augmented,True,
s2-A-0020-sw0.25-half_life_2-plain,True,
s2-A-0020-sw0.25-half_life_2-domain_augmented,True,
s2-A-0020-sw0.25-half_life_4-plain,True,
s2-A-0020-sw0.25-half_life_4-domain_augmented,True,
s2-A-0020-sw0.25-half_life_6-plain,True,
s2-A-0020-sw0.25-half_life_6-domain_augmented,True,
s2-A-0020-sw0.50-all_history-plain,True,
s2-A-0020-sw0.50-all_history-domain_augmented,True,
s2-A-0020-sw0.50-five_year-plain,True,
s2-A-0020-sw0.50-five_year-domain_augmented,True,
s2-A-0020-sw0.50-half_life_2-plain,True,
s2-A-0020-sw0.50-half_life_2-domain_augmented,True,
s2-A-0020-sw0.50-half_life_4-plain,True,
s2-A-0020-sw0.50-half_life_4-domain_augmented,True,
s2-A-0020-sw0.50-half_life_6-plain,True,
s2-A-0020-sw0.50-half_life_6-domain_augmented,True,
s2-A-0020-ensemble-0.25,True,requires compatible top pair
s2-A-0020-ensemble-0.50,True,requires compatible top pair
s2-A-0020-ensemble-0.75,True,requires compatible top pair
s2-A-0021-sw0.00-all_history-plain,True,
s2-A-0021-sw0.00-all_history-domain_augmented,True,
s2-A-0021-sw0.00-five_year-plain,True,
s2-A-0021-sw0.00-five_year-domain_augmented,True,
s2-A-0021-sw0.00-half_life_2-plain,True,
s2-A-0021-sw0.00-half_life_2-domain_augmented,True,
s2-A-0021-sw0.00-half_life_4-plain,True,
s2-A-0021-sw0.00-half_life_4-domain_augmented,True,
s2-A-0021-sw0.00-half_life_6-plain,True,
s2-A-0021-sw0.00-half_life_6-domain_augmented,True,
s2-A-0021-sw0.10-all_history-plain,True,
s2-A-0021-sw0.10-all_history-domain_augmented,True,
s2-A-0021-sw0.10-five_year-plain,True,
s2-A-0021-sw0.10-five_year-domain_augmented,True,
s2-A-0021-sw0.10-half_life_2-plain,True,
s2-A-0021-sw0.10-half_life_2-domain_augmented,True,
s2-A-0021-sw0.10-half_life_4-plain,True,
s2-A-0021-sw0.10-half_life_4-domain_augmented,True,
s2-A-0021-sw0.10-half_life_6-plain,True,
s2-A-0021-sw0.10-half_life_6-domain_augmented,True,
s2-A-0021-sw0.25-all_history-plain,True,
s2-A-0021-sw0.25-all_history-domain_augmented,True,
s2-A-0021-sw0.25-five_year-plain,True,
s2-A-0021-sw0.25-five_year-domain_augmented,True,
s2-A-0021-sw0.25-half_life_2-plain,True,
s2-A-0021-sw0.25-half_life_2-domain_augmented,True,
s2-A-0021-sw0.25-half_life_4-plain,True,
s2-A-0021-sw0.25-half_life_4-domain_augmented,True,
s2-A-0021-sw0.25-half_life_6-plain,True,
s2-A-0021-sw0.25-half_life_6-domain_augmented,True,
s2-A-0021-sw0.50-all_history-plain,True,
s2-A-0021-sw0.50-all_history-domain_augmented,True,
s2-A-0021-sw0.50-five_year-plain,True,
s2-A-0021-sw0.50-five_year-domain_augmented,True,
s2-A-0021-sw0.50-half_life_2-plain,True,
s2-A-0021-sw0.50-half_life_2-domain_augmented,True,
s2-A-0021-sw0.50-half_life_4-plain,True,
s2-A-0021-sw0.50-half_life_4-domain_augmented,True,
s2-A-0021-sw0.50-half_life_6-plain,True,
s2-A-0021-sw0.50-half_life_6-domain_augmented,True,
s2-A-0021-ensemble-0.25,True,requires compatible top pair
s2-A-0021-ensemble-0.50,True,requires compatible top pair
s2-A-0021-ensemble-0.75,True,requires compatible top pair
s2-A-0022-sw0.00-all_history-plain,True,
s2-A-0022-sw0.00-all_history-domain_augmented,True,
s2-A-0022-sw0.00-five_year-plain,True,
s2-A-0022-sw0.00-five_year-domain_augmented,True,
s2-A-0022-sw0.00-half_life_2-plain,True,
s2-A-0022-sw0.00-half_life_2-domain_augmented,True,
s2-A-0022-sw0.00-half_life_4-plain,True,
s2-A-0022-sw0.00-half_life_4-domain_augmented,True,
s2-A-0022-sw0.00-half_life_6-plain,True,
s2-A-0022-sw0.00-half_life_6-domain_augmented,True,
s2-A-0022-sw0.10-all_history-plain,True,
s2-A-0022-sw0.10-all_history-domain_augmented,True,
s2-A-0022-sw0.10-five_year-plain,True,
s2-A-0022-sw0.10-five_year-domain_augmented,True,
s2-A-0022-sw0.10-half_life_2-plain,True,
s2-A-0022-sw0.10-half_life_2-domain_augmented,True,
s2-A-0022-sw0.10-half_life_4-plain,True,
s2-A-0022-sw0.10-half_life_4-domain_augmented,True,
s2-A-0022-sw0.10-half_life_6-plain,True,
s2-A-0022-sw0.10-half_life_6-domain_augmented,True,
s2-A-0022-sw0.25-all_history-plain,True,
s2-A-0022-sw0.25-all_history-domain_augmented,True,
s2-A-0022-sw0.25-five_year-plain,True,
s2-A-0022-sw0.25-five_year-domain_augmented,True,
s2-A-0022-sw0.25-half_life_2-plain,True,
s2-A-0022-sw0.25-half_life_2-domain_augmented,True,
s2-A-0022-sw0.25-half_life_4-plain,True,
s2-A-0022-sw0.25-half_life_4-domain_augmented,True,
s2-A-0022-sw0.25-half_life_6-plain,True,
s2-A-0022-sw0.25-half_life_6-domain_augmented,True,
s2-A-0022-sw0.50-all_history-plain,True,
s2-A-0022-sw0.50-all_history-domain_augmented,True,
s2-A-0022-sw0.50-five_year-plain,True,
s2-A-0022-sw0.50-five_year-domain_augmented,True,
s2-A-0022-sw0.50-half_life_2-plain,True,
s2-A-0022-sw0.50-half_life_2-domain_augmented,True,
s2-A-0022-sw0.50-half_life_4-plain,True,
s2-A-0022-sw0.50-half_life_4-domain_augmented,True,
s2-A-0022-sw0.50-half_life_6-plain,True,
s2-A-0022-sw0.50-half_life_6-domain_augmented,True,
s2-A-0022-ensemble-0.25,True,requires compatible top pair
s2-A-0022-ensemble-0.50,True,requires compatible top pair
s2-A-0022-ensemble-0.75,True,requires compatible top pair
s2-A-0023-sw0.00-all_history-plain,True,
s2-A-0023-sw0.00-all_history-domain_augmented,True,
s2-A-0023-sw0.00-five_year-plain,True,
s2-A-0023-sw0.00-five_year-domain_augmented,True,
s2-A-0023-sw0.00-half_life_2-plain,True,
s2-A-0023-sw0.00-half_life_2-domain_augmented,True,
s2-A-0023-sw0.00-half_life_4-plain,True,
s2-A-0023-sw0.00-half_life_4-domain_augmented,True,
s2-A-0023-sw0.00-half_life_6-plain,True,
s2-A-0023-sw0.00-half_life_6-domain_augmented,True,
s2-A-0023-sw0.10-all_history-plain,True,
s2-A-0023-sw0.10-all_history-domain_augmented,True,
s2-A-0023-sw0.10-five_year-plain,True,
s2-A-0023-sw0.10-five_year-domain_augmented,True,
s2-A-0023-sw0.10-half_life_2-plain,True,
s2-A-0023-sw0.10-half_life_2-domain_augmented,True,
s2-A-0023-sw0.10-half_life_4-plain,True,
s2-A-0023-sw0.10-half_life_4-domain_augmented,True,
s2-A-0023-sw0.10-half_life_6-plain,True,
s2-A-0023-sw0.10-half_life_6-domain_augmented,True,
s2-A-0023-sw0.25-all_history-plain,True,
s2-A-0023-sw0.25-all_history-domain_augmented,True,
s2-A-0023-sw0.25-five_year-plain,True,
s2-A-0023-sw0.25-five_year-domain_augmented,True,
s2-A-0023-sw0.25-half_life_2-plain,True,
s2-A-0023-sw0.25-half_life_2-domain_augmented,True,
s2-A-0023-sw0.25-half_life_4-plain,True,
s2-A-0023-sw0.25-half_life_4-domain_augmented,True,
s2-A-0023-sw0.25-half_life_6-plain,True,
s2-A-0023-sw0.25-half_life_6-domain_augmented,True,
s2-A-0023-sw0.50-all_history-plain,True,
s2-A-0023-sw0.50-all_history-domain_augmented,True,
s2-A-0023-sw0.50-five_year-plain,True,
s2-A-0023-sw0.50-five_year-domain_augmented,True,
s2-A-0023-sw0.50-half_life_2-plain,True,
s2-A-0023-sw0.50-half_life_2-domain_augmented,True,
s2-A-0023-sw0.50-half_life_4-plain,True,
s2-A-0023-sw0.50-half_life_4-domain_augmented,True,
s2-A-0023-sw0.50-half_life_6-plain,True,
s2-A-0023-sw0.50-half_life_6-domain_augmented,True,
s2-A-0023-ensemble-0.25,True,requires compatible top pair
s2-A-0023-ensemble-0.50,True,requires compatible top pair
s2-A-0023-ensemble-0.75,True,requires compatible top pair
s2-A-0024-sw0.00-all_history-plain,True,
s2-A-0024-sw0.00-all_history-domain_augmented,True,
s2-A-0024-sw0.00-five_year-plain,True,
s2-A-0024-sw0.00-five_year-domain_augmented,True,
s2-A-0024-sw0.00-half_life_2-plain,True,
s2-A-0024-sw0.00-half_life_2-domain_augmented,True,
s2-A-0024-sw0.00-half_life_4-plain,True,
s2-A-0024-sw0.00-half_life_4-domain_augmented,True,
s2-A-0024-sw0.00-half_life_6-plain,True,
s2-A-0024-sw0.00-half_life_6-domain_augmented,True,
s2-A-0024-sw0.10-all_history-plain,True,
s2-A-0024-sw0.10-all_history-domain_augmented,True,
s2-A-0024-sw0.10-five_year-plain,True,
s2-A-0024-sw0.10-five_year-domain_augmented,True,
s2-A-0024-sw0.10-half_life_2-plain,True,
s2-A-0024-sw0.10-half_life_2-domain_augmented,True,
s2-A-0024-sw0.10-half_life_4-plain,True,
s2-A-0024-sw0.10-half_life_4-domain_augmented,True,
s2-A-0024-sw0.10-half_life_6-plain,True,
s2-A-0024-sw0.10-half_life_6-domain_augmented,True,
s2-A-0024-sw0.25-all_history-plain,True,
s2-A-0024-sw0.25-all_history-domain_augmented,True,
s2-A-0024-sw0.25-five_year-plain,True,
s2-A-0024-sw0.25-five_year-domain_augmented,True,
s2-A-0024-sw0.25-half_life_2-plain,True,
s2-A-0024-sw0.25-half_life_2-domain_augmented,True,
s2-A-0024-sw0.25-half_life_4-plain,True,
s2-A-0024-sw0.25-half_life_4-domain_augmented,True,
s2-A-0024-sw0.25-half_life_6-plain,True,
s2-A-0024-sw0.25-half_life_6-domain_augmented,True,
s2-A-0024-sw0.50-all_history-plain,True,
s2-A-0024-sw0.50-all_history-domain_augmented,True,
s2-A-0024-sw0.50-five_year-plain,True,
s2-A-0024-sw0.50-five_year-domain_augmented,True,
s2-A-0024-sw0.50-half_life_2-plain,True,
s2-A-0024-sw0.50-half_life_2-domain_augmented,True,
s2-A-0024-sw0.50-half_life_4-plain,True,
s2-A-0024-sw0.50-half_life_4-domain_augmented,True,
s2-A-0024-sw0.50-half_life_6-plain,True,
s2-A-0024-sw0.50-half_life_6-domain_augmented,True,
s2-A-0024-ensemble-0.25,True,requires compatible top pair
s2-A-0024-ensemble-0.50,True,requires compatible top pair
s2-A-0024-ensemble-0.75,True,requires compatible top pair
s2-A-0025-sw0.00-all_history-plain,True,
s2-A-0025-sw0.00-all_history-domain_augmented,True,
s2-A-0025-sw0.00-five_year-plain,True,
s2-A-0025-sw0.00-five_year-domain_augmented,True,
s2-A-0025-sw0.00-half_life_2-plain,True,
s2-A-0025-sw0.00-half_life_2-domain_augmented,True,
s2-A-0025-sw0.00-half_life_4-plain,True,
s2-A-0025-sw0.00-half_life_4-domain_augmented,True,
s2-A-0025-sw0.00-half_life_6-plain,True,
s2-A-0025-sw0.00-half_life_6-domain_augmented,True,
s2-A-0025-sw0.10-all_history-plain,True,
s2-A-0025-sw0.10-all_history-domain_augmented,True,
s2-A-0025-sw0.10-five_year-plain,True,
s2-A-0025-sw0.10-five_year-domain_augmented,True,
s2-A-0025-sw0.10-half_life_2-plain,True,
s2-A-0025-sw0.10-half_life_2-domain_augmented,True,
s2-A-0025-sw0.10-half_life_4-plain,True,
s2-A-0025-sw0.10-half_life_4-domain_augmented,True,
s2-A-0025-sw0.10-half_life_6-plain,True,
s2-A-0025-sw0.10-half_life_6-domain_augmented,True,
s2-A-0025-sw0.25-all_history-plain,True,
s2-A-0025-sw0.25-all_history-domain_augmented,True,
s2-A-0025-sw0.25-five_year-plain,True,
s2-A-0025-sw0.25-five_year-domain_augmented,True,
s2-A-0025-sw0.25-half_life_2-plain,True,
s2-A-0025-sw0.25-half_life_2-domain_augmented,True,
s2-A-0025-sw0.25-half_life_4-plain,True,
s2-A-0025-sw0.25-half_life_4-domain_augmented,True,
s2-A-0025-sw0.25-half_life_6-plain,True,
s2-A-0025-sw0.25-half_life_6-domain_augmented,True,
s2-A-0025-sw0.50-all_history-plain,True,
s2-A-0025-sw0.50-all_history-domain_augmented,True,
s2-A-0025-sw0.50-five_year-plain,True,
s2-A-0025-sw0.50-five_year-domain_augmented,True,
s2-A-0025-sw0.50-half_life_2-plain,True,
s2-A-0025-sw0.50-half_life_2-domain_augmented,True,
s2-A-0025-sw0.50-half_life_4-plain,True,
s2-A-0025-sw0.50-half_life_4-domain_augmented,True,
s2-A-0025-sw0.50-half_life_6-plain,True,
s2-A-0025-sw0.50-half_life_6-domain_augmented,True,
s2-A-0025-ensemble-0.25,True,requires compatible top pair
s2-A-0025-ensemble-0.50,True,requires compatible top pair
s2-A-0025-ensemble-0.75,True,requires compatible top pair
s2-A-0026-sw0.00-all_history-plain,True,
s2-A-0026-sw0.00-all_history-domain_augmented,True,
s2-A-0026-sw0.00-five_year-plain,True,
s2-A-0026-sw0.00-five_year-domain_augmented,True,
s2-A-0026-sw0.00-half_life_2-plain,True,
s2-A-0026-sw0.00-half_life_2-domain_augmented,True,
s2-A-0026-sw0.00-half_life_4-plain,True,
s2-A-0026-sw0.00-half_life_4-domain_augmented,True,
s2-A-0026-sw0.00-half_life_6-plain,True,
s2-A-0026-sw0.00-half_life_6-domain_augmented,True,
s2-A-0026-sw0.10-all_history-plain,True,
s2-A-0026-sw0.10-all_history-domain_augmented,True,
s2-A-0026-sw0.10-five_year-plain,True,
s2-A-0026-sw0.10-five_year-domain_augmented,True,
s2-A-0026-sw0.10-half_life_2-plain,True,
s2-A-0026-sw0.10-half_life_2-domain_augmented,True,
s2-A-0026-sw0.10-half_life_4-plain,True,
s2-A-0026-sw0.10-half_life_4-domain_augmented,True,
s2-A-0026-sw0.10-half_life_6-plain,True,
s2-A-0026-sw0.10-half_life_6-domain_augmented,True,
s2-A-0026-sw0.25-all_history-plain,True,
s2-A-0026-sw0.25-all_history-domain_augmented,True,
s2-A-0026-sw0.25-five_year-plain,True,
s2-A-0026-sw0.25-five_year-domain_augmented,True,
s2-A-0026-sw0.25-half_life_2-plain,True,
s2-A-0026-sw0.25-half_life_2-domain_augmented,True,
s2-A-0026-sw0.25-half_life_4-plain,True,
s2-A-0026-sw0.25-half_life_4-domain_augmented,True,
s2-A-0026-sw0.25-half_life_6-plain,True,
s2-A-0026-sw0.25-half_life_6-domain_augmented,True,
s2-A-0026-sw0.50-all_history-plain,True,
s2-A-0026-sw0.50-all_history-domain_augmented,True,
s2-A-0026-sw0.50-five_year-plain,True,
s2-A-0026-sw0.50-five_year-domain_augmented,True,
s2-A-0026-sw0.50-half_life_2-plain,True,
s2-A-0026-sw0.50-half_life_2-domain_augmented,True,
s2-A-0026-sw0.50-half_life_4-plain,True,
s2-A-0026-sw0.50-half_life_4-domain_augmented,True,
s2-A-0026-sw0.50-half_life_6-plain,True,
s2-A-0026-sw0.50-half_life_6-domain_augmented,True,
s2-A-0026-ensemble-0.25,True,requires compatible top pair
s2-A-0026-ensemble-0.50,True,requires compatible top pair
s2-A-0026-ensemble-0.75,True,requires compatible top pair
s2-A-0027-sw0.00-all_history-plain,True,
s2-A-0027-sw0.00-all_history-domain_augmented,True,
s2-A-0027-sw0.00-five_year-plain,True,
s2-A-0027-sw0.00-five_year-domain_augmented,True,
s2-A-0027-sw0.00-half_life_2-plain,True,
s2-A-0027-sw0.00-half_life_2-domain_augmented,True,
s2-A-0027-sw0.00-half_life_4-plain,True,
s2-A-0027-sw0.00-half_life_4-domain_augmented,True,
s2-A-0027-sw0.00-half_life_6-plain,True,
s2-A-0027-sw0.00-half_life_6-domain_augmented,True,
s2-A-0027-sw0.10-all_history-plain,True,
s2-A-0027-sw0.10-all_history-domain_augmented,True,
s2-A-0027-sw0.10-five_year-plain,True,
s2-A-0027-sw0.10-five_year-domain_augmented,True,
s2-A-0027-sw0.10-half_life_2-plain,True,
s2-A-0027-sw0.10-half_life_2-domain_augmented,True,
s2-A-0027-sw0.10-half_life_4-plain,True,
s2-A-0027-sw0.10-half_life_4-domain_augmented,True,
s2-A-0027-sw0.10-half_life_6-plain,True,
s2-A-0027-sw0.10-half_life_6-domain_augmented,True,
s2-A-0027-sw0.25-all_history-plain,True,
s2-A-0027-sw0.25-all_history-domain_augmented,True,
s2-A-0027-sw0.25-five_year-plain,True,
s2-A-0027-sw0.25-five_year-domain_augmented,True,
s2-A-0027-sw0.25-half_life_2-plain,True,
s2-A-0027-sw0.25-half_life_2-domain_augmented,True,
s2-A-0027-sw0.25-half_life_4-plain,True,
s2-A-0027-sw0.25-half_life_4-domain_augmented,True,
s2-A-0027-sw0.25-half_life_6-plain,True,
s2-A-0027-sw0.25-half_life_6-domain_augmented,True,
s2-A-0027-sw0.50-all_history-plain,True,
s2-A-0027-sw0.50-all_history-domain_augmented,True,
s2-A-0027-sw0.50-five_year-plain,True,
s2-A-0027-sw0.50-five_year-domain_augmented,True,
s2-A-0027-sw0.50-half_life_2-plain,True,
s2-A-0027-sw0.50-half_life_2-domain_augmented,True,
s2-A-0027-sw0.50-half_life_4-plain,True,
s2-A-0027-sw0.50-half_life_4-domain_augmented,True,
s2-A-0027-sw0.50-half_life_6-plain,True,
s2-A-0027-sw0.50-half_life_6-domain_augmented,True,
s2-A-0027-ensemble-0.25,True,requires compatible top pair
s2-A-0027-ensemble-0.50,True,requires compatible top pair
s2-A-0027-ensemble-0.75,True,requires compatible top pair
s2-A-0028-sw0.00-all_history-plain,True,
s2-A-0028-sw0.00-all_history-domain_augmented,True,
s2-A-0028-sw0.00-five_year-plain,True,
s2-A-0028-sw0.00-five_year-domain_augmented,True,
s2-A-0028-sw0.00-half_life_2-plain,True,
s2-A-0028-sw0.00-half_life_2-domain_augmented,True,
s2-A-0028-sw0.00-half_life_4-plain,True,
s2-A-0028-sw0.00-half_life_4-domain_augmented,True,
s2-A-0028-sw0.00-half_life_6-plain,True,
s2-A-0028-sw0.00-half_life_6-domain_augmented,True,
s2-A-0028-sw0.10-all_history-plain,True,
s2-A-0028-sw0.10-all_history-domain_augmented,True,
s2-A-0028-sw0.10-five_year-plain,True,
s2-A-0028-sw0.10-five_year-domain_augmented,True,
s2-A-0028-sw0.10-half_life_2-plain,True,
s2-A-0028-sw0.10-half_life_2-domain_augmented,True,
s2-A-0028-sw0.10-half_life_4-plain,True,
s2-A-0028-sw0.10-half_life_4-domain_augmented,True,
s2-A-0028-sw0.10-half_life_6-plain,True,
s2-A-0028-sw0.10-half_life_6-domain_augmented,True,
s2-A-0028-sw0.25-all_history-plain,True,
s2-A-0028-sw0.25-all_history-domain_augmented,True,
s2-A-0028-sw0.25-five_year-plain,True,
s2-A-0028-sw0.25-five_year-domain_augmented,True,
s2-A-0028-sw0.25-half_life_2-plain,True,
s2-A-0028-sw0.25-half_life_2-domain_augmented,True,
s2-A-0028-sw0.25-half_life_4-plain,True,
s2-A-0028-sw0.25-half_life_4-domain_augmented,True,
s2-A-0028-sw0.25-half_life_6-plain,True,
s2-A-0028-sw0.25-half_life_6-domain_augmented,True,
s2-A-0028-sw0.50-all_history-plain,True,
s2-A-0028-sw0.50-all_history-domain_augmented,True,
s2-A-0028-sw0.50-five_year-plain,True,
s2-A-0028-sw0.50-five_year-domain_augmented,True,
s2-A-0028-sw0.50-half_life_2-plain,True,
s2-A-0028-sw0.50-half_life_2-domain_augmented,True,
s2-A-0028-sw0.50-half_life_4-plain,True,
s2-A-0028-sw0.50-half_life_4-domain_augmented,True,
s2-A-0028-sw0.50-half_life_6-plain,True,
s2-A-0028-sw0.50-half_life_6-domain_augmented,True,
s2-A-0028-ensemble-0.25,True,requires compatible top pair
s2-A-0028-ensemble-0.50,True,requires compatible top pair
s2-A-0028-ensemble-0.75,True,requires compatible top pair
s2-A-0029-sw0.00-all_history-plain,True,
s2-A-0029-sw0.00-all_history-domain_augmented,True,
s2-A-0029-sw0.00-five_year-plain,True,
s2-A-0029-sw0.00-five_year-domain_augmented,True,
s2-A-0029-sw0.00-half_life_2-plain,True,
s2-A-0029-sw0.00-half_life_2-domain_augmented,True,
s2-A-0029-sw0.00-half_life_4-plain,True,
s2-A-0029-sw0.00-half_life_4-domain_augmented,True,
s2-A-0029-sw0.00-half_life_6-plain,True,
s2-A-0029-sw0.00-half_life_6-domain_augmented,True,
s2-A-0029-sw0.10-all_history-plain,True,
s2-A-0029-sw0.10-all_history-domain_augmented,True,
s2-A-0029-sw0.10-five_year-plain,True,
s2-A-0029-sw0.10-five_year-domain_augmented,True,
s2-A-0029-sw0.10-half_life_2-plain,True,
s2-A-0029-sw0.10-half_life_2-domain_augmented,True,
s2-A-0029-sw0.10-half_life_4-plain,True,
s2-A-0029-sw0.10-half_life_4-domain_augmented,True,
s2-A-0029-sw0.10-half_life_6-plain,True,
s2-A-0029-sw0.10-half_life_6-domain_augmented,True,
s2-A-0029-sw0.25-all_history-plain,True,
s2-A-0029-sw0.25-all_history-domain_augmented,True,
s2-A-0029-sw0.25-five_year-plain,True,
s2-A-0029-sw0.25-five_year-domain_augmented,True,
s2-A-0029-sw0.25-half_life_2-plain,True,
s2-A-0029-sw0.25-half_life_2-domain_augmented,True,
s2-A-0029-sw0.25-half_life_4-plain,True,
s2-A-0029-sw0.25-half_life_4-domain_augmented,True,
s2-A-0029-sw0.25-half_life_6-plain,True,
s2-A-0029-sw0.25-half_life_6-domain_augmented,True,
s2-A-0029-sw0.50-all_history-plain,True,
s2-A-0029-sw0.50-all_history-domain_augmented,True,
s2-A-0029-sw0.50-five_year-plain,True,
s2-A-0029-sw0.50-five_year-domain_augmented,True,
s2-A-0029-sw0.50-half_life_2-plain,True,
s2-A-0029-sw0.50-half_life_2-domain_augmented,True,
s2-A-0029-sw0.50-half_life_4-plain,True,
s2-A-0029-sw0.50-half_life_4-domain_augmented,True,
s2-A-0029-sw0.50-half_life_6-plain,True,
s2-A-0029-sw0.50-half_life_6-domain_augmented,True,
s2-A-0029-ensemble-0.25,True,requires compatible top pair
s2-A-0029-ensemble-0.50,True,requires compatible top pair
s2-A-0029-ensemble-0.75,True,requires compatible top pair
s2-A-0030-sw0.00-all_history-plain,True,
s2-A-0030-sw0.00-all_history-domain_augmented,True,
s2-A-0030-sw0.00-five_year-plain,True,
s2-A-0030-sw0.00-five_year-domain_augmented,True,
s2-A-0030-sw0.00-half_life_2-plain,True,
s2-A-0030-sw0.00-half_life_2-domain_augmented,True,
s2-A-0030-sw0.00-half_life_4-plain,True,
s2-A-0030-sw0.00-half_life_4-domain_augmented,True,
s2-A-0030-sw0.00-half_life_6-plain,True,
s2-A-0030-sw0.00-half_life_6-domain_augmented,True,
s2-A-0030-sw0.10-all_history-plain,True,
s2-A-0030-sw0.10-all_history-domain_augmented,True,
s2-A-0030-sw0.10-five_year-plain,True,
s2-A-0030-sw0.10-five_year-domain_augmented,True,
s2-A-0030-sw0.10-half_life_2-plain,True,
s2-A-0030-sw0.10-half_life_2-domain_augmented,True,
s2-A-0030-sw0.10-half_life_4-plain,True,
s2-A-0030-sw0.10-half_life_4-domain_augmented,True,
s2-A-0030-sw0.10-half_life_6-plain,True,
s2-A-0030-sw0.10-half_life_6-domain_augmented,True,
s2-A-0030-sw0.25-all_history-plain,True,
s2-A-0030-sw0.25-all_history-domain_augmented,True,
s2-A-0030-sw0.25-five_year-plain,True,
s2-A-0030-sw0.25-five_year-domain_augmented,True,
s2-A-0030-sw0.25-half_life_2-plain,True,
s2-A-0030-sw0.25-half_life_2-domain_augmented,True,
s2-A-0030-sw0.25-half_life_4-plain,True,
s2-A-0030-sw0.25-half_life_4-domain_augmented,True,
s2-A-0030-sw0.25-half_life_6-plain,True,
s2-A-0030-sw0.25-half_life_6-domain_augmented,True,
s2-A-0030-sw0.50-all_history-plain,True,
s2-A-0030-sw0.50-all_history-domain_augmented,True,
s2-A-0030-sw0.50-five_year-plain,True,
s2-A-0030-sw0.50-five_year-domain_augmented,True,
s2-A-0030-sw0.50-half_life_2-plain,True,
s2-A-0030-sw0.50-half_life_2-domain_augmented,True,
s2-A-0030-sw0.50-half_life_4-plain,True,
s2-A-0030-sw0.50-half_life_4-domain_augmented,True,
s2-A-0030-sw0.50-half_life_6-plain,True,
s2-A-0030-sw0.50-half_life_6-domain_augmented,True,
s2-A-0030-ensemble-0.25,True,requires compatible top pair
s2-A-0030-ensemble-0.50,True,requires compatible top pair
s2-A-0030-ensemble-0.75,True,requires compatible top pair
s2-A-0031-sw0.00-all_history-plain,True,
s2-A-0031-sw0.00-all_history-domain_augmented,True,
s2-A-0031-sw0.00-five_year-plain,True,
s2-A-0031-sw0.00-five_year-domain_augmented,True,
s2-A-0031-sw0.00-half_life_2-plain,True,
s2-A-0031-sw0.00-half_life_2-domain_augmented,True,
s2-A-0031-sw0.00-half_life_4-plain,True,
s2-A-0031-sw0.00-half_life_4-domain_augmented,True,
s2-A-0031-sw0.00-half_life_6-plain,True,
s2-A-0031-sw0.00-half_life_6-domain_augmented,True,
s2-A-0031-sw0.10-all_history-plain,True,
s2-A-0031-sw0.10-all_history-domain_augmented,True,
s2-A-0031-sw0.10-five_year-plain,True,
s2-A-0031-sw0.10-five_year-domain_augmented,True,
s2-A-0031-sw0.10-half_life_2-plain,True,
s2-A-0031-sw0.10-half_life_2-domain_augmented,True,
s2-A-0031-sw0.10-half_life_4-plain,True,
s2-A-0031-sw0.10-half_life_4-domain_augmented,True,
s2-A-0031-sw0.10-half_life_6-plain,True,
s2-A-0031-sw0.10-half_life_6-domain_augmented,True,
s2-A-0031-sw0.25-all_history-plain,True,
s2-A-0031-sw0.25-all_history-domain_augmented,True,
s2-A-0031-sw0.25-five_year-plain,True,
s2-A-0031-sw0.25-five_year-domain_augmented,True,
s2-A-0031-sw0.25-half_life_2-plain,True,
s2-A-0031-sw0.25-half_life_2-domain_augmented,True,
s2-A-0031-sw0.25-half_life_4-plain,True,
s2-A-0031-sw0.25-half_life_4-domain_augmented,True,
s2-A-0031-sw0.25-half_life_6-plain,True,
s2-A-0031-sw0.25-half_life_6-domain_augmented,True,
s2-A-0031-sw0.50-all_history-plain,True,
s2-A-0031-sw0.50-all_history-domain_augmented,True,
s2-A-0031-sw0.50-five_year-plain,True,
s2-A-0031-sw0.50-five_year-domain_augmented,True,
s2-A-0031-sw0.50-half_life_2-plain,True,
s2-A-0031-sw0.50-half_life_2-domain_augmented,True,
s2-A-0031-sw0.50-half_life_4-plain,True,
s2-A-0031-sw0.50-half_life_4-domain_augmented,True,
s2-A-0031-sw0.50-half_life_6-plain,True,
s2-A-0031-sw0.50-half_life_6-domain_augmented,True,
s2-A-0031-ensemble-0.25,True,requires compatible top pair
s2-A-0031-ensemble-0.50,True,requires compatible top pair
s2-A-0031-ensemble-0.75,True,requires compatible top pair
s2-A-0032-sw0.00-all_history-plain,True,
s2-A-0032-sw0.00-all_history-domain_augmented,True,
s2-A-0032-sw0.00-five_year-plain,True,
s2-A-0032-sw0.00-five_year-domain_augmented,True,
s2-A-0032-sw0.00-half_life_2-plain,True,
s2-A-0032-sw0.00-half_life_2-domain_augmented,True,
s2-A-0032-sw0.00-half_life_4-plain,True,
s2-A-0032-sw0.00-half_life_4-domain_augmented,True,
s2-A-0032-sw0.00-half_life_6-plain,True,
s2-A-0032-sw0.00-half_life_6-domain_augmented,True,
s2-A-0032-sw0.10-all_history-plain,True,
s2-A-0032-sw0.10-all_history-domain_augmented,True,
s2-A-0032-sw0.10-five_year-plain,True,
s2-A-0032-sw0.10-five_year-domain_augmented,True,
s2-A-0032-sw0.10-half_life_2-plain,True,
s2-A-0032-sw0.10-half_life_2-domain_augmented,True,
s2-A-0032-sw0.10-half_life_4-plain,True,
s2-A-0032-sw0.10-half_life_4-domain_augmented,True,
s2-A-0032-sw0.10-half_life_6-plain,True,
s2-A-0032-sw0.10-half_life_6-domain_augmented,True,
s2-A-0032-sw0.25-all_history-plain,True,
s2-A-0032-sw0.25-all_history-domain_augmented,True,
s2-A-0032-sw0.25-five_year-plain,True,
s2-A-0032-sw0.25-five_year-domain_augmented,True,
s2-A-0032-sw0.25-half_life_2-plain,True,
s2-A-0032-sw0.25-half_life_2-domain_augmented,True,
s2-A-0032-sw0.25-half_life_4-plain,True,
s2-A-0032-sw0.25-half_life_4-domain_augmented,True,
s2-A-0032-sw0.25-half_life_6-plain,True,
s2-A-0032-sw0.25-half_life_6-domain_augmented,True,
s2-A-0032-sw0.50-all_history-plain,True,
s2-A-0032-sw0.50-all_history-domain_augmented,True,
s2-A-0032-sw0.50-five_year-plain,True,
s2-A-0032-sw0.50-five_year-domain_augmented,True,
s2-A-0032-sw0.50-half_life_2-plain,True,
s2-A-0032-sw0.50-half_life_2-domain_augmented,True,
s2-A-0032-sw0.50-half_life_4-plain,True,
s2-A-0032-sw0.50-half_life_4-domain_augmented,True,
s2-A-0032-sw0.50-half_life_6-plain,True,
s2-A-0032-sw0.50-half_life_6-domain_augmented,True,
s2-A-0032-ensemble-0.25,True,requires compatible top pair
s2-A-0032-ensemble-0.50,True,requires compatible top pair
s2-A-0032-ensemble-0.75,True,requires compatible top pair
s2-A-0033-sw0.00-all_history-plain,True,
s2-A-0033-sw0.00-all_history-domain_augmented,True,
s2-A-0033-sw0.00-five_year-plain,True,
s2-A-0033-sw0.00-five_year-domain_augmented,True,
s2-A-0033-sw0.00-half_life_2-plain,True,
s2-A-0033-sw0.00-half_life_2-domain_augmented,True,
s2-A-0033-sw0.00-half_life_4-plain,True,
s2-A-0033-sw0.00-half_life_4-domain_augmented,True,
s2-A-0033-sw0.00-half_life_6-plain,True,
s2-A-0033-sw0.00-half_life_6-domain_augmented,True,
s2-A-0033-sw0.10-all_history-plain,True,
s2-A-0033-sw0.10-all_history-domain_augmented,True,
s2-A-0033-sw0.10-five_year-plain,True,
s2-A-0033-sw0.10-five_year-domain_augmented,True,
s2-A-0033-sw0.10-half_life_2-plain,True,
s2-A-0033-sw0.10-half_life_2-domain_augmented,True,
s2-A-0033-sw0.10-half_life_4-plain,True,
s2-A-0033-sw0.10-half_life_4-domain_augmented,True,
s2-A-0033-sw0.10-half_life_6-plain,True,
s2-A-0033-sw0.10-half_life_6-domain_augmented,True,
s2-A-0033-sw0.25-all_history-plain,True,
s2-A-0033-sw0.25-all_history-domain_augmented,True,
s2-A-0033-sw0.25-five_year-plain,True,
s2-A-0033-sw0.25-five_year-domain_augmented,True,
s2-A-0033-sw0.25-half_life_2-plain,True,
s2-A-0033-sw0.25-half_life_2-domain_augmented,True,
s2-A-0033-sw0.25-half_life_4-plain,True,
s2-A-0033-sw0.25-half_life_4-domain_augmented,True,
s2-A-0033-sw0.25-half_life_6-plain,True,
s2-A-0033-sw0.25-half_life_6-domain_augmented,True,
s2-A-0033-sw0.50-all_history-plain,True,
s2-A-0033-sw0.50-all_history-domain_augmented,True,
s2-A-0033-sw0.50-five_year-plain,True,
s2-A-0033-sw0.50-five_year-domain_augmented,True,
s2-A-0033-sw0.50-half_life_2-plain,True,
s2-A-0033-sw0.50-half_life_2-domain_augmented,True,
s2-A-0033-sw0.50-half_life_4-plain,True,
s2-A-0033-sw0.50-half_life_4-domain_augmented,True,
s2-A-0033-sw0.50-half_life_6-plain,True,
s2-A-0033-sw0.50-half_life_6-domain_augmented,True,
s2-A-0033-ensemble-0.25,True,requires compatible top pair
s2-A-0033-ensemble-0.50,True,requires compatible top pair
s2-A-0033-ensemble-0.75,True,requires compatible top pair
s2-A-0034-sw0.00-all_history-plain,True,
s2-A-0034-sw0.00-all_history-domain_augmented,True,
s2-A-0034-sw0.00-five_year-plain,True,
s2-A-0034-sw0.00-five_year-domain_augmented,True,
s2-A-0034-sw0.00-half_life_2-plain,True,
s2-A-0034-sw0.00-half_life_2-domain_augmented,True,
s2-A-0034-sw0.00-half_life_4-plain,True,
s2-A-0034-sw0.00-half_life_4-domain_augmented,True,
s2-A-0034-sw0.00-half_life_6-plain,True,
s2-A-0034-sw0.00-half_life_6-domain_augmented,True,
s2-A-0034-sw0.10-all_history-plain,True,
s2-A-0034-sw0.10-all_history-domain_augmented,True,
s2-A-0034-sw0.10-five_year-plain,True,
s2-A-0034-sw0.10-five_year-domain_augmented,True,
s2-A-0034-sw0.10-half_life_2-plain,True,
s2-A-0034-sw0.10-half_life_2-domain_augmented,True,
s2-A-0034-sw0.10-half_life_4-plain,True,
s2-A-0034-sw0.10-half_life_4-domain_augmented,True,
s2-A-0034-sw0.10-half_life_6-plain,True,
s2-A-0034-sw0.10-half_life_6-domain_augmented,True,
s2-A-0034-sw0.25-all_history-plain,True,
s2-A-0034-sw0.25-all_history-domain_augmented,True,
s2-A-0034-sw0.25-five_year-plain,True,
s2-A-0034-sw0.25-five_year-domain_augmented,True,
s2-A-0034-sw0.25-half_life_2-plain,True,
s2-A-0034-sw0.25-half_life_2-domain_augmented,True,
s2-A-0034-sw0.25-half_life_4-plain,True,
s2-A-0034-sw0.25-half_life_4-domain_augmented,True,
s2-A-0034-sw0.25-half_life_6-plain,True,
s2-A-0034-sw0.25-half_life_6-domain_augmented,True,
s2-A-0034-sw0.50-all_history-plain,True,
s2-A-0034-sw0.50-all_history-domain_augmented,True,
s2-A-0034-sw0.50-five_year-plain,True,
s2-A-0034-sw0.50-five_year-domain_augmented,True,
s2-A-0034-sw0.50-half_life_2-plain,True,
s2-A-0034-sw0.50-half_life_2-domain_augmented,True,
s2-A-0034-sw0.50-half_life_4-plain,True,
s2-A-0034-sw0.50-half_life_4-domain_augmented,True,
s2-A-0034-sw0.50-half_life_6-plain,True,
s2-A-0034-sw0.50-half_life_6-domain_augmented,True,
s2-A-0034-ensemble-0.25,True,requires compatible top pair
s2-A-0034-ensemble-0.50,True,requires compatible top pair
s2-A-0034-ensemble-0.75,True,requires compatible top pair
s2-A-0035-sw0.00-all_history-plain,True,
s2-A-0035-sw0.00-all_history-domain_augmented,True,
s2-A-0035-sw0.00-five_year-plain,True,
s2-A-0035-sw0.00-five_year-domain_augmented,True,
s2-A-0035-sw0.00-half_life_2-plain,True,
s2-A-0035-sw0.00-half_life_2-domain_augmented,True,
s2-A-0035-sw0.00-half_life_4-plain,True,
s2-A-0035-sw0.00-half_life_4-domain_augmented,True,
s2-A-0035-sw0.00-half_life_6-plain,True,
s2-A-0035-sw0.00-half_life_6-domain_augmented,True,
s2-A-0035-sw0.10-all_history-plain,True,
s2-A-0035-sw0.10-all_history-domain_augmented,True,
s2-A-0035-sw0.10-five_year-plain,True,
s2-A-0035-sw0.10-five_year-domain_augmented,True,
s2-A-0035-sw0.10-half_life_2-plain,True,
s2-A-0035-sw0.10-half_life_2-domain_augmented,True,
s2-A-0035-sw0.10-half_life_4-plain,True,
s2-A-0035-sw0.10-half_life_4-domain_augmented,True,
s2-A-0035-sw0.10-half_life_6-plain,True,
s2-A-0035-sw0.10-half_life_6-domain_augmented,True,
s2-A-0035-sw0.25-all_history-plain,True,
s2-A-0035-sw0.25-all_history-domain_augmented,True,
s2-A-0035-sw0.25-five_year-plain,True,
s2-A-0035-sw0.25-five_year-domain_augmented,True,
s2-A-0035-sw0.25-half_life_2-plain,True,
s2-A-0035-sw0.25-half_life_2-domain_augmented,True,
s2-A-0035-sw0.25-half_life_4-plain,True,
s2-A-0035-sw0.25-half_life_4-domain_augmented,True,
s2-A-0035-sw0.25-half_life_6-plain,True,
s2-A-0035-sw0.25-half_life_6-domain_augmented,True,
s2-A-0035-sw0.50-all_history-plain,True,
s2-A-0035-sw0.50-all_history-domain_augmented,True,
s2-A-0035-sw0.50-five_year-plain,True,
s2-A-0035-sw0.50-five_year-domain_augmented,True,
s2-A-0035-sw0.50-half_life_2-plain,True,
s2-A-0035-sw0.50-half_life_2-domain_augmented,True,
s2-A-0035-sw0.50-half_life_4-plain,True,
s2-A-0035-sw0.50-half_life_4-domain_augmented,True,
s2-A-0035-sw0.50-half_life_6-plain,True,
s2-A-0035-sw0.50-half_life_6-domain_augmented,True,
s2-A-0035-ensemble-0.25,True,requires compatible top pair
s2-A-0035-ensemble-0.50,True,requires compatible top pair
s2-A-0035-ensemble-0.75,True,requires compatible top pair
s2-A-0036-sw0.00-all_history-plain,True,
s2-A-0036-sw0.00-all_history-domain_augmented,True,
s2-A-0036-sw0.00-five_year-plain,True,
s2-A-0036-sw0.00-five_year-domain_augmented,True,
s2-A-0036-sw0.00-half_life_2-plain,True,
s2-A-0036-sw0.00-half_life_2-domain_augmented,True,
s2-A-0036-sw0.00-half_life_4-plain,True,
s2-A-0036-sw0.00-half_life_4-domain_augmented,True,
s2-A-0036-sw0.00-half_life_6-plain,True,
s2-A-0036-sw0.00-half_life_6-domain_augmented,True,
s2-A-0036-sw0.10-all_history-plain,True,
s2-A-0036-sw0.10-all_history-domain_augmented,True,
s2-A-0036-sw0.10-five_year-plain,True,
s2-A-0036-sw0.10-five_year-domain_augmented,True,
s2-A-0036-sw0.10-half_life_2-plain,True,
s2-A-0036-sw0.10-half_life_2-domain_augmented,True,
s2-A-0036-sw0.10-half_life_4-plain,True,
s2-A-0036-sw0.10-half_life_4-domain_augmented,True,
s2-A-0036-sw0.10-half_life_6-plain,True,
s2-A-0036-sw0.10-half_life_6-domain_augmented,True,
s2-A-0036-sw0.25-all_history-plain,True,
s2-A-0036-sw0.25-all_history-domain_augmented,True,
s2-A-0036-sw0.25-five_year-plain,True,
s2-A-0036-sw0.25-five_year-domain_augmented,True,
s2-A-0036-sw0.25-half_life_2-plain,True,
s2-A-0036-sw0.25-half_life_2-domain_augmented,True,
s2-A-0036-sw0.25-half_life_4-plain,True,
s2-A-0036-sw0.25-half_life_4-domain_augmented,True,
s2-A-0036-sw0.25-half_life_6-plain,True,
s2-A-0036-sw0.25-half_life_6-domain_augmented,True,
s2-A-0036-sw0.50-all_history-plain,True,
s2-A-0036-sw0.50-all_history-domain_augmented,True,
s2-A-0036-sw0.50-five_year-plain,True,
s2-A-0036-sw0.50-five_year-domain_augmented,True,
s2-A-0036-sw0.50-half_life_2-plain,True,
s2-A-0036-sw0.50-half_life_2-domain_augmented,True,
s2-A-0036-sw0.50-half_life_4-plain,True,
s2-A-0036-sw0.50-half_life_4-domain_augmented,True,
s2-A-0036-sw0.50-half_life_6-plain,True,
s2-A-0036-sw0.50-half_life_6-domain_augmented,True,
s2-A-0036-ensemble-0.25,True,requires compatible top pair
s2-A-0036-ensemble-0.50,True,requires compatible top pair
s2-A-0036-ensemble-0.75,True,requires compatible top pair
s2-A-0037-sw0.00-all_history-plain,True,
s2-A-0037-sw0.00-all_history-domain_augmented,True,
s2-A-0037-sw0.00-five_year-plain,True,
s2-A-0037-sw0.00-five_year-domain_augmented,True,
s2-A-0037-sw0.00-half_life_2-plain,True,
s2-A-0037-sw0.00-half_life_2-domain_augmented,True,
s2-A-0037-sw0.00-half_life_4-plain,True,
s2-A-0037-sw0.00-half_life_4-domain_augmented,True,
s2-A-0037-sw0.00-half_life_6-plain,True,
s2-A-0037-sw0.00-half_life_6-domain_augmented,True,
s2-A-0037-sw0.10-all_history-plain,True,
s2-A-0037-sw0.10-all_history-domain_augmented,True,
s2-A-0037-sw0.10-five_year-plain,True,
s2-A-0037-sw0.10-five_year-domain_augmented,True,
s2-A-0037-sw0.10-half_life_2-plain,True,
s2-A-0037-sw0.10-half_life_2-domain_augmented,True,
s2-A-0037-sw0.10-half_life_4-plain,True,
s2-A-0037-sw0.10-half_life_4-domain_augmented,True,
s2-A-0037-sw0.10-half_life_6-plain,True,
s2-A-0037-sw0.10-half_life_6-domain_augmented,True,
s2-A-0037-sw0.25-all_history-plain,True,
s2-A-0037-sw0.25-all_history-domain_augmented,True,
s2-A-0037-sw0.25-five_year-plain,True,
s2-A-0037-sw0.25-five_year-domain_augmented,True,
s2-A-0037-sw0.25-half_life_2-plain,True,
s2-A-0037-sw0.25-half_life_2-domain_augmented,True,
s2-A-0037-sw0.25-half_life_4-plain,True,
s2-A-0037-sw0.25-half_life_4-domain_augmented,True,
s2-A-0037-sw0.25-half_life_6-plain,True,
s2-A-0037-sw0.25-half_life_6-domain_augmented,True,
s2-A-0037-sw0.50-all_history-plain,True,
s2-A-0037-sw0.50-all_history-domain_augmented,True,
s2-A-0037-sw0.50-five_year-plain,True,
s2-A-0037-sw0.50-five_year-domain_augmented,True,
s2-A-0037-sw0.50-half_life_2-plain,True,
s2-A-0037-sw0.50-half_life_2-domain_augmented,True,
s2-A-0037-sw0.50-half_life_4-plain,True,
s2-A-0037-sw0.50-half_life_4-domain_augmented,True,
s2-A-0037-sw0.50-half_life_6-plain,True,
s2-A-0037-sw0.50-half_life_6-domain_augmented,True,
s2-A-0037-ensemble-0.25,True,requires compatible top pair
s2-A-0037-ensemble-0.50,True,requires compatible top pair
s2-A-0037-ensemble-0.75,True,requires compatible top pair
s2-A-0038-sw0.00-all_history-plain,True,
s2-A-0038-sw0.00-all_history-domain_augmented,True,
s2-A-0038-sw0.00-five_year-plain,True,
s2-A-0038-sw0.00-five_year-domain_augmented,True,
s2-A-0038-sw0.00-half_life_2-plain,True,
s2-A-0038-sw0.00-half_life_2-domain_augmented,True,
s2-A-0038-sw0.00-half_life_4-plain,True,
s2-A-0038-sw0.00-half_life_4-domain_augmented,True,
s2-A-0038-sw0.00-half_life_6-plain,True,
s2-A-0038-sw0.00-half_life_6-domain_augmented,True,
s2-A-0038-sw0.10-all_history-plain,True,
s2-A-0038-sw0.10-all_history-domain_augmented,True,
s2-A-0038-sw0.10-five_year-plain,True,
s2-A-0038-sw0.10-five_year-domain_augmented,True,
s2-A-0038-sw0.10-half_life_2-plain,True,
s2-A-0038-sw0.10-half_life_2-domain_augmented,True,
s2-A-0038-sw0.10-half_life_4-plain,True,
s2-A-0038-sw0.10-half_life_4-domain_augmented,True,
s2-A-0038-sw0.10-half_life_6-plain,True,
s2-A-0038-sw0.10-half_life_6-domain_augmented,True,
s2-A-0038-sw0.25-all_history-plain,True,
s2-A-0038-sw0.25-all_history-domain_augmented,True,
s2-A-0038-sw0.25-five_year-plain,True,
s2-A-0038-sw0.25-five_year-domain_augmented,True,
s2-A-0038-sw0.25-half_life_2-plain,True,
s2-A-0038-sw0.25-half_life_2-domain_augmented,True,
s2-A-0038-sw0.25-half_life_4-plain,True,
s2-A-0038-sw0.25-half_life_4-domain_augmented,True,
s2-A-0038-sw0.25-half_life_6-plain,True,
s2-A-0038-sw0.25-half_life_6-domain_augmented,True,
s2-A-0038-sw0.50-all_history-plain,True,
s2-A-0038-sw0.50-all_history-domain_augmented,True,
s2-A-0038-sw0.50-five_year-plain,True,
s2-A-0038-sw0.50-five_year-domain_augmented,True,
s2-A-0038-sw0.50-half_life_2-plain,True,
s2-A-0038-sw0.50-half_life_2-domain_augmented,True,
s2-A-0038-sw0.50-half_life_4-plain,True,
s2-A-0038-sw0.50-half_life_4-domain_augmented,True,
s2-A-0038-sw0.50-half_life_6-plain,True,
s2-A-0038-sw0.50-half_life_6-domain_augmented,True,
s2-A-0038-ensemble-0.25,True,requires compatible top pair
s2-A-0038-ensemble-0.50,True,requires compatible top pair
s2-A-0038-ensemble-0.75,True,requires compatible top pair
s2-A-0039-sw0.00-all_history-plain,True,
s2-A-0039-sw0.00-all_history-domain_augmented,True,
s2-A-0039-sw0.00-five_year-plain,True,
s2-A-0039-sw0.00-five_year-domain_augmented,True,
s2-A-0039-sw0.00-half_life_2-plain,True,
s2-A-0039-sw0.00-half_life_2-domain_augmented,True,
s2-A-0039-sw0.00-half_life_4-plain,True,
s2-A-0039-sw0.00-half_life_4-domain_augmented,True,
s2-A-0039-sw0.00-half_life_6-plain,True,
s2-A-0039-sw0.00-half_life_6-domain_augmented,True,
s2-A-0039-sw0.10-all_history-plain,True,
s2-A-0039-sw0.10-all_history-domain_augmented,True,
s2-A-0039-sw0.10-five_year-plain,True,
s2-A-0039-sw0.10-five_year-domain_augmented,True,
s2-A-0039-sw0.10-half_life_2-plain,True,
s2-A-0039-sw0.10-half_life_2-domain_augmented,True,
s2-A-0039-sw0.10-half_life_4-plain,True,
s2-A-0039-sw0.10-half_life_4-domain_augmented,True,
s2-A-0039-sw0.10-half_life_6-plain,True,
s2-A-0039-sw0.10-half_life_6-domain_augmented,True,
s2-A-0039-sw0.25-all_history-plain,True,
s2-A-0039-sw0.25-all_history-domain_augmented,True,
s2-A-0039-sw0.25-five_year-plain,True,
s2-A-0039-sw0.25-five_year-domain_augmented,True,
s2-A-0039-sw0.25-half_life_2-plain,True,
s2-A-0039-sw0.25-half_life_2-domain_augmented,True,
s2-A-0039-sw0.25-half_life_4-plain,True,
s2-A-0039-sw0.25-half_life_4-domain_augmented,True,
s2-A-0039-sw0.25-half_life_6-plain,True,
s2-A-0039-sw0.25-half_life_6-domain_augmented,True,
s2-A-0039-sw0.50-all_history-plain,True,
s2-A-0039-sw0.50-all_history-domain_augmented,True,
s2-A-0039-sw0.50-five_year-plain,True,
s2-A-0039-sw0.50-five_year-domain_augmented,True,
s2-A-0039-sw0.50-half_life_2-plain,True,
s2-A-0039-sw0.50-half_life_2-domain_augmented,True,
s2-A-0039-sw0.50-half_life_4-plain,True,
s2-A-0039-sw0.50-half_life_4-domain_augmented,True,
s2-A-0039-sw0.50-half_life_6-plain,True,
s2-A-0039-sw0.50-half_life_6-domain_augmented,True,
s2-A-0039-ensemble-0.25,True,requires compatible top pair
s2-A-0039-ensemble-0.50,True,requires compatible top pair
s2-A-0039-ensemble-0.75,True,requires compatible top pair
s2-A-0040-sw0.00-all_history-plain,True,
s2-A-0040-sw0.00-all_history-domain_augmented,True,
s2-A-0040-sw0.00-five_year-plain,True,
s2-A-0040-sw0.00-five_year-domain_augmented,True,
s2-A-0040-sw0.00-half_life_2-plain,True,
s2-A-0040-sw0.00-half_life_2-domain_augmented,True,
s2-A-0040-sw0.00-half_life_4-plain,True,
s2-A-0040-sw0.00-half_life_4-domain_augmented,True,
s2-A-0040-sw0.00-half_life_6-plain,True,
s2-A-0040-sw0.00-half_life_6-domain_augmented,True,
s2-A-0040-sw0.10-all_history-plain,True,
s2-A-0040-sw0.10-all_history-domain_augmented,True,
s2-A-0040-sw0.10-five_year-plain,True,
s2-A-0040-sw0.10-five_year-domain_augmented,True,
s2-A-0040-sw0.10-half_life_2-plain,True,
s2-A-0040-sw0.10-half_life_2-domain_augmented,True,
s2-A-0040-sw0.10-half_life_4-plain,True,
s2-A-0040-sw0.10-half_life_4-domain_augmented,True,
s2-A-0040-sw0.10-half_life_6-plain,True,
s2-A-0040-sw0.10-half_life_6-domain_augmented,True,
s2-A-0040-sw0.25-all_history-plain,True,
s2-A-0040-sw0.25-all_history-domain_augmented,True,
s2-A-0040-sw0.25-five_year-plain,True,
s2-A-0040-sw0.25-five_year-domain_augmented,True,
s2-A-0040-sw0.25-half_life_2-plain,True,
s2-A-0040-sw0.25-half_life_2-domain_augmented,True,
s2-A-0040-sw0.25-half_life_4-plain,True,
s2-A-0040-sw0.25-half_life_4-domain_augmented,True,
s2-A-0040-sw0.25-half_life_6-plain,True,
s2-A-0040-sw0.25-half_life_6-domain_augmented,True,
s2-A-0040-sw0.50-all_history-plain,True,
s2-A-0040-sw0.50-all_history-domain_augmented,True,
s2-A-0040-sw0.50-five_year-plain,True,
s2-A-0040-sw0.50-five_year-domain_augmented,True,
s2-A-0040-sw0.50-half_life_2-plain,True,
s2-A-0040-sw0.50-half_life_2-domain_augmented,True,
s2-A-0040-sw0.50-half_life_4-plain,True,
s2-A-0040-sw0.50-half_life_4-domain_augmented,True,
s2-A-0040-sw0.50-half_life_6-plain,True,
s2-A-0040-sw0.50-half_life_6-domain_augmented,True,
s2-A-0040-ensemble-0.25,True,requires compatible top pair
s2-A-0040-ensemble-0.50,True,requires compatible top pair
s2-A-0040-ensemble-0.75,True,requires compatible top pair
s2-A-0041-sw0.00-all_history-plain,True,
s2-A-0041-sw0.00-all_history-domain_augmented,True,
s2-A-0041-sw0.00-five_year-plain,True,
s2-A-0041-sw0.00-five_year-domain_augmented,True,
s2-A-0041-sw0.00-half_life_2-plain,True,
s2-A-0041-sw0.00-half_life_2-domain_augmented,True,
s2-A-0041-sw0.00-half_life_4-plain,True,
s2-A-0041-sw0.00-half_life_4-domain_augmented,True,
s2-A-0041-sw0.00-half_life_6-plain,True,
s2-A-0041-sw0.00-half_life_6-domain_augmented,True,
s2-A-0041-sw0.10-all_history-plain,True,
s2-A-0041-sw0.10-all_history-domain_augmented,True,
s2-A-0041-sw0.10-five_year-plain,True,
s2-A-0041-sw0.10-five_year-domain_augmented,True,
s2-A-0041-sw0.10-half_life_2-plain,True,
s2-A-0041-sw0.10-half_life_2-domain_augmented,True,
s2-A-0041-sw0.10-half_life_4-plain,True,
s2-A-0041-sw0.10-half_life_4-domain_augmented,True,
s2-A-0041-sw0.10-half_life_6-plain,True,
s2-A-0041-sw0.10-half_life_6-domain_augmented,True,
s2-A-0041-sw0.25-all_history-plain,True,
s2-A-0041-sw0.25-all_history-domain_augmented,True,
s2-A-0041-sw0.25-five_year-plain,True,
s2-A-0041-sw0.25-five_year-domain_augmented,True,
s2-A-0041-sw0.25-half_life_2-plain,True,
s2-A-0041-sw0.25-half_life_2-domain_augmented,True,
s2-A-0041-sw0.25-half_life_4-plain,True,
s2-A-0041-sw0.25-half_life_4-domain_augmented,True,
s2-A-0041-sw0.25-half_life_6-plain,True,
s2-A-0041-sw0.25-half_life_6-domain_augmented,True,
s2-A-0041-sw0.50-all_history-plain,True,
s2-A-0041-sw0.50-all_history-domain_augmented,True,
s2-A-0041-sw0.50-five_year-plain,True,
s2-A-0041-sw0.50-five_year-domain_augmented,True,
s2-A-0041-sw0.50-half_life_2-plain,True,
s2-A-0041-sw0.50-half_life_2-domain_augmented,True,
s2-A-0041-sw0.50-half_life_4-plain,True,
s2-A-0041-sw0.50-half_life_4-domain_augmented,True,
s2-A-0041-sw0.50-half_life_6-plain,True,
s2-A-0041-sw0.50-half_life_6-domain_augmented,True,
s2-A-0041-ensemble-0.25,True,requires compatible top pair
s2-A-0041-ensemble-0.50,True,requires compatible top pair
s2-A-0041-ensemble-0.75,True,requires compatible top pair
s2-A-0042-sw0.00-all_history-plain,True,
s2-A-0042-sw0.00-all_history-domain_augmented,True,
s2-A-0042-sw0.00-five_year-plain,True,
s2-A-0042-sw0.00-five_year-domain_augmented,True,
s2-A-0042-sw0.00-half_life_2-plain,True,
s2-A-0042-sw0.00-half_life_2-domain_augmented,True,
s2-A-0042-sw0.00-half_life_4-plain,True,
s2-A-0042-sw0.00-half_life_4-domain_augmented,True,
s2-A-0042-sw0.00-half_life_6-plain,True,
s2-A-0042-sw0.00-half_life_6-domain_augmented,True,
s2-A-0042-sw0.10-all_history-plain,True,
s2-A-0042-sw0.10-all_history-domain_augmented,True,
s2-A-0042-sw0.10-five_year-plain,True,
s2-A-0042-sw0.10-five_year-domain_augmented,True,
s2-A-0042-sw0.10-half_life_2-plain,True,
s2-A-0042-sw0.10-half_life_2-domain_augmented,True,
s2-A-0042-sw0.10-half_life_4-plain,True,
s2-A-0042-sw0.10-half_life_4-domain_augmented,True,
s2-A-0042-sw0.10-half_life_6-plain,True,
s2-A-0042-sw0.10-half_life_6-domain_augmented,True,
s2-A-0042-sw0.25-all_history-plain,True,
s2-A-0042-sw0.25-all_history-domain_augmented,True,
s2-A-0042-sw0.25-five_year-plain,True,
s2-A-0042-sw0.25-five_year-domain_augmented,True,
s2-A-0042-sw0.25-half_life_2-plain,True,
s2-A-0042-sw0.25-half_life_2-domain_augmented,True,
s2-A-0042-sw0.25-half_life_4-plain,True,
s2-A-0042-sw0.25-half_life_4-domain_augmented,True,
s2-A-0042-sw0.25-half_life_6-plain,True,
s2-A-0042-sw0.25-half_life_6-domain_augmented,True,
s2-A-0042-sw0.50-all_history-plain,True,
s2-A-0042-sw0.50-all_history-domain_augmented,True,
s2-A-0042-sw0.50-five_year-plain,True,
s2-A-0042-sw0.50-five_year-domain_augmented,True,
s2-A-0042-sw0.50-half_life_2-plain,True,
s2-A-0042-sw0.50-half_life_2-domain_augmented,True,
s2-A-0042-sw0.50-half_life_4-plain,True,
s2-A-0042-sw0.50-half_life_4-domain_augmented,True,
s2-A-0042-sw0.50-half_life_6-plain,True,
s2-A-0042-sw0.50-half_life_6-domain_augmented,True,
s2-A-0042-ensemble-0.25,True,requires compatible top pair
s2-A-0042-ensemble-0.50,True,requires compatible top pair
s2-A-0042-ensemble-0.75,True,requires compatible top pair
s2-A-0043-sw0.00-all_history-plain,True,
s2-A-0043-sw0.00-all_history-domain_augmented,True,
s2-A-0043-sw0.00-five_year-plain,True,
s2-A-0043-sw0.00-five_year-domain_augmented,True,
s2-A-0043-sw0.00-half_life_2-plain,True,
s2-A-0043-sw0.00-half_life_2-domain_augmented,True,
s2-A-0043-sw0.00-half_life_4-plain,True,
s2-A-0043-sw0.00-half_life_4-domain_augmented,True,
s2-A-0043-sw0.00-half_life_6-plain,True,
s2-A-0043-sw0.00-half_life_6-domain_augmented,True,
s2-A-0043-sw0.10-all_history-plain,True,
s2-A-0043-sw0.10-all_history-domain_augmented,True,
s2-A-0043-sw0.10-five_year-plain,True,
s2-A-0043-sw0.10-five_year-domain_augmented,True,
s2-A-0043-sw0.10-half_life_2-plain,True,
s2-A-0043-sw0.10-half_life_2-domain_augmented,True,
s2-A-0043-sw0.10-half_life_4-plain,True,
s2-A-0043-sw0.10-half_life_4-domain_augmented,True,
s2-A-0043-sw0.10-half_life_6-plain,True,
s2-A-0043-sw0.10-half_life_6-domain_augmented,True,
s2-A-0043-sw0.25-all_history-plain,True,
s2-A-0043-sw0.25-all_history-domain_augmented,True,
s2-A-0043-sw0.25-five_year-plain,True,
s2-A-0043-sw0.25-five_year-domain_augmented,True,
s2-A-0043-sw0.25-half_life_2-plain,True,
s2-A-0043-sw0.25-half_life_2-domain_augmented,True,
s2-A-0043-sw0.25-half_life_4-plain,True,
s2-A-0043-sw0.25-half_life_4-domain_augmented,True,
s2-A-0043-sw0.25-half_life_6-plain,True,
s2-A-0043-sw0.25-half_life_6-domain_augmented,True,
s2-A-0043-sw0.50-all_history-plain,True,
s2-A-0043-sw0.50-all_history-domain_augmented,True,
s2-A-0043-sw0.50-five_year-plain,True,
s2-A-0043-sw0.50-five_year-domain_augmented,True,
s2-A-0043-sw0.50-half_life_2-plain,True,
s2-A-0043-sw0.50-half_life_2-domain_augmented,True,
s2-A-0043-sw0.50-half_life_4-plain,True,
s2-A-0043-sw0.50-half_life_4-domain_augmented,True,
s2-A-0043-sw0.50-half_life_6-plain,True,
s2-A-0043-sw0.50-half_life_6-domain_augmented,True,
s2-A-0043-ensemble-0.25,True,requires compatible top pair
s2-A-0043-ensemble-0.50,True,requires compatible top pair
s2-A-0043-ensemble-0.75,True,requires compatible top pair
s2-A-0044-sw0.00-all_history-plain,True,
s2-A-0044-sw0.00-all_history-domain_augmented,True,
s2-A-0044-sw0.00-five_year-plain,True,
s2-A-0044-sw0.00-five_year-domain_augmented,True,
s2-A-0044-sw0.00-half_life_2-plain,True,
s2-A-0044-sw0.00-half_life_2-domain_augmented,True,
s2-A-0044-sw0.00-half_life_4-plain,True,
s2-A-0044-sw0.00-half_life_4-domain_augmented,True,
s2-A-0044-sw0.00-half_life_6-plain,True,
s2-A-0044-sw0.00-half_life_6-domain_augmented,True,
s2-A-0044-sw0.10-all_history-plain,True,
s2-A-0044-sw0.10-all_history-domain_augmented,True,
s2-A-0044-sw0.10-five_year-plain,True,
s2-A-0044-sw0.10-five_year-domain_augmented,True,
s2-A-0044-sw0.10-half_life_2-plain,True,
s2-A-0044-sw0.10-half_life_2-domain_augmented,True,
s2-A-0044-sw0.10-half_life_4-plain,True,
s2-A-0044-sw0.10-half_life_4-domain_augmented,True,
s2-A-0044-sw0.10-half_life_6-plain,True,
s2-A-0044-sw0.10-half_life_6-domain_augmented,True,
s2-A-0044-sw0.25-all_history-plain,True,
s2-A-0044-sw0.25-all_history-domain_augmented,True,
s2-A-0044-sw0.25-five_year-plain,True,
s2-A-0044-sw0.25-five_year-domain_augmented,True,
s2-A-0044-sw0.25-half_life_2-plain,True,
s2-A-0044-sw0.25-half_life_2-domain_augmented,True,
s2-A-0044-sw0.25-half_life_4-plain,True,
s2-A-0044-sw0.25-half_life_4-domain_augmented,True,
s2-A-0044-sw0.25-half_life_6-plain,True,
s2-A-0044-sw0.25-half_life_6-domain_augmented,True,
s2-A-0044-sw0.50-all_history-plain,True,
s2-A-0044-sw0.50-all_history-domain_augmented,True,
s2-A-0044-sw0.50-five_year-plain,True,
s2-A-0044-sw0.50-five_year-domain_augmented,True,
s2-A-0044-sw0.50-half_life_2-plain,True,
s2-A-0044-sw0.50-half_life_2-domain_augmented,True,
s2-A-0044-sw0.50-half_life_4-plain,True,
s2-A-0044-sw0.50-half_life_4-domain_augmented,True,
s2-A-0044-sw0.50-half_life_6-plain,True,
s2-A-0044-sw0.50-half_life_6-domain_augmented,True,
s2-A-0044-ensemble-0.25,True,requires compatible top pair
s2-A-0044-ensemble-0.50,True,requires compatible top pair
s2-A-0044-ensemble-0.75,True,requires compatible top pair
s2-A-0045-sw0.00-all_history-plain,True,
s2-A-0045-sw0.00-all_history-domain_augmented,True,
s2-A-0045-sw0.00-five_year-plain,True,
s2-A-0045-sw0.00-five_year-domain_augmented,True,
s2-A-0045-sw0.00-half_life_2-plain,True,
s2-A-0045-sw0.00-half_life_2-domain_augmented,True,
s2-A-0045-sw0.00-half_life_4-plain,True,
s2-A-0045-sw0.00-half_life_4-domain_augmented,True,
s2-A-0045-sw0.00-half_life_6-plain,True,
s2-A-0045-sw0.00-half_life_6-domain_augmented,True,
s2-A-0045-sw0.10-all_history-plain,True,
s2-A-0045-sw0.10-all_history-domain_augmented,True,
s2-A-0045-sw0.10-five_year-plain,True,
s2-A-0045-sw0.10-five_year-domain_augmented,True,
s2-A-0045-sw0.10-half_life_2-plain,True,
s2-A-0045-sw0.10-half_life_2-domain_augmented,True,
s2-A-0045-sw0.10-half_life_4-plain,True,
s2-A-0045-sw0.10-half_life_4-domain_augmented,True,
s2-A-0045-sw0.10-half_life_6-plain,True,
s2-A-0045-sw0.10-half_life_6-domain_augmented,True,
s2-A-0045-sw0.25-all_history-plain,True,
s2-A-0045-sw0.25-all_history-domain_augmented,True,
s2-A-0045-sw0.25-five_year-plain,True,
s2-A-0045-sw0.25-five_year-domain_augmented,True,
s2-A-0045-sw0.25-half_life_2-plain,True,
s2-A-0045-sw0.25-half_life_2-domain_augmented,True,
s2-A-0045-sw0.25-half_life_4-plain,True,
s2-A-0045-sw0.25-half_life_4-domain_augmented,True,
s2-A-0045-sw0.25-half_life_6-plain,True,
s2-A-0045-sw0.25-half_life_6-domain_augmented,True,
s2-A-0045-sw0.50-all_history-plain,True,
s2-A-0045-sw0.50-all_history-domain_augmented,True,
s2-A-0045-sw0.50-five_year-plain,True,
s2-A-0045-sw0.50-five_year-domain_augmented,True,
s2-A-0045-sw0.50-half_life_2-plain,True,
s2-A-0045-sw0.50-half_life_2-domain_augmented,True,
s2-A-0045-sw0.50-half_life_4-plain,True,
s2-A-0045-sw0.50-half_life_4-domain_augmented,True,
s2-A-0045-sw0.50-half_life_6-plain,True,
s2-A-0045-sw0.50-half_life_6-domain_augmented,True,
s2-A-0045-ensemble-0.25,True,requires compatible top pair
s2-A-0045-ensemble-0.50,True,requires compatible top pair
s2-A-0045-ensemble-0.75,True,requires compatible top pair
s2-A-0046-sw0.00-all_history-plain,True,
s2-A-0046-sw0.00-all_history-domain_augmented,True,
s2-A-0046-sw0.00-five_year-plain,True,
s2-A-0046-sw0.00-five_year-domain_augmented,True,
s2-A-0046-sw0.00-half_life_2-plain,True,
s2-A-0046-sw0.00-half_life_2-domain_augmented,True,
s2-A-0046-sw0.00-half_life_4-plain,True,
s2-A-0046-sw0.00-half_life_4-domain_augmented,True,
s2-A-0046-sw0.00-half_life_6-plain,True,
s2-A-0046-sw0.00-half_life_6-domain_augmented,True,
s2-A-0046-sw0.10-all_history-plain,True,
s2-A-0046-sw0.10-all_history-domain_augmented,True,
s2-A-0046-sw0.10-five_year-plain,True,
s2-A-0046-sw0.10-five_year-domain_augmented,True,
s2-A-0046-sw0.10-half_life_2-plain,True,
s2-A-0046-sw0.10-half_life_2-domain_augmented,True,
s2-A-0046-sw0.10-half_life_4-plain,True,
s2-A-0046-sw0.10-half_life_4-domain_augmented,True,
s2-A-0046-sw0.10-half_life_6-plain,True,
s2-A-0046-sw0.10-half_life_6-domain_augmented,True,
s2-A-0046-sw0.25-all_history-plain,True,
s2-A-0046-sw0.25-all_history-domain_augmented,True,
s2-A-0046-sw0.25-five_year-plain,True,
s2-A-0046-sw0.25-five_year-domain_augmented,True,
s2-A-0046-sw0.25-half_life_2-plain,True,
s2-A-0046-sw0.25-half_life_2-domain_augmented,True,
s2-A-0046-sw0.25-half_life_4-plain,True,
s2-A-0046-sw0.25-half_life_4-domain_augmented,True,
s2-A-0046-sw0.25-half_life_6-plain,True,
s2-A-0046-sw0.25-half_life_6-domain_augmented,True,
s2-A-0046-sw0.50-all_history-plain,True,
s2-A-0046-sw0.50-all_history-domain_augmented,True,
s2-A-0046-sw0.50-five_year-plain,True,
s2-A-0046-sw0.50-five_year-domain_augmented,True,
s2-A-0046-sw0.50-half_life_2-plain,True,
s2-A-0046-sw0.50-half_life_2-domain_augmented,True,
s2-A-0046-sw0.50-half_life_4-plain,True,
s2-A-0046-sw0.50-half_life_4-domain_augmented,True,
s2-A-0046-sw0.50-half_life_6-plain,True,
s2-A-0046-sw0.50-half_life_6-domain_augmented,True,
s2-A-0046-ensemble-0.25,True,requires compatible top pair
s2-A-0046-ensemble-0.50,True,requires compatible top pair
s2-A-0046-ensemble-0.75,True,requires compatible top pair
s2-A-0047-sw0.00-all_history-plain,True,
s2-A-0047-sw0.00-all_history-domain_augmented,True,
s2-A-0047-sw0.00-five_year-plain,True,
s2-A-0047-sw0.00-five_year-domain_augmented,True,
s2-A-0047-sw0.00-half_life_2-plain,True,
s2-A-0047-sw0.00-half_life_2-domain_augmented,True,
s2-A-0047-sw0.00-half_life_4-plain,True,
s2-A-0047-sw0.00-half_life_4-domain_augmented,True,
s2-A-0047-sw0.00-half_life_6-plain,True,
s2-A-0047-sw0.00-half_life_6-domain_augmented,True,
s2-A-0047-sw0.10-all_history-plain,True,
s2-A-0047-sw0.10-all_history-domain_augmented,True,
s2-A-0047-sw0.10-five_year-plain,True,
s2-A-0047-sw0.10-five_year-domain_augmented,True,
s2-A-0047-sw0.10-half_life_2-plain,True,
s2-A-0047-sw0.10-half_life_2-domain_augmented,True,
s2-A-0047-sw0.10-half_life_4-plain,True,
s2-A-0047-sw0.10-half_life_4-domain_augmented,True,
s2-A-0047-sw0.10-half_life_6-plain,True,
s2-A-0047-sw0.10-half_life_6-domain_augmented,True,
s2-A-0047-sw0.25-all_history-plain,True,
s2-A-0047-sw0.25-all_history-domain_augmented,True,
s2-A-0047-sw0.25-five_year-plain,True,
s2-A-0047-sw0.25-five_year-domain_augmented,True,
s2-A-0047-sw0.25-half_life_2-plain,True,
s2-A-0047-sw0.25-half_life_2-domain_augmented,True,
s2-A-0047-sw0.25-half_life_4-plain,True,
s2-A-0047-sw0.25-half_life_4-domain_augmented,True,
s2-A-0047-sw0.25-half_life_6-plain,True,
s2-A-0047-sw0.25-half_life_6-domain_augmented,True,
s2-A-0047-sw0.50-all_history-plain,True,
s2-A-0047-sw0.50-all_history-domain_augmented,True,
s2-A-0047-sw0.50-five_year-plain,True,
s2-A-0047-sw0.50-five_year-domain_augmented,True,
s2-A-0047-sw0.50-half_life_2-plain,True,
s2-A-0047-sw0.50-half_life_2-domain_augmented,True,
s2-A-0047-sw0.50-half_life_4-plain,True,
s2-A-0047-sw0.50-half_life_4-domain_augmented,True,
s2-A-0047-sw0.50-half_life_6-plain,True,
s2-A-0047-sw0.50-half_life_6-domain_augmented,True,
s2-A-0047-ensemble-0.25,True,requires compatible top pair
s2-A-0047-ensemble-0.50,True,requires compatible top pair
s2-A-0047-ensemble-0.75,True,requires compatible top pair
s2-A-0048-sw0.00-all_history-plain,True,
s2-A-0048-sw0.00-all_history-domain_augmented,True,
s2-A-0048-sw0.00-five_year-plain,True,
s2-A-0048-sw0.00-five_year-domain_augmented,True,
s2-A-0048-sw0.00-half_life_2-plain,True,
s2-A-0048-sw0.00-half_life_2-domain_augmented,True,
s2-A-0048-sw0.00-half_life_4-plain,True,
s2-A-0048-sw0.00-half_life_4-domain_augmented,True,
s2-A-0048-sw0.00-half_life_6-plain,True,
s2-A-0048-sw0.00-half_life_6-domain_augmented,True,
s2-A-0048-sw0.10-all_history-plain,True,
s2-A-0048-sw0.10-all_history-domain_augmented,True,
s2-A-0048-sw0.10-five_year-plain,True,
s2-A-0048-sw0.10-five_year-domain_augmented,True,
s2-A-0048-sw0.10-half_life_2-plain,True,
s2-A-0048-sw0.10-half_life_2-domain_augmented,True,
s2-A-0048-sw0.10-half_life_4-plain,True,
s2-A-0048-sw0.10-half_life_4-domain_augmented,True,
s2-A-0048-sw0.10-half_life_6-plain,True,
s2-A-0048-sw0.10-half_life_6-domain_augmented,True,
s2-A-0048-sw0.25-all_history-plain,True,
s2-A-0048-sw0.25-all_history-domain_augmented,True,
s2-A-0048-sw0.25-five_year-plain,True,
s2-A-0048-sw0.25-five_year-domain_augmented,True,
s2-A-0048-sw0.25-half_life_2-plain,True,
s2-A-0048-sw0.25-half_life_2-domain_augmented,True,
s2-A-0048-sw0.25-half_life_4-plain,True,
s2-A-0048-sw0.25-half_life_4-domain_augmented,True,
s2-A-0048-sw0.25-half_life_6-plain,True,
s2-A-0048-sw0.25-half_life_6-domain_augmented,True,
s2-A-0048-sw0.50-all_history-plain,True,
s2-A-0048-sw0.50-all_history-domain_augmented,True,
s2-A-0048-sw0.50-five_year-plain,True,
s2-A-0048-sw0.50-five_year-domain_augmented,True,
s2-A-0048-sw0.50-half_life_2-plain,True,
s2-A-0048-sw0.50-half_life_2-domain_augmented,True,
s2-A-0048-sw0.50-half_life_4-plain,True,
s2-A-0048-sw0.50-half_life_4-domain_augmented,True,
s2-A-0048-sw0.50-half_life_6-plain,True,
s2-A-0048-sw0.50-half_life_6-domain_augmented,True,
s2-A-0048-ensemble-0.25,True,requires compatible top pair
s2-A-0048-ensemble-0.50,True,requires compatible top pair
s2-A-0048-ensemble-0.75,True,requires compatible top pair
s2-A-0049-sw0.00-all_history-plain,True,
s2-A-0049-sw0.00-all_history-domain_augmented,True,
s2-A-0049-sw0.00-five_year-plain,True,
s2-A-0049-sw0.00-five_year-domain_augmented,True,
s2-A-0049-sw0.00-half_life_2-plain,True,
s2-A-0049-sw0.00-half_life_2-domain_augmented,True,
s2-A-0049-sw0.00-half_life_4-plain,True,
s2-A-0049-sw0.00-half_life_4-domain_augmented,True,
s2-A-0049-sw0.00-half_life_6-plain,True,
s2-A-0049-sw0.00-half_life_6-domain_augmented,True,
s2-A-0049-sw0.10-all_history-plain,True,
s2-A-0049-sw0.10-all_history-domain_augmented,True,
s2-A-0049-sw0.10-five_year-plain,True,
s2-A-0049-sw0.10-five_year-domain_augmented,True,
s2-A-0049-sw0.10-half_life_2-plain,True,
s2-A-0049-sw0.10-half_life_2-domain_augmented,True,
s2-A-0049-sw0.10-half_life_4-plain,True,
s2-A-0049-sw0.10-half_life_4-domain_augmented,True,
s2-A-0049-sw0.10-half_life_6-plain,True,
s2-A-0049-sw0.10-half_life_6-domain_augmented,True,
s2-A-0049-sw0.25-all_history-plain,True,
s2-A-0049-sw0.25-all_history-domain_augmented,True,
s2-A-0049-sw0.25-five_year-plain,True,
s2-A-0049-sw0.25-five_year-domain_augmented,True,
s2-A-0049-sw0.25-half_life_2-plain,True,
s2-A-0049-sw0.25-half_life_2-domain_augmented,True,
s2-A-0049-sw0.25-half_life_4-plain,True,
s2-A-0049-sw0.25-half_life_4-domain_augmented,True,
s2-A-0049-sw0.25-half_life_6-plain,True,
s2-A-0049-sw0.25-half_life_6-domain_augmented,True,
s2-A-0049-sw0.50-all_history-plain,True,
s2-A-0049-sw0.50-all_history-domain_augmented,True,
s2-A-0049-sw0.50-five_year-plain,True,
s2-A-0049-sw0.50-five_year-domain_augmented,True,
s2-A-0049-sw0.50-half_life_2-plain,True,
s2-A-0049-sw0.50-half_life_2-domain_augmented,True,
s2-A-0049-sw0.50-half_life_4-plain,True,
s2-A-0049-sw0.50-half_life_4-domain_augmented,True,
s2-A-0049-sw0.50-half_life_6-plain,True,
s2-A-0049-sw0.50-half_life_6-domain_augmented,True,
s2-A-0049-ensemble-0.25,True,requires compatible top pair
s2-A-0049-ensemble-0.50,True,requires compatible top pair
s2-A-0049-ensemble-0.75,True,requires compatible top pair
s2-A-0050-sw0.00-all_history-plain,True,
s2-A-0050-sw0.00-all_history-domain_augmented,True,
s2-A-0050-sw0.00-five_year-plain,True,
s2-A-0050-sw0.00-five_year-domain_augmented,True,
s2-A-0050-sw0.00-half_life_2-plain,True,
s2-A-0050-sw0.00-half_life_2-domain_augmented,True,
s2-A-0050-sw0.00-half_life_4-plain,True,
s2-A-0050-sw0.00-half_life_4-domain_augmented,True,
s2-A-0050-sw0.00-half_life_6-plain,True,
s2-A-0050-sw0.00-half_life_6-domain_augmented,True,
s2-A-0050-sw0.10-all_history-plain,True,
s2-A-0050-sw0.10-all_history-domain_augmented,True,
s2-A-0050-sw0.10-five_year-plain,True,
s2-A-0050-sw0.10-five_year-domain_augmented,True,
s2-A-0050-sw0.10-half_life_2-plain,True,
s2-A-0050-sw0.10-half_life_2-domain_augmented,True,
s2-A-0050-sw0.10-half_life_4-plain,True,
s2-A-0050-sw0.10-half_life_4-domain_augmented,True,
s2-A-0050-sw0.10-half_life_6-plain,True,
s2-A-0050-sw0.10-half_life_6-domain_augmented,True,
s2-A-0050-sw0.25-all_history-plain,True,
s2-A-0050-sw0.25-all_history-domain_augmented,True,
s2-A-0050-sw0.25-five_year-plain,True,
s2-A-0050-sw0.25-five_year-domain_augmented,True,
s2-A-0050-sw0.25-half_life_2-plain,True,
s2-A-0050-sw0.25-half_life_2-domain_augmented,True,
s2-A-0050-sw0.25-half_life_4-plain,True,
s2-A-0050-sw0.25-half_life_4-domain_augmented,True,
s2-A-0050-sw0.25-half_life_6-plain,True,
s2-A-0050-sw0.25-half_life_6-domain_augmented,True,
s2-A-0050-sw0.50-all_history-plain,True,
s2-A-0050-sw0.50-all_history-domain_augmented,True,
s2-A-0050-sw0.50-five_year-plain,True,
s2-A-0050-sw0.50-five_year-domain_augmented,True,
s2-A-0050-sw0.50-half_life_2-plain,True,
s2-A-0050-sw0.50-half_life_2-domain_augmented,True,
s2-A-0050-sw0.50-half_life_4-plain,True,
s2-A-0050-sw0.50-half_life_4-domain_augmented,True,
s2-A-0050-sw0.50-half_life_6-plain,True,
s2-A-0050-sw0.50-half_life_6-domain_augmented,True,
s2-A-0050-ensemble-0.25,True,requires compatible top pair
s2-A-0050-ensemble-0.50,True,requires compatible top pair
s2-A-0050-ensemble-0.75,True,requires compatible top pair
s2-A-0051-sw0.00-all_history-plain,True,
s2-A-0051-sw0.00-all_history-domain_augmented,True,
s2-A-0051-sw0.00-five_year-plain,True,
s2-A-0051-sw0.00-five_year-domain_augmented,True,
s2-A-0051-sw0.00-half_life_2-plain,True,
s2-A-0051-sw0.00-half_life_2-domain_augmented,True,
s2-A-0051-sw0.00-half_life_4-plain,True,
s2-A-0051-sw0.00-half_life_4-domain_augmented,True,
s2-A-0051-sw0.00-half_life_6-plain,True,
s2-A-0051-sw0.00-half_life_6-domain_augmented,True,
s2-A-0051-sw0.10-all_history-plain,True,
s2-A-0051-sw0.10-all_history-domain_augmented,True,
s2-A-0051-sw0.10-five_year-plain,True,
s2-A-0051-sw0.10-five_year-domain_augmented,True,
s2-A-0051-sw0.10-half_life_2-plain,True,
s2-A-0051-sw0.10-half_life_2-domain_augmented,True,
s2-A-0051-sw0.10-half_life_4-plain,True,
s2-A-0051-sw0.10-half_life_4-domain_augmented,True,
s2-A-0051-sw0.10-half_life_6-plain,True,
s2-A-0051-sw0.10-half_life_6-domain_augmented,True,
s2-A-0051-sw0.25-all_history-plain,True,
s2-A-0051-sw0.25-all_history-domain_augmented,True,
s2-A-0051-sw0.25-five_year-plain,True,
s2-A-0051-sw0.25-five_year-domain_augmented,True,
s2-A-0051-sw0.25-half_life_2-plain,True,
s2-A-0051-sw0.25-half_life_2-domain_augmented,True,
s2-A-0051-sw0.25-half_life_4-plain,True,
s2-A-0051-sw0.25-half_life_4-domain_augmented,True,
s2-A-0051-sw0.25-half_life_6-plain,True,
s2-A-0051-sw0.25-half_life_6-domain_augmented,True,
s2-A-0051-sw0.50-all_history-plain,True,
s2-A-0051-sw0.50-all_history-domain_augmented,True,
s2-A-0051-sw0.50-five_year-plain,True,
s2-A-0051-sw0.50-five_year-domain_augmented,True,
s2-A-0051-sw0.50-half_life_2-plain,True,
s2-A-0051-sw0.50-half_life_2-domain_augmented,True,
s2-A-0051-sw0.50-half_life_4-plain,True,
s2-A-0051-sw0.50-half_life_4-domain_augmented,True,
s2-A-0051-sw0.50-half_life_6-plain,True,
s2-A-0051-sw0.50-half_life_6-domain_augmented,True,
s2-A-0051-ensemble-0.25,True,requires compatible top pair
s2-A-0051-ensemble-0.50,True,requires compatible top pair
s2-A-0051-ensemble-0.75,True,requires compatible top pair
s2-A-0052-sw0.00-all_history-plain,True,
s2-A-0052-sw0.00-all_history-domain_augmented,True,
s2-A-0052-sw0.00-five_year-plain,True,
s2-A-0052-sw0.00-five_year-domain_augmented,True,
s2-A-0052-sw0.00-half_life_2-plain,True,
s2-A-0052-sw0.00-half_life_2-domain_augmented,True,
s2-A-0052-sw0.00-half_life_4-plain,True,
s2-A-0052-sw0.00-half_life_4-domain_augmented,True,
s2-A-0052-sw0.00-half_life_6-plain,True,
s2-A-0052-sw0.00-half_life_6-domain_augmented,True,
s2-A-0052-sw0.10-all_history-plain,True,
s2-A-0052-sw0.10-all_history-domain_augmented,True,
s2-A-0052-sw0.10-five_year-plain,True,
s2-A-0052-sw0.10-five_year-domain_augmented,True,
s2-A-0052-sw0.10-half_life_2-plain,True,
s2-A-0052-sw0.10-half_life_2-domain_augmented,True,
s2-A-0052-sw0.10-half_life_4-plain,True,
s2-A-0052-sw0.10-half_life_4-domain_augmented,True,
s2-A-0052-sw0.10-half_life_6-plain,True,
s2-A-0052-sw0.10-half_life_6-domain_augmented,True,
s2-A-0052-sw0.25-all_history-plain,True,
s2-A-0052-sw0.25-all_history-domain_augmented,True,
s2-A-0052-sw0.25-five_year-plain,True,
s2-A-0052-sw0.25-five_year-domain_augmented,True,
s2-A-0052-sw0.25-half_life_2-plain,True,
s2-A-0052-sw0.25-half_life_2-domain_augmented,True,
s2-A-0052-sw0.25-half_life_4-plain,True,
s2-A-0052-sw0.25-half_life_4-domain_augmented,True,
s2-A-0052-sw0.25-half_life_6-plain,True,
s2-A-0052-sw0.25-half_life_6-domain_augmented,True,
s2-A-0052-sw0.50-all_history-plain,True,
s2-A-0052-sw0.50-all_history-domain_augmented,True,
s2-A-0052-sw0.50-five_year-plain,True,
s2-A-0052-sw0.50-five_year-domain_augmented,True,
s2-A-0052-sw0.50-half_life_2-plain,True,
s2-A-0052-sw0.50-half_life_2-domain_augmented,True,
s2-A-0052-sw0.50-half_life_4-plain,True,
s2-A-0052-sw0.50-half_life_4-domain_augmented,True,
s2-A-0052-sw0.50-half_life_6-plain,True,
s2-A-0052-sw0.50-half_life_6-domain_augmented,True,
s2-A-0052-ensemble-0.25,True,requires compatible top pair
s2-A-0052-ensemble-0.50,True,requires compatible top pair
s2-A-0052-ensemble-0.75,True,requires compatible top pair
s2-A-0053-sw0.00-all_history-plain,True,
s2-A-0053-sw0.00-all_history-domain_augmented,True,
s2-A-0053-sw0.00-five_year-plain,True,
s2-A-0053-sw0.00-five_year-domain_augmented,True,
s2-A-0053-sw0.00-half_life_2-plain,True,
s2-A-0053-sw0.00-half_life_2-domain_augmented,True,
s2-A-0053-sw0.00-half_life_4-plain,True,
s2-A-0053-sw0.00-half_life_4-domain_augmented,True,
s2-A-0053-sw0.00-half_life_6-plain,True,
s2-A-0053-sw0.00-half_life_6-domain_augmented,True,
s2-A-0053-sw0.10-all_history-plain,True,
s2-A-0053-sw0.10-all_history-domain_augmented,True,
s2-A-0053-sw0.10-five_year-plain,True,
s2-A-0053-sw0.10-five_year-domain_augmented,True,
s2-A-0053-sw0.10-half_life_2-plain,True,
s2-A-0053-sw0.10-half_life_2-domain_augmented,True,
s2-A-0053-sw0.10-half_life_4-plain,True,
s2-A-0053-sw0.10-half_life_4-domain_augmented,True,
s2-A-0053-sw0.10-half_life_6-plain,True,
s2-A-0053-sw0.10-half_life_6-domain_augmented,True,
s2-A-0053-sw0.25-all_history-plain,True,
s2-A-0053-sw0.25-all_history-domain_augmented,True,
s2-A-0053-sw0.25-five_year-plain,True,
s2-A-0053-sw0.25-five_year-domain_augmented,True,
s2-A-0053-sw0.25-half_life_2-plain,True,
s2-A-0053-sw0.25-half_life_2-domain_augmented,True,
s2-A-0053-sw0.25-half_life_4-plain,True,
s2-A-0053-sw0.25-half_life_4-domain_augmented,True,
s2-A-0053-sw0.25-half_life_6-plain,True,
s2-A-0053-sw0.25-half_life_6-domain_augmented,True,
s2-A-0053-sw0.50-all_history-plain,True,
s2-A-0053-sw0.50-all_history-domain_augmented,True,
s2-A-0053-sw0.50-five_year-plain,True,
s2-A-0053-sw0.50-five_year-domain_augmented,True,
s2-A-0053-sw0.50-half_life_2-plain,True,
s2-A-0053-sw0.50-half_life_2-domain_augmented,True,
s2-A-0053-sw0.50-half_life_4-plain,True,
s2-A-0053-sw0.50-half_life_4-domain_augmented,True,
s2-A-0053-sw0.50-half_life_6-plain,True,
s2-A-0053-sw0.50-half_life_6-domain_augmented,True,
s2-A-0053-ensemble-0.25,True,requires compatible top pair
s2-A-0053-ensemble-0.50,True,requires compatible top pair
s2-A-0053-ensemble-0.75,True,requires compatible top pair
s2-A-0054-sw0.00-all_history-plain,True,
s2-A-0054-sw0.00-all_history-domain_augmented,True,
s2-A-0054-sw0.00-five_year-plain,True,
s2-A-0054-sw0.00-five_year-domain_augmented,True,
s2-A-0054-sw0.00-half_life_2-plain,True,
s2-A-0054-sw0.00-half_life_2-domain_augmented,True,
s2-A-0054-sw0.00-half_life_4-plain,True,
s2-A-0054-sw0.00-half_life_4-domain_augmented,True,
s2-A-0054-sw0.00-half_life_6-plain,True,
s2-A-0054-sw0.00-half_life_6-domain_augmented,True,
s2-A-0054-sw0.10-all_history-plain,True,
s2-A-0054-sw0.10-all_history-domain_augmented,True,
s2-A-0054-sw0.10-five_year-plain,True,
s2-A-0054-sw0.10-five_year-domain_augmented,True,
s2-A-0054-sw0.10-half_life_2-plain,True,
s2-A-0054-sw0.10-half_life_2-domain_augmented,True,
s2-A-0054-sw0.10-half_life_4-plain,True,
s2-A-0054-sw0.10-half_life_4-domain_augmented,True,
s2-A-0054-sw0.10-half_life_6-plain,True,
s2-A-0054-sw0.10-half_life_6-domain_augmented,True,
s2-A-0054-sw0.25-all_history-plain,True,
s2-A-0054-sw0.25-all_history-domain_augmented,True,
s2-A-0054-sw0.25-five_year-plain,True,
s2-A-0054-sw0.25-five_year-domain_augmented,True,
s2-A-0054-sw0.25-half_life_2-plain,True,
s2-A-0054-sw0.25-half_life_2-domain_augmented,True,
s2-A-0054-sw0.25-half_life_4-plain,True,
s2-A-0054-sw0.25-half_life_4-domain_augmented,True,
s2-A-0054-sw0.25-half_life_6-plain,True,
s2-A-0054-sw0.25-half_life_6-domain_augmented,True,
s2-A-0054-sw0.50-all_history-plain,True,
s2-A-0054-sw0.50-all_history-domain_augmented,True,
s2-A-0054-sw0.50-five_year-plain,True,
s2-A-0054-sw0.50-five_year-domain_augmented,True,
s2-A-0054-sw0.50-half_life_2-plain,True,
s2-A-0054-sw0.50-half_life_2-domain_augmented,True,
s2-A-0054-sw0.50-half_life_4-plain,True,
s2-A-0054-sw0.50-half_life_4-domain_augmented,True,
s2-A-0054-sw0.50-half_life_6-plain,True,
s2-A-0054-sw0.50-half_life_6-domain_augmented,True,
s2-A-0054-ensemble-0.25,True,requires compatible top pair
s2-A-0054-ensemble-0.50,True,requires compatible top pair
s2-A-0054-ensemble-0.75,True,requires compatible top pair
s2-A-0055-sw0.00-all_history-plain,True,
s2-A-0055-sw0.00-all_history-domain_augmented,True,
s2-A-0055-sw0.00-five_year-plain,True,
s2-A-0055-sw0.00-five_year-domain_augmented,True,
s2-A-0055-sw0.00-half_life_2-plain,True,
s2-A-0055-sw0.00-half_life_2-domain_augmented,True,
s2-A-0055-sw0.00-half_life_4-plain,True,
s2-A-0055-sw0.00-half_life_4-domain_augmented,True,
s2-A-0055-sw0.00-half_life_6-plain,True,
s2-A-0055-sw0.00-half_life_6-domain_augmented,True,
s2-A-0055-sw0.10-all_history-plain,True,
s2-A-0055-sw0.10-all_history-domain_augmented,True,
s2-A-0055-sw0.10-five_year-plain,True,
s2-A-0055-sw0.10-five_year-domain_augmented,True,
s2-A-0055-sw0.10-half_life_2-plain,True,
s2-A-0055-sw0.10-half_life_2-domain_augmented,True,
s2-A-0055-sw0.10-half_life_4-plain,True,
s2-A-0055-sw0.10-half_life_4-domain_augmented,True,
s2-A-0055-sw0.10-half_life_6-plain,True,
s2-A-0055-sw0.10-half_life_6-domain_augmented,True,
s2-A-0055-sw0.25-all_history-plain,True,
s2-A-0055-sw0.25-all_history-domain_augmented,True,
s2-A-0055-sw0.25-five_year-plain,True,
s2-A-0055-sw0.25-five_year-domain_augmented,True,
s2-A-0055-sw0.25-half_life_2-plain,True,
s2-A-0055-sw0.25-half_life_2-domain_augmented,True,
s2-A-0055-sw0.25-half_life_4-plain,True,
s2-A-0055-sw0.25-half_life_4-domain_augmented,True,
s2-A-0055-sw0.25-half_life_6-plain,True,
s2-A-0055-sw0.25-half_life_6-domain_augmented,True,
s2-A-0055-sw0.50-all_history-plain,True,
s2-A-0055-sw0.50-all_history-domain_augmented,True,
s2-A-0055-sw0.50-five_year-plain,True,
s2-A-0055-sw0.50-five_year-domain_augmented,True,
s2-A-0055-sw0.50-half_life_2-plain,True,
s2-A-0055-sw0.50-half_life_2-domain_augmented,True,
s2-A-0055-sw0.50-half_life_4-plain,True,
s2-A-0055-sw0.50-half_life_4-domain_augmented,True,
s2-A-0055-sw0.50-half_life_6-plain,True,
s2-A-0055-sw0.50-half_life_6-domain_augmented,True,
s2-A-0055-ensemble-0.25,True,requires compatible top pair
s2-A-0055-ensemble-0.50,True,requires compatible top pair
s2-A-0055-ensemble-0.75,True,requires compatible top pair
s2-A-0056-sw0.00-all_history-plain,True,
s2-A-0056-sw0.00-all_history-domain_augmented,True,
s2-A-0056-sw0.00-five_year-plain,True,
s2-A-0056-sw0.00-five_year-domain_augmented,True,
s2-A-0056-sw0.00-half_life_2-plain,True,
s2-A-0056-sw0.00-half_life_2-domain_augmented,True,
s2-A-0056-sw0.00-half_life_4-plain,True,
s2-A-0056-sw0.00-half_life_4-domain_augmented,True,
s2-A-0056-sw0.00-half_life_6-plain,True,
s2-A-0056-sw0.00-half_life_6-domain_augmented,True,
s2-A-0056-sw0.10-all_history-plain,True,
s2-A-0056-sw0.10-all_history-domain_augmented,True,
s2-A-0056-sw0.10-five_year-plain,True,
s2-A-0056-sw0.10-five_year-domain_augmented,True,
s2-A-0056-sw0.10-half_life_2-plain,True,
s2-A-0056-sw0.10-half_life_2-domain_augmented,True,
s2-A-0056-sw0.10-half_life_4-plain,True,
s2-A-0056-sw0.10-half_life_4-domain_augmented,True,
s2-A-0056-sw0.10-half_life_6-plain,True,
s2-A-0056-sw0.10-half_life_6-domain_augmented,True,
s2-A-0056-sw0.25-all_history-plain,True,
s2-A-0056-sw0.25-all_history-domain_augmented,True,
s2-A-0056-sw0.25-five_year-plain,True,
s2-A-0056-sw0.25-five_year-domain_augmented,True,
s2-A-0056-sw0.25-half_life_2-plain,True,
s2-A-0056-sw0.25-half_life_2-domain_augmented,True,
s2-A-0056-sw0.25-half_life_4-plain,True,
s2-A-0056-sw0.25-half_life_4-domain_augmented,True,
s2-A-0056-sw0.25-half_life_6-plain,True,
s2-A-0056-sw0.25-half_life_6-domain_augmented,True,
s2-A-0056-sw0.50-all_history-plain,True,
s2-A-0056-sw0.50-all_history-domain_augmented,True,
s2-A-0056-sw0.50-five_year-plain,True,
s2-A-0056-sw0.50-five_year-domain_augmented,True,
s2-A-0056-sw0.50-half_life_2-plain,True,
s2-A-0056-sw0.50-half_life_2-domain_augmented,True,
s2-A-0056-sw0.50-half_life_4-plain,True,
s2-A-0056-sw0.50-half_life_4-domain_augmented,True,
s2-A-0056-sw0.50-half_life_6-plain,True,
s2-A-0056-sw0.50-half_life_6-domain_augmented,True,
s2-A-0056-ensemble-0.25,True,requires compatible top pair
s2-A-0056-ensemble-0.50,True,requires compatible top pair
s2-A-0056-ensemble-0.75,True,requires compatible top pair
s2-A-0057-sw0.00-all_history-plain,True,
s2-A-0057-sw0.00-all_history-domain_augmented,True,
s2-A-0057-sw0.00-five_year-plain,True,
s2-A-0057-sw0.00-five_year-domain_augmented,True,
s2-A-0057-sw0.00-half_life_2-plain,True,
s2-A-0057-sw0.00-half_life_2-domain_augmented,True,
s2-A-0057-sw0.00-half_life_4-plain,True,
s2-A-0057-sw0.00-half_life_4-domain_augmented,True,
s2-A-0057-sw0.00-half_life_6-plain,True,
s2-A-0057-sw0.00-half_life_6-domain_augmented,True,
s2-A-0057-sw0.10-all_history-plain,True,
s2-A-0057-sw0.10-all_history-domain_augmented,True,
s2-A-0057-sw0.10-five_year-plain,True,
s2-A-0057-sw0.10-five_year-domain_augmented,True,
s2-A-0057-sw0.10-half_life_2-plain,True,
s2-A-0057-sw0.10-half_life_2-domain_augmented,True,
s2-A-0057-sw0.10-half_life_4-plain,True,
s2-A-0057-sw0.10-half_life_4-domain_augmented,True,
s2-A-0057-sw0.10-half_life_6-plain,True,
s2-A-0057-sw0.10-half_life_6-domain_augmented,True,
s2-A-0057-sw0.25-all_history-plain,True,
s2-A-0057-sw0.25-all_history-domain_augmented,True,
s2-A-0057-sw0.25-five_year-plain,True,
s2-A-0057-sw0.25-five_year-domain_augmented,True,
s2-A-0057-sw0.25-half_life_2-plain,True,
s2-A-0057-sw0.25-half_life_2-domain_augmented,True,
s2-A-0057-sw0.25-half_life_4-plain,True,
s2-A-0057-sw0.25-half_life_4-domain_augmented,True,
s2-A-0057-sw0.25-half_life_6-plain,True,
s2-A-0057-sw0.25-half_life_6-domain_augmented,True,
s2-A-0057-sw0.50-all_history-plain,True,
s2-A-0057-sw0.50-all_history-domain_augmented,True,
s2-A-0057-sw0.50-five_year-plain,True,
s2-A-0057-sw0.50-five_year-domain_augmented,True,
s2-A-0057-sw0.50-half_life_2-plain,True,
s2-A-0057-sw0.50-half_life_2-domain_augmented,True,
s2-A-0057-sw0.50-half_life_4-plain,True,
s2-A-0057-sw0.50-half_life_4-domain_augmented,True,
s2-A-0057-sw0.50-half_life_6-plain,True,
s2-A-0057-sw0.50-half_life_6-domain_augmented,True,
s2-A-0058-sw0.00-all_history-plain,True,
s2-A-0058-sw0.00-all_history-domain_augmented,True,
s2-A-0058-sw0.00-five_year-plain,True,
s2-A-0058-sw0.00-five_year-domain_augmented,True,
s2-A-0058-sw0.00-half_life_2-plain,True,
s2-A-0058-sw0.00-half_life_2-domain_augmented,True,
s2-A-0058-sw0.00-half_life_4-plain,True,
s2-A-0058-sw0.00-half_life_4-domain_augmented,True,
s2-A-0058-sw0.00-half_life_6-plain,True,
s2-A-0058-sw0.00-half_life_6-domain_augmented,True,
s2-A-0058-sw0.10-all_history-plain,True,
s2-A-0058-sw0.10-all_history-domain_augmented,True,
s2-A-0058-sw0.10-five_year-plain,True,
s2-A-0058-sw0.10-five_year-domain_augmented,True,
s2-A-0058-sw0.10-half_life_2-plain,True,
s2-A-0058-sw0.10-half_life_2-domain_augmented,True,
s2-A-0058-sw0.10-half_life_4-plain,True,
s2-A-0058-sw0.10-half_life_4-domain_augmented,True,
s2-A-0058-sw0.10-half_life_6-plain,True,
s2-A-0058-sw0.10-half_life_6-domain_augmented,True,
s2-A-0058-sw0.25-all_history-plain,True,
s2-A-0058-sw0.25-all_history-domain_augmented,True,
s2-A-0058-sw0.25-five_year-plain,True,
s2-A-0058-sw0.25-five_year-domain_augmented,True,
s2-A-0058-sw0.25-half_life_2-plain,True,
s2-A-0058-sw0.25-half_life_2-domain_augmented,True,
s2-A-0058-sw0.25-half_life_4-plain,True,
s2-A-0058-sw0.25-half_life_4-domain_augmented,True,
s2-A-0058-sw0.25-half_life_6-plain,True,
s2-A-0058-sw0.25-half_life_6-domain_augmented,True,
s2-A-0058-sw0.50-all_history-plain,True,
s2-A-0058-sw0.50-all_history-domain_augmented,True,
s2-A-0058-sw0.50-five_year-plain,True,
s2-A-0058-sw0.50-five_year-domain_augmented,True,
s2-A-0058-sw0.50-half_life_2-plain,True,
s2-A-0058-sw0.50-half_life_2-domain_augmented,True,
s2-A-0058-sw0.50-half_life_4-plain,True,
s2-A-0058-sw0.50-half_life_4-domain_augmented,True,
s2-A-0058-sw0.50-half_life_6-plain,True,
s2-A-0058-sw0.50-half_life_6-domain_augmented,True,
s2-A-0059-sw0.00-all_history-plain,True,
s2-A-0059-sw0.00-all_history-domain_augmented,True,
s2-A-0059-sw0.00-five_year-plain,True,
s2-A-0059-sw0.00-five_year-domain_augmented,True,
s2-A-0059-sw0.00-half_life_2-plain,True,
s2-A-0059-sw0.00-half_life_2-domain_augmented,True,
s2-A-0059-sw0.00-half_life_4-plain,True,
s2-A-0059-sw0.00-half_life_4-domain_augmented,True,
s2-A-0059-sw0.00-half_life_6-plain,True,
s2-A-0059-sw0.00-half_life_6-domain_augmented,True,
s2-A-0059-sw0.10-all_history-plain,True,
s2-A-0059-sw0.10-all_history-domain_augmented,True,
s2-A-0059-sw0.10-five_year-plain,True,
s2-A-0059-sw0.10-five_year-domain_augmented,True,
s2-A-0059-sw0.10-half_life_2-plain,True,
s2-A-0059-sw0.10-half_life_2-domain_augmented,True,
s2-A-0059-sw0.10-half_life_4-plain,True,
s2-A-0059-sw0.10-half_life_4-domain_augmented,True,
s2-A-0059-sw0.10-half_life_6-plain,True,
s2-A-0059-sw0.10-half_life_6-domain_augmented,True,
s2-A-0059-sw0.25-all_history-plain,True,
s2-A-0059-sw0.25-all_history-domain_augmented,True,
s2-A-0059-sw0.25-five_year-plain,True,
s2-A-0059-sw0.25-five_year-domain_augmented,True,
s2-A-0059-sw0.25-half_life_2-plain,True,
s2-A-0059-sw0.25-half_life_2-domain_augmented,True,
s2-A-0059-sw0.25-half_life_4-plain,True,
s2-A-0059-sw0.25-half_life_4-domain_augmented,True,
s2-A-0059-sw0.25-half_life_6-plain,True,
s2-A-0059-sw0.25-half_life_6-domain_augmented,True,
s2-A-0059-sw0.50-all_history-plain,True,
s2-A-0059-sw0.50-all_history-domain_augmented,True,
s2-A-0059-sw0.50-five_year-plain,True,
s2-A-0059-sw0.50-five_year-domain_augmented,True,
s2-A-0059-sw0.50-half_life_2-plain,True,
s2-A-0059-sw0.50-half_life_2-domain_augmented,True,
s2-A-0059-sw0.50-half_life_4-plain,True,
s2-A-0059-sw0.50-half_life_4-domain_augmented,True,
s2-A-0059-sw0.50-half_life_6-plain,True,
s2-A-0059-sw0.50-half_life_6-domain_augmented,True,
s2-A-0060-sw0.00-all_history-plain,True,
s2-A-0060-sw0.00-all_history-domain_augmented,True,
s2-A-0060-sw0.00-five_year-plain,True,
s2-A-0060-sw0.00-five_year-domain_augmented,True,
s2-A-0060-sw0.00-half_life_2-plain,True,
s2-A-0060-sw0.00-half_life_2-domain_augmented,True,
s2-A-0060-sw0.00-half_life_4-plain,True,
s2-A-0060-sw0.00-half_life_4-domain_augmented,True,
s2-A-0060-sw0.00-half_life_6-plain,True,
s2-A-0060-sw0.00-half_life_6-domain_augmented,True,
s2-A-0060-sw0.10-all_history-plain,True,
s2-A-0060-sw0.10-all_history-domain_augmented,True,
s2-A-0060-sw0.10-five_year-plain,True,
s2-A-0060-sw0.10-five_year-domain_augmented,True,
s2-A-0060-sw0.10-half_life_2-plain,True,
s2-A-0060-sw0.10-half_life_2-domain_augmented,True,
s2-A-0060-sw0.10-half_life_4-plain,True,
s2-A-0060-sw0.10-half_life_4-domain_augmented,True,
s2-A-0060-sw0.10-half_life_6-plain,True,
s2-A-0060-sw0.10-half_life_6-domain_augmented,True,
s2-A-0060-sw0.25-all_history-plain,True,
s2-A-0060-sw0.25-all_history-domain_augmented,True,
s2-A-0060-sw0.25-five_year-plain,True,
s2-A-0060-sw0.25-five_year-domain_augmented,True,
s2-A-0060-sw0.25-half_life_2-plain,True,
s2-A-0060-sw0.25-half_life_2-domain_augmented,True,
s2-A-0060-sw0.25-half_life_4-plain,True,
s2-A-0060-sw0.25-half_life_4-domain_augmented,True,
s2-A-0060-sw0.25-half_life_6-plain,True,
s2-A-0060-sw0.25-half_life_6-domain_augmented,True,
s2-A-0060-sw0.50-all_history-plain,True,
s2-A-0060-sw0.50-all_history-domain_augmented,True,
s2-A-0060-sw0.50-five_year-plain,True,
s2-A-0060-sw0.50-five_year-domain_augmented,True,
s2-A-0060-sw0.50-half_life_2-plain,True,
s2-A-0060-sw0.50-half_life_2-domain_augmented,True,
s2-A-0060-sw0.50-half_life_4-plain,True,
s2-A-0060-sw0.50-half_life_4-domain_augmented,True,
s2-A-0060-sw0.50-half_life_6-plain,True,
s2-A-0060-sw0.50-half_life_6-domain_augmented,True,
s2-A-0061-sw0.00-all_history-plain,True,
s2-A-0061-sw0.00-all_history-domain_augmented,True,
s2-A-0061-sw0.00-five_year-plain,True,
s2-A-0061-sw0.00-five_year-domain_augmented,True,
s2-A-0061-sw0.00-half_life_2-plain,True,
s2-A-0061-sw0.00-half_life_2-domain_augmented,True,
s2-A-0061-sw0.00-half_life_4-plain,True,
s2-A-0061-sw0.00-half_life_4-domain_augmented,True,
s2-A-0061-sw0.00-half_life_6-plain,True,
s2-A-0061-sw0.00-half_life_6-domain_augmented,True,
s2-A-0061-sw0.10-all_history-plain,True,
s2-A-0061-sw0.10-all_history-domain_augmented,True,
s2-A-0061-sw0.10-five_year-plain,True,
s2-A-0061-sw0.10-five_year-domain_augmented,True,
s2-A-0061-sw0.10-half_life_2-plain,True,
s2-A-0061-sw0.10-half_life_2-domain_augmented,True,
s2-A-0061-sw0.10-half_life_4-plain,True,
s2-A-0061-sw0.10-half_life_4-domain_augmented,True,
s2-A-0061-sw0.10-half_life_6-plain,True,
s2-A-0061-sw0.10-half_life_6-domain_augmented,True,
s2-A-0061-sw0.25-all_history-plain,True,
s2-A-0061-sw0.25-all_history-domain_augmented,True,
s2-A-0061-sw0.25-five_year-plain,True,
s2-A-0061-sw0.25-five_year-domain_augmented,True,
s2-A-0061-sw0.25-half_life_2-plain,True,
s2-A-0061-sw0.25-half_life_2-domain_augmented,True,
s2-A-0061-sw0.25-half_life_4-plain,True,
s2-A-0061-sw0.25-half_life_4-domain_augmented,True,
s2-A-0061-sw0.25-half_life_6-plain,True,
s2-A-0061-sw0.25-half_life_6-domain_augmented,True,
s2-A-0061-sw0.50-all_history-plain,True,
s2-A-0061-sw0.50-all_history-domain_augmented,True,
s2-A-0061-sw0.50-five_year-plain,True,
s2-A-0061-sw0.50-five_year-domain_augmented,True,
s2-A-0061-sw0.50-half_life_2-plain,True,
s2-A-0061-sw0.50-half_life_2-domain_augmented,True,
s2-A-0061-sw0.50-half_life_4-plain,True,
s2-A-0061-sw0.50-half_life_4-domain_augmented,True,
s2-A-0061-sw0.50-half_life_6-plain,True,
s2-A-0061-sw0.50-half_life_6-domain_augmented,True,
s2-A-0062-sw0.00-all_history-plain,True,
s2-A-0062-sw0.00-all_history-domain_augmented,True,
s2-A-0062-sw0.00-five_year-plain,True,
s2-A-0062-sw0.00-five_year-domain_augmented,True,
s2-A-0062-sw0.00-half_life_2-plain,True,
s2-A-0062-sw0.00-half_life_2-domain_augmented,True,
s2-A-0062-sw0.00-half_life_4-plain,True,
s2-A-0062-sw0.00-half_life_4-domain_augmented,True,
s2-A-0062-sw0.00-half_life_6-plain,True,
s2-A-0062-sw0.00-half_life_6-domain_augmented,True,
s2-A-0062-sw0.10-all_history-plain,True,
s2-A-0062-sw0.10-all_history-domain_augmented,True,
s2-A-0062-sw0.10-five_year-plain,True,
s2-A-0062-sw0.10-five_year-domain_augmented,True,
s2-A-0062-sw0.10-half_life_2-plain,True,
s2-A-0062-sw0.10-half_life_2-domain_augmented,True,
s2-A-0062-sw0.10-half_life_4-plain,True,
s2-A-0062-sw0.10-half_life_4-domain_augmented,True,
s2-A-0062-sw0.10-half_life_6-plain,True,
s2-A-0062-sw0.10-half_life_6-domain_augmented,True,
s2-A-0062-sw0.25-all_history-plain,True,
s2-A-0062-sw0.25-all_history-domain_augmented,True,
s2-A-0062-sw0.25-five_year-plain,True,
s2-A-0062-sw0.25-five_year-domain_augmented,True,
s2-A-0062-sw0.25-half_life_2-plain,True,
s2-A-0062-sw0.25-half_life_2-domain_augmented,True,
s2-A-0062-sw0.25-half_life_4-plain,True,
s2-A-0062-sw0.25-half_life_4-domain_augmented,True,
s2-A-0062-sw0.25-half_life_6-plain,True,
s2-A-0062-sw0.25-half_life_6-domain_augmented,True,
s2-A-0062-sw0.50-all_history-plain,True,
s2-A-0062-sw0.50-all_history-domain_augmented,True,
s2-A-0062-sw0.50-five_year-plain,True,
s2-A-0062-sw0.50-five_year-domain_augmented,True,
s2-A-0062-sw0.50-half_life_2-plain,True,
s2-A-0062-sw0.50-half_life_2-domain_augmented,True,
s2-A-0062-sw0.50-half_life_4-plain,True,
s2-A-0062-sw0.50-half_life_4-domain_augmented,True,
s2-A-0062-sw0.50-half_life_6-plain,True,
s2-A-0062-sw0.50-half_life_6-domain_augmented,True,
s2-A-0063-sw0.00-all_history-plain,True,
s2-A-0063-sw0.00-all_history-domain_augmented,True,
s2-A-0063-sw0.00-five_year-plain,True,
s2-A-0063-sw0.00-five_year-domain_augmented,True,
s2-A-0063-sw0.00-half_life_2-plain,True,
s2-A-0063-sw0.00-half_life_2-domain_augmented,True,
s2-A-0063-sw0.00-half_life_4-plain,True,
s2-A-0063-sw0.00-half_life_4-domain_augmented,True,
s2-A-0063-sw0.00-half_life_6-plain,True,
s2-A-0063-sw0.00-half_life_6-domain_augmented,True,
s2-A-0063-sw0.10-all_history-plain,True,
s2-A-0063-sw0.10-all_history-domain_augmented,True,
s2-A-0063-sw0.10-five_year-plain,True,
s2-A-0063-sw0.10-five_year-domain_augmented,True,
s2-A-0063-sw0.10-half_life_2-plain,True,
s2-A-0063-sw0.10-half_life_2-domain_augmented,True,
s2-A-0063-sw0.10-half_life_4-plain,True,
s2-A-0063-sw0.10-half_life_4-domain_augmented,True,
s2-A-0063-sw0.10-half_life_6-plain,True,
s2-A-0063-sw0.10-half_life_6-domain_augmented,True,
s2-A-0063-sw0.25-all_history-plain,True,
s2-A-0063-sw0.25-all_history-domain_augmented,True,
s2-A-0063-sw0.25-five_year-plain,True,
s2-A-0063-sw0.25-five_year-domain_augmented,True,
s2-A-0063-sw0.25-half_life_2-plain,True,
s2-A-0063-sw0.25-half_life_2-domain_augmented,True,
s2-A-0063-sw0.25-half_life_4-plain,True,
s2-A-0063-sw0.25-half_life_4-domain_augmented,True,
s2-A-0063-sw0.25-half_life_6-plain,True,
s2-A-0063-sw0.25-half_life_6-domain_augmented,True,
s2-A-0063-sw0.50-all_history-plain,True,
s2-A-0063-sw0.50-all_history-domain_augmented,True,
s2-A-0063-sw0.50-five_year-plain,True,
s2-A-0063-sw0.50-five_year-domain_augmented,True,
s2-A-0063-sw0.50-half_life_2-plain,True,
s2-A-0063-sw0.50-half_life_2-domain_augmented,True,
s2-A-0063-sw0.50-half_life_4-plain,True,
s2-A-0063-sw0.50-half_life_4-domain_augmented,True,
s2-A-0063-sw0.50-half_life_6-plain,True,
s2-A-0063-sw0.50-half_life_6-domain_augmented,True,
s2-A-0064-sw0.00-all_history-plain,True,
s2-A-0064-sw0.00-all_history-domain_augmented,True,
s2-A-0064-sw0.00-five_year-plain,True,
s2-A-0064-sw0.00-five_year-domain_augmented,True,
s2-A-0064-sw0.00-half_life_2-plain,True,
s2-A-0064-sw0.00-half_life_2-domain_augmented,True,
s2-A-0064-sw0.00-half_life_4-plain,True,
s2-A-0064-sw0.00-half_life_4-domain_augmented,True,
s2-A-0064-sw0.00-half_life_6-plain,True,
s2-A-0064-sw0.00-half_life_6-domain_augmented,True,
s2-A-0064-sw0.10-all_history-plain,True,
s2-A-0064-sw0.10-all_history-domain_augmented,True,
s2-A-0064-sw0.10-five_year-plain,True,
s2-A-0064-sw0.10-five_year-domain_augmented,True,
s2-A-0064-sw0.10-half_life_2-plain,True,
s2-A-0064-sw0.10-half_life_2-domain_augmented,True,
s2-A-0064-sw0.10-half_life_4-plain,True,
s2-A-0064-sw0.10-half_life_4-domain_augmented,True,
s2-A-0064-sw0.10-half_life_6-plain,True,
s2-A-0064-sw0.10-half_life_6-domain_augmented,True,
s2-A-0064-sw0.25-all_history-plain,True,
s2-A-0064-sw0.25-all_history-domain_augmented,True,
s2-A-0064-sw0.25-five_year-plain,True,
s2-A-0064-sw0.25-five_year-domain_augmented,True,
s2-A-0064-sw0.25-half_life_2-plain,True,
s2-A-0064-sw0.25-half_life_2-domain_augmented,True,
s2-A-0064-sw0.25-half_life_4-plain,True,
s2-A-0064-sw0.25-half_life_4-domain_augmented,True,
s2-A-0064-sw0.25-half_life_6-plain,True,
s2-A-0064-sw0.25-half_life_6-domain_augmented,True,
s2-A-0064-sw0.50-all_history-plain,True,
s2-A-0064-sw0.50-all_history-domain_augmented,True,
s2-A-0064-sw0.50-five_year-plain,True,
s2-A-0064-sw0.50-five_year-domain_augmented,True,
s2-A-0064-sw0.50-half_life_2-plain,True,
s2-A-0064-sw0.50-half_life_2-domain_augmented,True,
s2-A-0064-sw0.50-half_life_4-plain,True,
s2-A-0064-sw0.50-half_life_4-domain_augmented,True,
s2-A-0064-sw0.50-half_life_6-plain,True,
s2-A-0064-sw0.50-half_life_6-domain_augmented,True,
s2-A-0065-sw0.00-all_history-plain,True,
s2-A-0065-sw0.00-all_history-domain_augmented,True,
s2-A-0065-sw0.00-five_year-plain,True,
s2-A-0065-sw0.00-five_year-domain_augmented,True,
s2-A-0065-sw0.00-half_life_2-plain,True,
s2-A-0065-sw0.00-half_life_2-domain_augmented,True,
s2-A-0065-sw0.00-half_life_4-plain,True,
s2-A-0065-sw0.00-half_life_4-domain_augmented,True,
s2-A-0065-sw0.00-half_life_6-plain,True,
s2-A-0065-sw0.00-half_life_6-domain_augmented,True,
s2-A-0065-sw0.10-all_history-plain,True,
s2-A-0065-sw0.10-all_history-domain_augmented,True,
s2-A-0065-sw0.10-five_year-plain,True,
s2-A-0065-sw0.10-five_year-domain_augmented,True,
s2-A-0065-sw0.10-half_life_2-plain,True,
s2-A-0065-sw0.10-half_life_2-domain_augmented,True,
s2-A-0065-sw0.10-half_life_4-plain,True,
s2-A-0065-sw0.10-half_life_4-domain_augmented,True,
s2-A-0065-sw0.10-half_life_6-plain,True,
s2-A-0065-sw0.10-half_life_6-domain_augmented,True,
s2-A-0065-sw0.25-all_history-plain,True,
s2-A-0065-sw0.25-all_history-domain_augmented,True,
s2-A-0065-sw0.25-five_year-plain,True,
s2-A-0065-sw0.25-five_year-domain_augmented,True,
s2-A-0065-sw0.25-half_life_2-plain,True,
s2-A-0065-sw0.25-half_life_2-domain_augmented,True,
s2-A-0065-sw0.25-half_life_4-plain,True,
s2-A-0065-sw0.25-half_life_4-domain_augmented,True,
s2-A-0065-sw0.25-half_life_6-plain,True,
s2-A-0065-sw0.25-half_life_6-domain_augmented,True,
s2-A-0065-sw0.50-all_history-plain,True,
s2-A-0065-sw0.50-all_history-domain_augmented,True,
s2-A-0065-sw0.50-five_year-plain,True,
s2-A-0065-sw0.50-five_year-domain_augmented,True,
s2-A-0065-sw0.50-half_life_2-plain,True,
s2-A-0065-sw0.50-half_life_2-domain_augmented,True,
s2-A-0065-sw0.50-half_life_4-plain,True,
s2-A-0065-sw0.50-half_life_4-domain_augmented,True,
s2-A-0065-sw0.50-half_life_6-plain,True,
s2-A-0065-sw0.50-half_life_6-domain_augmented,True,
s2-A-0066-sw0.00-all_history-plain,True,
s2-A-0066-sw0.00-all_history-domain_augmented,True,
s2-A-0066-sw0.00-five_year-plain,True,
s2-A-0066-sw0.00-five_year-domain_augmented,True,
s2-A-0066-sw0.00-half_life_2-plain,True,
s2-A-0066-sw0.00-half_life_2-domain_augmented,True,
s2-A-0066-sw0.00-half_life_4-plain,True,
s2-A-0066-sw0.00-half_life_4-domain_augmented,True,
s2-A-0066-sw0.00-half_life_6-plain,True,
s2-A-0066-sw0.00-half_life_6-domain_augmented,True,
s2-A-0066-sw0.10-all_history-plain,True,
s2-A-0066-sw0.10-all_history-domain_augmented,True,
s2-A-0066-sw0.10-five_year-plain,True,
s2-A-0066-sw0.10-five_year-domain_augmented,True,
s2-A-0066-sw0.10-half_life_2-plain,True,
s2-A-0066-sw0.10-half_life_2-domain_augmented,True,
s2-A-0066-sw0.10-half_life_4-plain,True,
s2-A-0066-sw0.10-half_life_4-domain_augmented,True,
s2-A-0066-sw0.10-half_life_6-plain,True,
s2-A-0066-sw0.10-half_life_6-domain_augmented,True,
s2-A-0066-sw0.25-all_history-plain,True,
s2-A-0066-sw0.25-all_history-domain_augmented,True,
s2-A-0066-sw0.25-five_year-plain,True,
s2-A-0066-sw0.25-five_year-domain_augmented,True,
s2-A-0066-sw0.25-half_life_2-plain,True,
s2-A-0066-sw0.25-half_life_2-domain_augmented,True,
s2-A-0066-sw0.25-half_life_4-plain,True,
s2-A-0066-sw0.25-half_life_4-domain_augmented,True,
s2-A-0066-sw0.25-half_life_6-plain,True,
s2-A-0066-sw0.25-half_life_6-domain_augmented,True,
s2-A-0066-sw0.50-all_history-plain,True,
s2-A-0066-sw0.50-all_history-domain_augmented,True,
s2-A-0066-sw0.50-five_year-plain,True,
s2-A-0066-sw0.50-five_year-domain_augmented,True,
s2-A-0066-sw0.50-half_life_2-plain,True,
s2-A-0066-sw0.50-half_life_2-domain_augmented,True,
s2-A-0066-sw0.50-half_life_4-plain,True,
s2-A-0066-sw0.50-half_life_4-domain_augmented,True,
s2-A-0066-sw0.50-half_life_6-plain,True,
s2-A-0066-sw0.50-half_life_6-domain_augmented,True,
s2-A-0066-ensemble-0.25,True,requires compatible top pair
s2-A-0066-ensemble-0.50,True,requires compatible top pair
s2-A-0066-ensemble-0.75,True,requires compatible top pair
s2-A-0067-sw0.00-all_history-plain,True,
s2-A-0067-sw0.00-all_history-domain_augmented,True,
s2-A-0067-sw0.00-five_year-plain,True,
s2-A-0067-sw0.00-five_year-domain_augmented,True,
s2-A-0067-sw0.00-half_life_2-plain,True,
s2-A-0067-sw0.00-half_life_2-domain_augmented,True,
s2-A-0067-sw0.00-half_life_4-plain,True,
s2-A-0067-sw0.00-half_life_4-domain_augmented,True,
s2-A-0067-sw0.00-half_life_6-plain,True,
s2-A-0067-sw0.00-half_life_6-domain_augmented,True,
s2-A-0067-sw0.10-all_history-plain,True,
s2-A-0067-sw0.10-all_history-domain_augmented,True,
s2-A-0067-sw0.10-five_year-plain,True,
s2-A-0067-sw0.10-five_year-domain_augmented,True,
s2-A-0067-sw0.10-half_life_2-plain,True,
s2-A-0067-sw0.10-half_life_2-domain_augmented,True,
s2-A-0067-sw0.10-half_life_4-plain,True,
s2-A-0067-sw0.10-half_life_4-domain_augmented,True,
s2-A-0067-sw0.10-half_life_6-plain,True,
s2-A-0067-sw0.10-half_life_6-domain_augmented,True,
s2-A-0067-sw0.25-all_history-plain,True,
s2-A-0067-sw0.25-all_history-domain_augmented,True,
s2-A-0067-sw0.25-five_year-plain,True,
s2-A-0067-sw0.25-five_year-domain_augmented,True,
s2-A-0067-sw0.25-half_life_2-plain,True,
s2-A-0067-sw0.25-half_life_2-domain_augmented,True,
s2-A-0067-sw0.25-half_life_4-plain,True,
s2-A-0067-sw0.25-half_life_4-domain_augmented,True,
s2-A-0067-sw0.25-half_life_6-plain,True,
s2-A-0067-sw0.25-half_life_6-domain_augmented,True,
s2-A-0067-sw0.50-all_history-plain,True,
s2-A-0067-sw0.50-all_history-domain_augmented,True,
s2-A-0067-sw0.50-five_year-plain,True,
s2-A-0067-sw0.50-five_year-domain_augmented,True,
s2-A-0067-sw0.50-half_life_2-plain,True,
s2-A-0067-sw0.50-half_life_2-domain_augmented,True,
s2-A-0067-sw0.50-half_life_4-plain,True,
s2-A-0067-sw0.50-half_life_4-domain_augmented,True,
s2-A-0067-sw0.50-half_life_6-plain,True,
s2-A-0067-sw0.50-half_life_6-domain_augmented,True,
s2-A-0067-ensemble-0.25,True,requires compatible top pair
s2-A-0067-ensemble-0.50,True,requires compatible top pair
s2-A-0067-ensemble-0.75,True,requires compatible top pair
s2-A-0068-sw0.00-all_history-plain,True,
s2-A-0068-sw0.00-all_history-domain_augmented,True,
s2-A-0068-sw0.00-five_year-plain,True,
s2-A-0068-sw0.00-five_year-domain_augmented,True,
s2-A-0068-sw0.00-half_life_2-plain,True,
s2-A-0068-sw0.00-half_life_2-domain_augmented,True,
s2-A-0068-sw0.00-half_life_4-plain,True,
s2-A-0068-sw0.00-half_life_4-domain_augmented,True,
s2-A-0068-sw0.00-half_life_6-plain,True,
s2-A-0068-sw0.00-half_life_6-domain_augmented,True,
s2-A-0068-sw0.10-all_history-plain,True,
s2-A-0068-sw0.10-all_history-domain_augmented,True,
s2-A-0068-sw0.10-five_year-plain,True,
s2-A-0068-sw0.10-five_year-domain_augmented,True,
s2-A-0068-sw0.10-half_life_2-plain,True,
s2-A-0068-sw0.10-half_life_2-domain_augmented,True,
s2-A-0068-sw0.10-half_life_4-plain,True,
s2-A-0068-sw0.10-half_life_4-domain_augmented,True,
s2-A-0068-sw0.10-half_life_6-plain,True,
s2-A-0068-sw0.10-half_life_6-domain_augmented,True,
s2-A-0068-sw0.25-all_history-plain,True,
s2-A-0068-sw0.25-all_history-domain_augmented,True,
s2-A-0068-sw0.25-five_year-plain,True,
s2-A-0068-sw0.25-five_year-domain_augmented,True,
s2-A-0068-sw0.25-half_life_2-plain,True,
s2-A-0068-sw0.25-half_life_2-domain_augmented,True,
s2-A-0068-sw0.25-half_life_4-plain,True,
s2-A-0068-sw0.25-half_life_4-domain_augmented,True,
s2-A-0068-sw0.25-half_life_6-plain,True,
s2-A-0068-sw0.25-half_life_6-domain_augmented,True,
s2-A-0068-sw0.50-all_history-plain,True,
s2-A-0068-sw0.50-all_history-domain_augmented,True,
s2-A-0068-sw0.50-five_year-plain,True,
s2-A-0068-sw0.50-five_year-domain_augmented,True,
s2-A-0068-sw0.50-half_life_2-plain,True,
s2-A-0068-sw0.50-half_life_2-domain_augmented,True,
s2-A-0068-sw0.50-half_life_4-plain,True,
s2-A-0068-sw0.50-half_life_4-domain_augmented,True,
s2-A-0068-sw0.50-half_life_6-plain,True,
s2-A-0068-sw0.50-half_life_6-domain_augmented,True,
s2-A-0068-ensemble-0.25,True,requires compatible top pair
s2-A-0068-ensemble-0.50,True,requires compatible top pair
s2-A-0068-ensemble-0.75,True,requires compatible top pair
s2-A-0069-sw0.00-all_history-plain,True,
s2-A-0069-sw0.00-all_history-domain_augmented,True,
s2-A-0069-sw0.00-five_year-plain,True,
s2-A-0069-sw0.00-five_year-domain_augmented,True,
s2-A-0069-sw0.00-half_life_2-plain,True,
s2-A-0069-sw0.00-half_life_2-domain_augmented,True,
s2-A-0069-sw0.00-half_life_4-plain,True,
s2-A-0069-sw0.00-half_life_4-domain_augmented,True,
s2-A-0069-sw0.00-half_life_6-plain,True,
s2-A-0069-sw0.00-half_life_6-domain_augmented,True,
s2-A-0069-sw0.10-all_history-plain,True,
s2-A-0069-sw0.10-all_history-domain_augmented,True,
s2-A-0069-sw0.10-five_year-plain,True,
s2-A-0069-sw0.10-five_year-domain_augmented,True,
s2-A-0069-sw0.10-half_life_2-plain,True,
s2-A-0069-sw0.10-half_life_2-domain_augmented,True,
s2-A-0069-sw0.10-half_life_4-plain,True,
s2-A-0069-sw0.10-half_life_4-domain_augmented,True,
s2-A-0069-sw0.10-half_life_6-plain,True,
s2-A-0069-sw0.10-half_life_6-domain_augmented,True,
s2-A-0069-sw0.25-all_history-plain,True,
s2-A-0069-sw0.25-all_history-domain_augmented,True,
s2-A-0069-sw0.25-five_year-plain,True,
s2-A-0069-sw0.25-five_year-domain_augmented,True,
s2-A-0069-sw0.25-half_life_2-plain,True,
s2-A-0069-sw0.25-half_life_2-domain_augmented,True,
s2-A-0069-sw0.25-half_life_4-plain,True,
s2-A-0069-sw0.25-half_life_4-domain_augmented,True,
s2-A-0069-sw0.25-half_life_6-plain,True,
s2-A-0069-sw0.25-half_life_6-domain_augmented,True,
s2-A-0069-sw0.50-all_history-plain,True,
s2-A-0069-sw0.50-all_history-domain_augmented,True,
s2-A-0069-sw0.50-five_year-plain,True,
s2-A-0069-sw0.50-five_year-domain_augmented,True,
s2-A-0069-sw0.50-half_life_2-plain,True,
s2-A-0069-sw0.50-half_life_2-domain_augmented,True,
s2-A-0069-sw0.50-half_life_4-plain,True,
s2-A-0069-sw0.50-half_life_4-domain_augmented,True,
s2-A-0069-sw0.50-half_life_6-plain,True,
s2-A-0069-sw0.50-half_life_6-domain_augmented,True,
s2-A-0069-ensemble-0.25,True,requires compatible top pair
s2-A-0069-ensemble-0.50,True,requires compatible top pair
s2-A-0069-ensemble-0.75,True,requires compatible top pair
s2-A-0070-sw0.00-all_history-plain,True,
s2-A-0070-sw0.00-all_history-domain_augmented,True,
s2-A-0070-sw0.00-five_year-plain,True,
s2-A-0070-sw0.00-five_year-domain_augmented,True,
s2-A-0070-sw0.00-half_life_2-plain,True,
s2-A-0070-sw0.00-half_life_2-domain_augmented,True,
s2-A-0070-sw0.00-half_life_4-plain,True,
s2-A-0070-sw0.00-half_life_4-domain_augmented,True,
s2-A-0070-sw0.00-half_life_6-plain,True,
s2-A-0070-sw0.00-half_life_6-domain_augmented,True,
s2-A-0070-sw0.10-all_history-plain,True,
s2-A-0070-sw0.10-all_history-domain_augmented,True,
s2-A-0070-sw0.10-five_year-plain,True,
s2-A-0070-sw0.10-five_year-domain_augmented,True,
s2-A-0070-sw0.10-half_life_2-plain,True,
s2-A-0070-sw0.10-half_life_2-domain_augmented,True,
s2-A-0070-sw0.10-half_life_4-plain,True,
s2-A-0070-sw0.10-half_life_4-domain_augmented,True,
s2-A-0070-sw0.10-half_life_6-plain,True,
s2-A-0070-sw0.10-half_life_6-domain_augmented,True,
s2-A-0070-sw0.25-all_history-plain,True,
s2-A-0070-sw0.25-all_history-domain_augmented,True,
s2-A-0070-sw0.25-five_year-plain,True,
s2-A-0070-sw0.25-five_year-domain_augmented,True,
s2-A-0070-sw0.25-half_life_2-plain,True,
s2-A-0070-sw0.25-half_life_2-domain_augmented,True,
s2-A-0070-sw0.25-half_life_4-plain,True,
s2-A-0070-sw0.25-half_life_4-domain_augmented,True,
s2-A-0070-sw0.25-half_life_6-plain,True,
s2-A-0070-sw0.25-half_life_6-domain_augmented,True,
s2-A-0070-sw0.50-all_history-plain,True,
s2-A-0070-sw0.50-all_history-domain_augmented,True,
s2-A-0070-sw0.50-five_year-plain,True,
s2-A-0070-sw0.50-five_year-domain_augmented,True,
s2-A-0070-sw0.50-half_life_2-plain,True,
s2-A-0070-sw0.50-half_life_2-domain_augmented,True,
s2-A-0070-sw0.50-half_life_4-plain,True,
s2-A-0070-sw0.50-half_life_4-domain_augmented,True,
s2-A-0070-sw0.50-half_life_6-plain,True,
s2-A-0070-sw0.50-half_life_6-domain_augmented,True,
s2-A-0070-ensemble-0.25,True,requires compatible top pair
s2-A-0070-ensemble-0.50,True,requires compatible top pair
s2-A-0070-ensemble-0.75,True,requires compatible top pair
s2-A-0071-sw0.00-all_history-plain,True,
s2-A-0071-sw0.00-all_history-domain_augmented,True,
s2-A-0071-sw0.00-five_year-plain,True,
s2-A-0071-sw0.00-five_year-domain_augmented,True,
s2-A-0071-sw0.00-half_life_2-plain,True,
s2-A-0071-sw0.00-half_life_2-domain_augmented,True,
s2-A-0071-sw0.00-half_life_4-plain,True,
s2-A-0071-sw0.00-half_life_4-domain_augmented,True,
s2-A-0071-sw0.00-half_life_6-plain,True,
s2-A-0071-sw0.00-half_life_6-domain_augmented,True,
s2-A-0071-sw0.10-all_history-plain,True,
s2-A-0071-sw0.10-all_history-domain_augmented,True,
s2-A-0071-sw0.10-five_year-plain,True,
s2-A-0071-sw0.10-five_year-domain_augmented,True,
s2-A-0071-sw0.10-half_life_2-plain,True,
s2-A-0071-sw0.10-half_life_2-domain_augmented,True,
s2-A-0071-sw0.10-half_life_4-plain,True,
s2-A-0071-sw0.10-half_life_4-domain_augmented,True,
s2-A-0071-sw0.10-half_life_6-plain,True,
s2-A-0071-sw0.10-half_life_6-domain_augmented,True,
s2-A-0071-sw0.25-all_history-plain,True,
s2-A-0071-sw0.25-all_history-domain_augmented,True,
s2-A-0071-sw0.25-five_year-plain,True,
s2-A-0071-sw0.25-five_year-domain_augmented,True,
s2-A-0071-sw0.25-half_life_2-plain,True,
s2-A-0071-sw0.25-half_life_2-domain_augmented,True,
s2-A-0071-sw0.25-half_life_4-plain,True,
s2-A-0071-sw0.25-half_life_4-domain_augmented,True,
s2-A-0071-sw0.25-half_life_6-plain,True,
s2-A-0071-sw0.25-half_life_6-domain_augmented,True,
s2-A-0071-sw0.50-all_history-plain,True,
s2-A-0071-sw0.50-all_history-domain_augmented,True,
s2-A-0071-sw0.50-five_year-plain,True,
s2-A-0071-sw0.50-five_year-domain_augmented,True,
s2-A-0071-sw0.50-half_life_2-plain,True,
s2-A-0071-sw0.50-half_life_2-domain_augmented,True,
s2-A-0071-sw0.50-half_life_4-plain,True,
s2-A-0071-sw0.50-half_life_4-domain_augmented,True,
s2-A-0071-sw0.50-half_life_6-plain,True,
s2-A-0071-sw0.50-half_life_6-domain_augmented,True,
s2-A-0071-ensemble-0.25,True,requires compatible top pair
s2-A-0071-ensemble-0.50,True,requires compatible top pair
s2-A-0071-ensemble-0.75,True,requires compatible top pair
s2-A-0072-sw0.00-all_history-plain,True,
s2-A-0072-sw0.00-all_history-domain_augmented,True,
s2-A-0072-sw0.00-five_year-plain,True,
s2-A-0072-sw0.00-five_year-domain_augmented,True,
s2-A-0072-sw0.00-half_life_2-plain,True,
s2-A-0072-sw0.00-half_life_2-domain_augmented,True,
s2-A-0072-sw0.00-half_life_4-plain,True,
s2-A-0072-sw0.00-half_life_4-domain_augmented,True,
s2-A-0072-sw0.00-half_life_6-plain,True,
s2-A-0072-sw0.00-half_life_6-domain_augmented,True,
s2-A-0072-sw0.10-all_history-plain,True,
s2-A-0072-sw0.10-all_history-domain_augmented,True,
s2-A-0072-sw0.10-five_year-plain,True,
s2-A-0072-sw0.10-five_year-domain_augmented,True,
s2-A-0072-sw0.10-half_life_2-plain,True,
s2-A-0072-sw0.10-half_life_2-domain_augmented,True,
s2-A-0072-sw0.10-half_life_4-plain,True,
s2-A-0072-sw0.10-half_life_4-domain_augmented,True,
s2-A-0072-sw0.10-half_life_6-plain,True,
s2-A-0072-sw0.10-half_life_6-domain_augmented,True,
s2-A-0072-sw0.25-all_history-plain,True,
s2-A-0072-sw0.25-all_history-domain_augmented,True,
s2-A-0072-sw0.25-five_year-plain,True,
s2-A-0072-sw0.25-five_year-domain_augmented,True,
s2-A-0072-sw0.25-half_life_2-plain,True,
s2-A-0072-sw0.25-half_life_2-domain_augmented,True,
s2-A-0072-sw0.25-half_life_4-plain,True,
s2-A-0072-sw0.25-half_life_4-domain_augmented,True,
s2-A-0072-sw0.25-half_life_6-plain,True,
s2-A-0072-sw0.25-half_life_6-domain_augmented,True,
s2-A-0072-sw0.50-all_history-plain,True,
s2-A-0072-sw0.50-all_history-domain_augmented,True,
s2-A-0072-sw0.50-five_year-plain,True,
s2-A-0072-sw0.50-five_year-domain_augmented,True,
s2-A-0072-sw0.50-half_life_2-plain,True,
s2-A-0072-sw0.50-half_life_2-domain_augmented,True,
s2-A-0072-sw0.50-half_life_4-plain,True,
s2-A-0072-sw0.50-half_life_4-domain_augmented,True,
s2-A-0072-sw0.50-half_life_6-plain,True,
s2-A-0072-sw0.50-half_life_6-domain_augmented,True,
s2-A-0072-ensemble-0.25,True,requires compatible top pair
s2-A-0072-ensemble-0.50,True,requires compatible top pair
s2-A-0072-ensemble-0.75,True,requires compatible top pair
s2-A-0073-sw0.00-all_history-plain,True,
s2-A-0073-sw0.00-all_history-domain_augmented,True,
s2-A-0073-sw0.00-five_year-plain,True,
s2-A-0073-sw0.00-five_year-domain_augmented,True,
s2-A-0073-sw0.00-half_life_2-plain,True,
s2-A-0073-sw0.00-half_life_2-domain_augmented,True,
s2-A-0073-sw0.00-half_life_4-plain,True,
s2-A-0073-sw0.00-half_life_4-domain_augmented,True,
s2-A-0073-sw0.00-half_life_6-plain,True,
s2-A-0073-sw0.00-half_life_6-domain_augmented,True,
s2-A-0073-sw0.10-all_history-plain,True,
s2-A-0073-sw0.10-all_history-domain_augmented,True,
s2-A-0073-sw0.10-five_year-plain,True,
s2-A-0073-sw0.10-five_year-domain_augmented,True,
s2-A-0073-sw0.10-half_life_2-plain,True,
s2-A-0073-sw0.10-half_life_2-domain_augmented,True,
s2-A-0073-sw0.10-half_life_4-plain,True,
s2-A-0073-sw0.10-half_life_4-domain_augmented,True,
s2-A-0073-sw0.10-half_life_6-plain,True,
s2-A-0073-sw0.10-half_life_6-domain_augmented,True,
s2-A-0073-sw0.25-all_history-plain,True,
s2-A-0073-sw0.25-all_history-domain_augmented,True,
s2-A-0073-sw0.25-five_year-plain,True,
s2-A-0073-sw0.25-five_year-domain_augmented,True,
s2-A-0073-sw0.25-half_life_2-plain,True,
s2-A-0073-sw0.25-half_life_2-domain_augmented,True,
s2-A-0073-sw0.25-half_life_4-plain,True,
s2-A-0073-sw0.25-half_life_4-domain_augmented,True,
s2-A-0073-sw0.25-half_life_6-plain,True,
s2-A-0073-sw0.25-half_life_6-domain_augmented,True,
s2-A-0073-sw0.50-all_history-plain,True,
s2-A-0073-sw0.50-all_history-domain_augmented,True,
s2-A-0073-sw0.50-five_year-plain,True,
s2-A-0073-sw0.50-five_year-domain_augmented,True,
s2-A-0073-sw0.50-half_life_2-plain,True,
s2-A-0073-sw0.50-half_life_2-domain_augmented,True,
s2-A-0073-sw0.50-half_life_4-plain,True,
s2-A-0073-sw0.50-half_life_4-domain_augmented,True,
s2-A-0073-sw0.50-half_life_6-plain,True,
s2-A-0073-sw0.50-half_life_6-domain_augmented,True,
s2-A-0073-ensemble-0.25,True,requires compatible top pair
s2-A-0073-ensemble-0.50,True,requires compatible top pair
s2-A-0073-ensemble-0.75,True,requires compatible top pair
s2-A-0074-sw0.00-all_history-plain,True,
s2-A-0074-sw0.00-all_history-domain_augmented,True,
s2-A-0074-sw0.00-five_year-plain,True,
s2-A-0074-sw0.00-five_year-domain_augmented,True,
s2-A-0074-sw0.00-half_life_2-plain,True,
s2-A-0074-sw0.00-half_life_2-domain_augmented,True,
s2-A-0074-sw0.00-half_life_4-plain,True,
s2-A-0074-sw0.00-half_life_4-domain_augmented,True,
s2-A-0074-sw0.00-half_life_6-plain,True,
s2-A-0074-sw0.00-half_life_6-domain_augmented,True,
s2-A-0074-sw0.10-all_history-plain,True,
s2-A-0074-sw0.10-all_history-domain_augmented,True,
s2-A-0074-sw0.10-five_year-plain,True,
s2-A-0074-sw0.10-five_year-domain_augmented,True,
s2-A-0074-sw0.10-half_life_2-plain,True,
s2-A-0074-sw0.10-half_life_2-domain_augmented,True,
s2-A-0074-sw0.10-half_life_4-plain,True,
s2-A-0074-sw0.10-half_life_4-domain_augmented,True,
s2-A-0074-sw0.10-half_life_6-plain,True,
s2-A-0074-sw0.10-half_life_6-domain_augmented,True,
s2-A-0074-sw0.25-all_history-plain,True,
s2-A-0074-sw0.25-all_history-domain_augmented,True,
s2-A-0074-sw0.25-five_year-plain,True,
s2-A-0074-sw0.25-five_year-domain_augmented,True,
s2-A-0074-sw0.25-half_life_2-plain,True,
s2-A-0074-sw0.25-half_life_2-domain_augmented,True,
s2-A-0074-sw0.25-half_life_4-plain,True,
s2-A-0074-sw0.25-half_life_4-domain_augmented,True,
s2-A-0074-sw0.25-half_life_6-plain,True,
s2-A-0074-sw0.25-half_life_6-domain_augmented,True,
s2-A-0074-sw0.50-all_history-plain,True,
s2-A-0074-sw0.50-all_history-domain_augmented,True,
s2-A-0074-sw0.50-five_year-plain,True,
s2-A-0074-sw0.50-five_year-domain_augmented,True,
s2-A-0074-sw0.50-half_life_2-plain,True,
s2-A-0074-sw0.50-half_life_2-domain_augmented,True,
s2-A-0074-sw0.50-half_life_4-plain,True,
s2-A-0074-sw0.50-half_life_4-domain_augmented,True,
s2-A-0074-sw0.50-half_life_6-plain,True,
s2-A-0074-sw0.50-half_life_6-domain_augmented,True,
s2-A-0074-ensemble-0.25,True,requires compatible top pair
s2-A-0074-ensemble-0.50,True,requires compatible top pair
s2-A-0074-ensemble-0.75,True,requires compatible top pair
s2-A-0075-sw0.00-all_history-plain,True,
s2-A-0075-sw0.00-all_history-domain_augmented,True,
s2-A-0075-sw0.00-five_year-plain,True,
s2-A-0075-sw0.00-five_year-domain_augmented,True,
s2-A-0075-sw0.00-half_life_2-plain,True,
s2-A-0075-sw0.00-half_life_2-domain_augmented,True,
s2-A-0075-sw0.00-half_life_4-plain,True,
s2-A-0075-sw0.00-half_life_4-domain_augmented,True,
s2-A-0075-sw0.00-half_life_6-plain,True,
s2-A-0075-sw0.00-half_life_6-domain_augmented,True,
s2-A-0075-sw0.10-all_history-plain,True,
s2-A-0075-sw0.10-all_history-domain_augmented,True,
s2-A-0075-sw0.10-five_year-plain,True,
s2-A-0075-sw0.10-five_year-domain_augmented,True,
s2-A-0075-sw0.10-half_life_2-plain,True,
s2-A-0075-sw0.10-half_life_2-domain_augmented,True,
s2-A-0075-sw0.10-half_life_4-plain,True,
s2-A-0075-sw0.10-half_life_4-domain_augmented,True,
s2-A-0075-sw0.10-half_life_6-plain,True,
s2-A-0075-sw0.10-half_life_6-domain_augmented,True,
s2-A-0075-sw0.25-all_history-plain,True,
s2-A-0075-sw0.25-all_history-domain_augmented,True,
s2-A-0075-sw0.25-five_year-plain,True,
s2-A-0075-sw0.25-five_year-domain_augmented,True,
s2-A-0075-sw0.25-half_life_2-plain,True,
s2-A-0075-sw0.25-half_life_2-domain_augmented,True,
s2-A-0075-sw0.25-half_life_4-plain,True,
s2-A-0075-sw0.25-half_life_4-domain_augmented,True,
s2-A-0075-sw0.25-half_life_6-plain,True,
s2-A-0075-sw0.25-half_life_6-domain_augmented,True,
s2-A-0075-sw0.50-all_history-plain,True,
s2-A-0075-sw0.50-all_history-domain_augmented,True,
s2-A-0075-sw0.50-five_year-plain,True,
s2-A-0075-sw0.50-five_year-domain_augmented,True,
s2-A-0075-sw0.50-half_life_2-plain,True,
s2-A-0075-sw0.50-half_life_2-domain_augmented,True,
s2-A-0075-sw0.50-half_life_4-plain,True,
s2-A-0075-sw0.50-half_life_4-domain_augmented,True,
s2-A-0075-sw0.50-half_life_6-plain,True,
s2-A-0075-sw0.50-half_life_6-domain_augmented,True,
s2-A-0075-ensemble-0.25,True,requires compatible top pair
s2-A-0075-ensemble-0.50,True,requires compatible top pair
s2-A-0075-ensemble-0.75,True,requires compatible top pair
s2-A-0076-sw0.00-all_history-plain,True,
s2-A-0076-sw0.00-all_history-domain_augmented,True,
s2-A-0076-sw0.00-five_year-plain,True,
s2-A-0076-sw0.00-five_year-domain_augmented,True,
s2-A-0076-sw0.00-half_life_2-plain,True,
s2-A-0076-sw0.00-half_life_2-domain_augmented,True,
s2-A-0076-sw0.00-half_life_4-plain,True,
s2-A-0076-sw0.00-half_life_4-domain_augmented,True,
s2-A-0076-sw0.00-half_life_6-plain,True,
s2-A-0076-sw0.00-half_life_6-domain_augmented,True,
s2-A-0076-sw0.10-all_history-plain,True,
s2-A-0076-sw0.10-all_history-domain_augmented,True,
s2-A-0076-sw0.10-five_year-plain,True,
s2-A-0076-sw0.10-five_year-domain_augmented,True,
s2-A-0076-sw0.10-half_life_2-plain,True,
s2-A-0076-sw0.10-half_life_2-domain_augmented,True,
s2-A-0076-sw0.10-half_life_4-plain,True,
s2-A-0076-sw0.10-half_life_4-domain_augmented,True,
s2-A-0076-sw0.10-half_life_6-plain,True,
s2-A-0076-sw0.10-half_life_6-domain_augmented,True,
s2-A-0076-sw0.25-all_history-plain,True,
s2-A-0076-sw0.25-all_history-domain_augmented,True,
s2-A-0076-sw0.25-five_year-plain,True,
s2-A-0076-sw0.25-five_year-domain_augmented,True,
s2-A-0076-sw0.25-half_life_2-plain,True,
s2-A-0076-sw0.25-half_life_2-domain_augmented,True,
s2-A-0076-sw0.25-half_life_4-plain,True,
s2-A-0076-sw0.25-half_life_4-domain_augmented,True,
s2-A-0076-sw0.25-half_life_6-plain,True,
s2-A-0076-sw0.25-half_life_6-domain_augmented,True,
s2-A-0076-sw0.50-all_history-plain,True,
s2-A-0076-sw0.50-all_history-domain_augmented,True,
s2-A-0076-sw0.50-five_year-plain,True,
s2-A-0076-sw0.50-five_year-domain_augmented,True,
s2-A-0076-sw0.50-half_life_2-plain,True,
s2-A-0076-sw0.50-half_life_2-domain_augmented,True,
s2-A-0076-sw0.50-half_life_4-plain,True,
s2-A-0076-sw0.50-half_life_4-domain_augmented,True,
s2-A-0076-sw0.50-half_life_6-plain,True,
s2-A-0076-sw0.50-half_life_6-domain_augmented,True,
s2-A-0076-ensemble-0.25,True,requires compatible top pair
s2-A-0076-ensemble-0.50,True,requires compatible top pair
s2-A-0076-ensemble-0.75,True,requires compatible top pair
s2-A-0077-sw0.00-all_history-plain,True,
s2-A-0077-sw0.00-all_history-domain_augmented,True,
s2-A-0077-sw0.00-five_year-plain,True,
s2-A-0077-sw0.00-five_year-domain_augmented,True,
s2-A-0077-sw0.00-half_life_2-plain,True,
s2-A-0077-sw0.00-half_life_2-domain_augmented,True,
s2-A-0077-sw0.00-half_life_4-plain,True,
s2-A-0077-sw0.00-half_life_4-domain_augmented,True,
s2-A-0077-sw0.00-half_life_6-plain,True,
s2-A-0077-sw0.00-half_life_6-domain_augmented,True,
s2-A-0077-sw0.10-all_history-plain,True,
s2-A-0077-sw0.10-all_history-domain_augmented,True,
s2-A-0077-sw0.10-five_year-plain,True,
s2-A-0077-sw0.10-five_year-domain_augmented,True,
s2-A-0077-sw0.10-half_life_2-plain,True,
s2-A-0077-sw0.10-half_life_2-domain_augmented,True,
s2-A-0077-sw0.10-half_life_4-plain,True,
s2-A-0077-sw0.10-half_life_4-domain_augmented,True,
s2-A-0077-sw0.10-half_life_6-plain,True,
s2-A-0077-sw0.10-half_life_6-domain_augmented,True,
s2-A-0077-sw0.25-all_history-plain,True,
s2-A-0077-sw0.25-all_history-domain_augmented,True,
s2-A-0077-sw0.25-five_year-plain,True,
s2-A-0077-sw0.25-five_year-domain_augmented,True,
s2-A-0077-sw0.25-half_life_2-plain,True,
s2-A-0077-sw0.25-half_life_2-domain_augmented,True,
s2-A-0077-sw0.25-half_life_4-plain,True,
s2-A-0077-sw0.25-half_life_4-domain_augmented,True,
s2-A-0077-sw0.25-half_life_6-plain,True,
s2-A-0077-sw0.25-half_life_6-domain_augmented,True,
s2-A-0077-sw0.50-all_history-plain,True,
s2-A-0077-sw0.50-all_history-domain_augmented,True,
s2-A-0077-sw0.50-five_year-plain,True,
s2-A-0077-sw0.50-five_year-domain_augmented,True,
s2-A-0077-sw0.50-half_life_2-plain,True,
s2-A-0077-sw0.50-half_life_2-domain_augmented,True,
s2-A-0077-sw0.50-half_life_4-plain,True,
s2-A-0077-sw0.50-half_life_4-domain_augmented,True,
s2-A-0077-sw0.50-half_life_6-plain,True,
s2-A-0077-sw0.50-half_life_6-domain_augmented,True,
s2-A-0077-ensemble-0.25,True,requires compatible top pair
s2-A-0077-ensemble-0.50,True,requires compatible top pair
s2-A-0077-ensemble-0.75,True,requires compatible top pair
s2-A-0078-sw0.00-all_history-plain,True,
s2-A-0078-sw0.00-all_history-domain_augmented,True,
s2-A-0078-sw0.00-five_year-plain,True,
s2-A-0078-sw0.00-five_year-domain_augmented,True,
s2-A-0078-sw0.00-half_life_2-plain,True,
s2-A-0078-sw0.00-half_life_2-domain_augmented,True,
s2-A-0078-sw0.00-half_life_4-plain,True,
s2-A-0078-sw0.00-half_life_4-domain_augmented,True,
s2-A-0078-sw0.00-half_life_6-plain,True,
s2-A-0078-sw0.00-half_life_6-domain_augmented,True,
s2-A-0078-sw0.10-all_history-plain,True,
s2-A-0078-sw0.10-all_history-domain_augmented,True,
s2-A-0078-sw0.10-five_year-plain,True,
s2-A-0078-sw0.10-five_year-domain_augmented,True,
s2-A-0078-sw0.10-half_life_2-plain,True,
s2-A-0078-sw0.10-half_life_2-domain_augmented,True,
s2-A-0078-sw0.10-half_life_4-plain,True,
s2-A-0078-sw0.10-half_life_4-domain_augmented,True,
s2-A-0078-sw0.10-half_life_6-plain,True,
s2-A-0078-sw0.10-half_life_6-domain_augmented,True,
s2-A-0078-sw0.25-all_history-plain,True,
s2-A-0078-sw0.25-all_history-domain_augmented,True,
s2-A-0078-sw0.25-five_year-plain,True,
s2-A-0078-sw0.25-five_year-domain_augmented,True,
s2-A-0078-sw0.25-half_life_2-plain,True,
s2-A-0078-sw0.25-half_life_2-domain_augmented,True,
s2-A-0078-sw0.25-half_life_4-plain,True,
s2-A-0078-sw0.25-half_life_4-domain_augmented,True,
s2-A-0078-sw0.25-half_life_6-plain,True,
s2-A-0078-sw0.25-half_life_6-domain_augmented,True,
s2-A-0078-sw0.50-all_history-plain,True,
s2-A-0078-sw0.50-all_history-domain_augmented,True,
s2-A-0078-sw0.50-five_year-plain,True,
s2-A-0078-sw0.50-five_year-domain_augmented,True,
s2-A-0078-sw0.50-half_life_2-plain,True,
s2-A-0078-sw0.50-half_life_2-domain_augmented,True,
s2-A-0078-sw0.50-half_life_4-plain,True,
s2-A-0078-sw0.50-half_life_4-domain_augmented,True,
s2-A-0078-sw0.50-half_life_6-plain,True,
s2-A-0078-sw0.50-half_life_6-domain_augmented,True,
s2-A-0078-ensemble-0.25,True,requires compatible top pair
s2-A-0078-ensemble-0.50,True,requires compatible top pair
s2-A-0078-ensemble-0.75,True,requires compatible top pair
s2-A-0079-sw0.00-all_history-plain,True,
s2-A-0079-sw0.00-all_history-domain_augmented,True,
s2-A-0079-sw0.00-five_year-plain,True,
s2-A-0079-sw0.00-five_year-domain_augmented,True,
s2-A-0079-sw0.00-half_life_2-plain,True,
s2-A-0079-sw0.00-half_life_2-domain_augmented,True,
s2-A-0079-sw0.00-half_life_4-plain,True,
s2-A-0079-sw0.00-half_life_4-domain_augmented,True,
s2-A-0079-sw0.00-half_life_6-plain,True,
s2-A-0079-sw0.00-half_life_6-domain_augmented,True,
s2-A-0079-sw0.10-all_history-plain,True,
s2-A-0079-sw0.10-all_history-domain_augmented,True,
s2-A-0079-sw0.10-five_year-plain,True,
s2-A-0079-sw0.10-five_year-domain_augmented,True,
s2-A-0079-sw0.10-half_life_2-plain,True,
s2-A-0079-sw0.10-half_life_2-domain_augmented,True,
s2-A-0079-sw0.10-half_life_4-plain,True,
s2-A-0079-sw0.10-half_life_4-domain_augmented,True,
s2-A-0079-sw0.10-half_life_6-plain,True,
s2-A-0079-sw0.10-half_life_6-domain_augmented,True,
s2-A-0079-sw0.25-all_history-plain,True,
s2-A-0079-sw0.25-all_history-domain_augmented,True,
s2-A-0079-sw0.25-five_year-plain,True,
s2-A-0079-sw0.25-five_year-domain_augmented,True,
s2-A-0079-sw0.25-half_life_2-plain,True,
s2-A-0079-sw0.25-half_life_2-domain_augmented,True,
s2-A-0079-sw0.25-half_life_4-plain,True,
s2-A-0079-sw0.25-half_life_4-domain_augmented,True,
s2-A-0079-sw0.25-half_life_6-plain,True,
s2-A-0079-sw0.25-half_life_6-domain_augmented,True,
s2-A-0079-sw0.50-all_history-plain,True,
s2-A-0079-sw0.50-all_history-domain_augmented,True,
s2-A-0079-sw0.50-five_year-plain,True,
s2-A-0079-sw0.50-five_year-domain_augmented,True,
s2-A-0079-sw0.50-half_life_2-plain,True,
s2-A-0079-sw0.50-half_life_2-domain_augmented,True,
s2-A-0079-sw0.50-half_life_4-plain,True,
s2-A-0079-sw0.50-half_life_4-domain_augmented,True,
s2-A-0079-sw0.50-half_life_6-plain,True,
s2-A-0079-sw0.50-half_life_6-domain_augmented,True,
s2-A-0079-ensemble-0.25,True,requires compatible top pair
s2-A-0079-ensemble-0.50,True,requires compatible top pair
s2-A-0079-ensemble-0.75,True,requires compatible top pair
s2-A-0080-sw0.00-all_history-plain,True,
s2-A-0080-sw0.00-all_history-domain_augmented,True,
s2-A-0080-sw0.00-five_year-plain,True,
s2-A-0080-sw0.00-five_year-domain_augmented,True,
s2-A-0080-sw0.00-half_life_2-plain,True,
s2-A-0080-sw0.00-half_life_2-domain_augmented,True,
s2-A-0080-sw0.00-half_life_4-plain,True,
s2-A-0080-sw0.00-half_life_4-domain_augmented,True,
s2-A-0080-sw0.00-half_life_6-plain,True,
s2-A-0080-sw0.00-half_life_6-domain_augmented,True,
s2-A-0080-sw0.10-all_history-plain,True,
s2-A-0080-sw0.10-all_history-domain_augmented,True,
s2-A-0080-sw0.10-five_year-plain,True,
s2-A-0080-sw0.10-five_year-domain_augmented,True,
s2-A-0080-sw0.10-half_life_2-plain,True,
s2-A-0080-sw0.10-half_life_2-domain_augmented,True,
s2-A-0080-sw0.10-half_life_4-plain,True,
s2-A-0080-sw0.10-half_life_4-domain_augmented,True,
s2-A-0080-sw0.10-half_life_6-plain,True,
s2-A-0080-sw0.10-half_life_6-domain_augmented,True,
s2-A-0080-sw0.25-all_history-plain,True,
s2-A-0080-sw0.25-all_history-domain_augmented,True,
s2-A-0080-sw0.25-five_year-plain,True,
s2-A-0080-sw0.25-five_year-domain_augmented,True,
s2-A-0080-sw0.25-half_life_2-plain,True,
s2-A-0080-sw0.25-half_life_2-domain_augmented,True,
s2-A-0080-sw0.25-half_life_4-plain,True,
s2-A-0080-sw0.25-half_life_4-domain_augmented,True,
s2-A-0080-sw0.25-half_life_6-plain,True,
s2-A-0080-sw0.25-half_life_6-domain_augmented,True,
s2-A-0080-sw0.50-all_history-plain,True,
s2-A-0080-sw0.50-all_history-domain_augmented,True,
s2-A-0080-sw0.50-five_year-plain,True,
s2-A-0080-sw0.50-five_year-domain_augmented,True,
s2-A-0080-sw0.50-half_life_2-plain,True,
s2-A-0080-sw0.50-half_life_2-domain_augmented,True,
s2-A-0080-sw0.50-half_life_4-plain,True,
s2-A-0080-sw0.50-half_life_4-domain_augmented,True,
s2-A-0080-sw0.50-half_life_6-plain,True,
s2-A-0080-sw0.50-half_life_6-domain_augmented,True,
s2-A-0080-ensemble-0.25,True,requires compatible top pair
s2-A-0080-ensemble-0.50,True,requires compatible top pair
s2-A-0080-ensemble-0.75,True,requires compatible top pair
s2-A-0081-sw0.00-all_history-plain,True,
s2-A-0081-sw0.00-all_history-domain_augmented,True,
s2-A-0081-sw0.00-five_year-plain,True,
s2-A-0081-sw0.00-five_year-domain_augmented,True,
s2-A-0081-sw0.00-half_life_2-plain,True,
s2-A-0081-sw0.00-half_life_2-domain_augmented,True,
s2-A-0081-sw0.00-half_life_4-plain,True,
s2-A-0081-sw0.00-half_life_4-domain_augmented,True,
s2-A-0081-sw0.00-half_life_6-plain,True,
s2-A-0081-sw0.00-half_life_6-domain_augmented,True,
s2-A-0081-sw0.10-all_history-plain,True,
s2-A-0081-sw0.10-all_history-domain_augmented,True,
s2-A-0081-sw0.10-five_year-plain,True,
s2-A-0081-sw0.10-five_year-domain_augmented,True,
s2-A-0081-sw0.10-half_life_2-plain,True,
s2-A-0081-sw0.10-half_life_2-domain_augmented,True,
s2-A-0081-sw0.10-half_life_4-plain,True,
s2-A-0081-sw0.10-half_life_4-domain_augmented,True,
s2-A-0081-sw0.10-half_life_6-plain,True,
s2-A-0081-sw0.10-half_life_6-domain_augmented,True,
s2-A-0081-sw0.25-all_history-plain,True,
s2-A-0081-sw0.25-all_history-domain_augmented,True,
s2-A-0081-sw0.25-five_year-plain,True,
s2-A-0081-sw0.25-five_year-domain_augmented,True,
s2-A-0081-sw0.25-half_life_2-plain,True,
s2-A-0081-sw0.25-half_life_2-domain_augmented,True,
s2-A-0081-sw0.25-half_life_4-plain,True,
s2-A-0081-sw0.25-half_life_4-domain_augmented,True,
s2-A-0081-sw0.25-half_life_6-plain,True,
s2-A-0081-sw0.25-half_life_6-domain_augmented,True,
s2-A-0081-sw0.50-all_history-plain,True,
s2-A-0081-sw0.50-all_history-domain_augmented,True,
s2-A-0081-sw0.50-five_year-plain,True,
s2-A-0081-sw0.50-five_year-domain_augmented,True,
s2-A-0081-sw0.50-half_life_2-plain,True,
s2-A-0081-sw0.50-half_life_2-domain_augmented,True,
s2-A-0081-sw0.50-half_life_4-plain,True,
s2-A-0081-sw0.50-half_life_4-domain_augmented,True,
s2-A-0081-sw0.50-half_life_6-plain,True,
s2-A-0081-sw0.50-half_life_6-domain_augmented,True,
s2-A-0081-ensemble-0.25,True,requires compatible top pair
s2-A-0081-ensemble-0.50,True,requires compatible top pair
s2-A-0081-ensemble-0.75,True,requires compatible top pair
s2-A-0082-sw0.00-all_history-plain,True,
s2-A-0082-sw0.00-all_history-domain_augmented,True,
s2-A-0082-sw0.00-five_year-plain,True,
s2-A-0082-sw0.00-five_year-domain_augmented,True,
s2-A-0082-sw0.00-half_life_2-plain,True,
s2-A-0082-sw0.00-half_life_2-domain_augmented,True,
s2-A-0082-sw0.00-half_life_4-plain,True,
s2-A-0082-sw0.00-half_life_4-domain_augmented,True,
s2-A-0082-sw0.00-half_life_6-plain,True,
s2-A-0082-sw0.00-half_life_6-domain_augmented,True,
s2-A-0082-sw0.10-all_history-plain,True,
s2-A-0082-sw0.10-all_history-domain_augmented,True,
s2-A-0082-sw0.10-five_year-plain,True,
s2-A-0082-sw0.10-five_year-domain_augmented,True,
s2-A-0082-sw0.10-half_life_2-plain,True,
s2-A-0082-sw0.10-half_life_2-domain_augmented,True,
s2-A-0082-sw0.10-half_life_4-plain,True,
s2-A-0082-sw0.10-half_life_4-domain_augmented,True,
s2-A-0082-sw0.10-half_life_6-plain,True,
s2-A-0082-sw0.10-half_life_6-domain_augmented,True,
s2-A-0082-sw0.25-all_history-plain,True,
s2-A-0082-sw0.25-all_history-domain_augmented,True,
s2-A-0082-sw0.25-five_year-plain,True,
s2-A-0082-sw0.25-five_year-domain_augmented,True,
s2-A-0082-sw0.25-half_life_2-plain,True,
s2-A-0082-sw0.25-half_life_2-domain_augmented,True,
s2-A-0082-sw0.25-half_life_4-plain,True,
s2-A-0082-sw0.25-half_life_4-domain_augmented,True,
s2-A-0082-sw0.25-half_life_6-plain,True,
s2-A-0082-sw0.25-half_life_6-domain_augmented,True,
s2-A-0082-sw0.50-all_history-plain,True,
s2-A-0082-sw0.50-all_history-domain_augmented,True,
s2-A-0082-sw0.50-five_year-plain,True,
s2-A-0082-sw0.50-five_year-domain_augmented,True,
s2-A-0082-sw0.50-half_life_2-plain,True,
s2-A-0082-sw0.50-half_life_2-domain_augmented,True,
s2-A-0082-sw0.50-half_life_4-plain,True,
s2-A-0082-sw0.50-half_life_4-domain_augmented,True,
s2-A-0082-sw0.50-half_life_6-plain,True,
s2-A-0082-sw0.50-half_life_6-domain_augmented,True,
s2-A-0082-ensemble-0.25,True,requires compatible top pair
s2-A-0082-ensemble-0.50,True,requires compatible top pair
s2-A-0082-ensemble-0.75,True,requires compatible top pair
s2-A-0083-sw0.00-all_history-plain,True,
s2-A-0083-sw0.00-all_history-domain_augmented,True,
s2-A-0083-sw0.00-five_year-plain,True,
s2-A-0083-sw0.00-five_year-domain_augmented,True,
s2-A-0083-sw0.00-half_life_2-plain,True,
s2-A-0083-sw0.00-half_life_2-domain_augmented,True,
s2-A-0083-sw0.00-half_life_4-plain,True,
s2-A-0083-sw0.00-half_life_4-domain_augmented,True,
s2-A-0083-sw0.00-half_life_6-plain,True,
s2-A-0083-sw0.00-half_life_6-domain_augmented,True,
s2-A-0083-sw0.10-all_history-plain,True,
s2-A-0083-sw0.10-all_history-domain_augmented,True,
s2-A-0083-sw0.10-five_year-plain,True,
s2-A-0083-sw0.10-five_year-domain_augmented,True,
s2-A-0083-sw0.10-half_life_2-plain,True,
s2-A-0083-sw0.10-half_life_2-domain_augmented,True,
s2-A-0083-sw0.10-half_life_4-plain,True,
s2-A-0083-sw0.10-half_life_4-domain_augmented,True,
s2-A-0083-sw0.10-half_life_6-plain,True,
s2-A-0083-sw0.10-half_life_6-domain_augmented,True,
s2-A-0083-sw0.25-all_history-plain,True,
s2-A-0083-sw0.25-all_history-domain_augmented,True,
s2-A-0083-sw0.25-five_year-plain,True,
s2-A-0083-sw0.25-five_year-domain_augmented,True,
s2-A-0083-sw0.25-half_life_2-plain,True,
s2-A-0083-sw0.25-half_life_2-domain_augmented,True,
s2-A-0083-sw0.25-half_life_4-plain,True,
s2-A-0083-sw0.25-half_life_4-domain_augmented,True,
s2-A-0083-sw0.25-half_life_6-plain,True,
s2-A-0083-sw0.25-half_life_6-domain_augmented,True,
s2-A-0083-sw0.50-all_history-plain,True,
s2-A-0083-sw0.50-all_history-domain_augmented,True,
s2-A-0083-sw0.50-five_year-plain,True,
s2-A-0083-sw0.50-five_year-domain_augmented,True,
s2-A-0083-sw0.50-half_life_2-plain,True,
s2-A-0083-sw0.50-half_life_2-domain_augmented,True,
s2-A-0083-sw0.50-half_life_4-plain,True,
s2-A-0083-sw0.50-half_life_4-domain_augmented,True,
s2-A-0083-sw0.50-half_life_6-plain,True,
s2-A-0083-sw0.50-half_life_6-domain_augmented,True,
s2-A-0083-ensemble-0.25,True,requires compatible top pair
s2-A-0083-ensemble-0.50,True,requires compatible top pair
s2-A-0083-ensemble-0.75,True,requires compatible top pair
s2-A-0084-sw0.00-all_history-plain,True,
s2-A-0084-sw0.00-all_history-domain_augmented,True,
s2-A-0084-sw0.00-five_year-plain,True,
s2-A-0084-sw0.00-five_year-domain_augmented,True,
s2-A-0084-sw0.00-half_life_2-plain,True,
s2-A-0084-sw0.00-half_life_2-domain_augmented,True,
s2-A-0084-sw0.00-half_life_4-plain,True,
s2-A-0084-sw0.00-half_life_4-domain_augmented,True,
s2-A-0084-sw0.00-half_life_6-plain,True,
s2-A-0084-sw0.00-half_life_6-domain_augmented,True,
s2-A-0084-sw0.10-all_history-plain,True,
s2-A-0084-sw0.10-all_history-domain_augmented,True,
s2-A-0084-sw0.10-five_year-plain,True,
s2-A-0084-sw0.10-five_year-domain_augmented,True,
s2-A-0084-sw0.10-half_life_2-plain,True,
s2-A-0084-sw0.10-half_life_2-domain_augmented,True,
s2-A-0084-sw0.10-half_life_4-plain,True,
s2-A-0084-sw0.10-half_life_4-domain_augmented,True,
s2-A-0084-sw0.10-half_life_6-plain,True,
s2-A-0084-sw0.10-half_life_6-domain_augmented,True,
s2-A-0084-sw0.25-all_history-plain,True,
s2-A-0084-sw0.25-all_history-domain_augmented,True,
s2-A-0084-sw0.25-five_year-plain,True,
s2-A-0084-sw0.25-five_year-domain_augmented,True,
s2-A-0084-sw0.25-half_life_2-plain,True,
s2-A-0084-sw0.25-half_life_2-domain_augmented,True,
s2-A-0084-sw0.25-half_life_4-plain,True,
s2-A-0084-sw0.25-half_life_4-domain_augmented,True,
s2-A-0084-sw0.25-half_life_6-plain,True,
s2-A-0084-sw0.25-half_life_6-domain_augmented,True,
s2-A-0084-sw0.50-all_history-plain,True,
s2-A-0084-sw0.50-all_history-domain_augmented,True,
s2-A-0084-sw0.50-five_year-plain,True,
s2-A-0084-sw0.50-five_year-domain_augmented,True,
s2-A-0084-sw0.50-half_life_2-plain,True,
s2-A-0084-sw0.50-half_life_2-domain_augmented,True,
s2-A-0084-sw0.50-half_life_4-plain,True,
s2-A-0084-sw0.50-half_life_4-domain_augmented,True,
s2-A-0084-sw0.50-half_life_6-plain,True,
s2-A-0084-sw0.50-half_life_6-domain_augmented,True,
s2-A-0084-ensemble-0.25,True,requires compatible top pair
s2-A-0084-ensemble-0.50,True,requires compatible top pair
s2-A-0084-ensemble-0.75,True,requires compatible top pair
s2-A-0085-sw0.00-all_history-plain,True,
s2-A-0085-sw0.00-all_history-domain_augmented,True,
s2-A-0085-sw0.00-five_year-plain,True,
s2-A-0085-sw0.00-five_year-domain_augmented,True,
s2-A-0085-sw0.00-half_life_2-plain,True,
s2-A-0085-sw0.00-half_life_2-domain_augmented,True,
s2-A-0085-sw0.00-half_life_4-plain,True,
s2-A-0085-sw0.00-half_life_4-domain_augmented,True,
s2-A-0085-sw0.00-half_life_6-plain,True,
s2-A-0085-sw0.00-half_life_6-domain_augmented,True,
s2-A-0085-sw0.10-all_history-plain,True,
s2-A-0085-sw0.10-all_history-domain_augmented,True,
s2-A-0085-sw0.10-five_year-plain,True,
s2-A-0085-sw0.10-five_year-domain_augmented,True,
s2-A-0085-sw0.10-half_life_2-plain,True,
s2-A-0085-sw0.10-half_life_2-domain_augmented,True,
s2-A-0085-sw0.10-half_life_4-plain,True,
s2-A-0085-sw0.10-half_life_4-domain_augmented,True,
s2-A-0085-sw0.10-half_life_6-plain,True,
s2-A-0085-sw0.10-half_life_6-domain_augmented,True,
s2-A-0085-sw0.25-all_history-plain,True,
s2-A-0085-sw0.25-all_history-domain_augmented,True,
s2-A-0085-sw0.25-five_year-plain,True,
s2-A-0085-sw0.25-five_year-domain_augmented,True,
s2-A-0085-sw0.25-half_life_2-plain,True,
s2-A-0085-sw0.25-half_life_2-domain_augmented,True,
s2-A-0085-sw0.25-half_life_4-plain,True,
s2-A-0085-sw0.25-half_life_4-domain_augmented,True,
s2-A-0085-sw0.25-half_life_6-plain,True,
s2-A-0085-sw0.25-half_life_6-domain_augmented,True,
s2-A-0085-sw0.50-all_history-plain,True,
s2-A-0085-sw0.50-all_history-domain_augmented,True,
s2-A-0085-sw0.50-five_year-plain,True,
s2-A-0085-sw0.50-five_year-domain_augmented,True,
s2-A-0085-sw0.50-half_life_2-plain,True,
s2-A-0085-sw0.50-half_life_2-domain_augmented,True,
s2-A-0085-sw0.50-half_life_4-plain,True,
s2-A-0085-sw0.50-half_life_4-domain_augmented,True,
s2-A-0085-sw0.50-half_life_6-plain,True,
s2-A-0085-sw0.50-half_life_6-domain_augmented,True,
s2-A-0085-ensemble-0.25,True,requires compatible top pair
s2-A-0085-ensemble-0.50,True,requires compatible top pair
s2-A-0085-ensemble-0.75,True,requires compatible top pair
s2-A-0086-sw0.00-all_history-plain,True,
s2-A-0086-sw0.00-all_history-domain_augmented,True,
s2-A-0086-sw0.00-five_year-plain,True,
s2-A-0086-sw0.00-five_year-domain_augmented,True,
s2-A-0086-sw0.00-half_life_2-plain,True,
s2-A-0086-sw0.00-half_life_2-domain_augmented,True,
s2-A-0086-sw0.00-half_life_4-plain,True,
s2-A-0086-sw0.00-half_life_4-domain_augmented,True,
s2-A-0086-sw0.00-half_life_6-plain,True,
s2-A-0086-sw0.00-half_life_6-domain_augmented,True,
s2-A-0086-sw0.10-all_history-plain,True,
s2-A-0086-sw0.10-all_history-domain_augmented,True,
s2-A-0086-sw0.10-five_year-plain,True,
s2-A-0086-sw0.10-five_year-domain_augmented,True,
s2-A-0086-sw0.10-half_life_2-plain,True,
s2-A-0086-sw0.10-half_life_2-domain_augmented,True,
s2-A-0086-sw0.10-half_life_4-plain,True,
s2-A-0086-sw0.10-half_life_4-domain_augmented,True,
s2-A-0086-sw0.10-half_life_6-plain,True,
s2-A-0086-sw0.10-half_life_6-domain_augmented,True,
s2-A-0086-sw0.25-all_history-plain,True,
s2-A-0086-sw0.25-all_history-domain_augmented,True,
s2-A-0086-sw0.25-five_year-plain,True,
s2-A-0086-sw0.25-five_year-domain_augmented,True,
s2-A-0086-sw0.25-half_life_2-plain,True,
s2-A-0086-sw0.25-half_life_2-domain_augmented,True,
s2-A-0086-sw0.25-half_life_4-plain,True,
s2-A-0086-sw0.25-half_life_4-domain_augmented,True,
s2-A-0086-sw0.25-half_life_6-plain,True,
s2-A-0086-sw0.25-half_life_6-domain_augmented,True,
s2-A-0086-sw0.50-all_history-plain,True,
s2-A-0086-sw0.50-all_history-domain_augmented,True,
s2-A-0086-sw0.50-five_year-plain,True,
s2-A-0086-sw0.50-five_year-domain_augmented,True,
s2-A-0086-sw0.50-half_life_2-plain,True,
s2-A-0086-sw0.50-half_life_2-domain_augmented,True,
s2-A-0086-sw0.50-half_life_4-plain,True,
s2-A-0086-sw0.50-half_life_4-domain_augmented,True,
s2-A-0086-sw0.50-half_life_6-plain,True,
s2-A-0086-sw0.50-half_life_6-domain_augmented,True,
s2-A-0086-ensemble-0.25,True,requires compatible top pair
s2-A-0086-ensemble-0.50,True,requires compatible top pair
s2-A-0086-ensemble-0.75,True,requires compatible top pair
s2-A-0087-sw0.00-all_history-plain,True,
s2-A-0087-sw0.00-all_history-domain_augmented,True,
s2-A-0087-sw0.00-five_year-plain,True,
s2-A-0087-sw0.00-five_year-domain_augmented,True,
s2-A-0087-sw0.00-half_life_2-plain,True,
s2-A-0087-sw0.00-half_life_2-domain_augmented,True,
s2-A-0087-sw0.00-half_life_4-plain,True,
s2-A-0087-sw0.00-half_life_4-domain_augmented,True,
s2-A-0087-sw0.00-half_life_6-plain,True,
s2-A-0087-sw0.00-half_life_6-domain_augmented,True,
s2-A-0087-sw0.10-all_history-plain,True,
s2-A-0087-sw0.10-all_history-domain_augmented,True,
s2-A-0087-sw0.10-five_year-plain,True,
s2-A-0087-sw0.10-five_year-domain_augmented,True,
s2-A-0087-sw0.10-half_life_2-plain,True,
s2-A-0087-sw0.10-half_life_2-domain_augmented,True,
s2-A-0087-sw0.10-half_life_4-plain,True,
s2-A-0087-sw0.10-half_life_4-domain_augmented,True,
s2-A-0087-sw0.10-half_life_6-plain,True,
s2-A-0087-sw0.10-half_life_6-domain_augmented,True,
s2-A-0087-sw0.25-all_history-plain,True,
s2-A-0087-sw0.25-all_history-domain_augmented,True,
s2-A-0087-sw0.25-five_year-plain,True,
s2-A-0087-sw0.25-five_year-domain_augmented,True,
s2-A-0087-sw0.25-half_life_2-plain,True,
s2-A-0087-sw0.25-half_life_2-domain_augmented,True,
s2-A-0087-sw0.25-half_life_4-plain,True,
s2-A-0087-sw0.25-half_life_4-domain_augmented,True,
s2-A-0087-sw0.25-half_life_6-plain,True,
s2-A-0087-sw0.25-half_life_6-domain_augmented,True,
s2-A-0087-sw0.50-all_history-plain,True,
s2-A-0087-sw0.50-all_history-domain_augmented,True,
s2-A-0087-sw0.50-five_year-plain,True,
s2-A-0087-sw0.50-five_year-domain_augmented,True,
s2-A-0087-sw0.50-half_life_2-plain,True,
s2-A-0087-sw0.50-half_life_2-domain_augmented,True,
s2-A-0087-sw0.50-half_life_4-plain,True,
s2-A-0087-sw0.50-half_life_4-domain_augmented,True,
s2-A-0087-sw0.50-half_life_6-plain,True,
s2-A-0087-sw0.50-half_life_6-domain_augmented,True,
s2-A-0087-ensemble-0.25,True,requires compatible top pair
s2-A-0087-ensemble-0.50,True,requires compatible top pair
s2-A-0087-ensemble-0.75,True,requires compatible top pair
s2-A-0088-sw0.00-all_history-plain,True,
s2-A-0088-sw0.00-all_history-domain_augmented,True,
s2-A-0088-sw0.00-five_year-plain,True,
s2-A-0088-sw0.00-five_year-domain_augmented,True,
s2-A-0088-sw0.00-half_life_2-plain,True,
s2-A-0088-sw0.00-half_life_2-domain_augmented,True,
s2-A-0088-sw0.00-half_life_4-plain,True,
s2-A-0088-sw0.00-half_life_4-domain_augmented,True,
s2-A-0088-sw0.00-half_life_6-plain,True,
s2-A-0088-sw0.00-half_life_6-domain_augmented,True,
s2-A-0088-sw0.10-all_history-plain,True,
s2-A-0088-sw0.10-all_history-domain_augmented,True,
s2-A-0088-sw0.10-five_year-plain,True,
s2-A-0088-sw0.10-five_year-domain_augmented,True,
s2-A-0088-sw0.10-half_life_2-plain,True,
s2-A-0088-sw0.10-half_life_2-domain_augmented,True,
s2-A-0088-sw0.10-half_life_4-plain,True,
s2-A-0088-sw0.10-half_life_4-domain_augmented,True,
s2-A-0088-sw0.10-half_life_6-plain,True,
s2-A-0088-sw0.10-half_life_6-domain_augmented,True,
s2-A-0088-sw0.25-all_history-plain,True,
s2-A-0088-sw0.25-all_history-domain_augmented,True,
s2-A-0088-sw0.25-five_year-plain,True,
s2-A-0088-sw0.25-five_year-domain_augmented,True,
s2-A-0088-sw0.25-half_life_2-plain,True,
s2-A-0088-sw0.25-half_life_2-domain_augmented,True,
s2-A-0088-sw0.25-half_life_4-plain,True,
s2-A-0088-sw0.25-half_life_4-domain_augmented,True,
s2-A-0088-sw0.25-half_life_6-plain,True,
s2-A-0088-sw0.25-half_life_6-domain_augmented,True,
s2-A-0088-sw0.50-all_history-plain,True,
s2-A-0088-sw0.50-all_history-domain_augmented,True,
s2-A-0088-sw0.50-five_year-plain,True,
s2-A-0088-sw0.50-five_year-domain_augmented,True,
s2-A-0088-sw0.50-half_life_2-plain,True,
s2-A-0088-sw0.50-half_life_2-domain_augmented,True,
s2-A-0088-sw0.50-half_life_4-plain,True,
s2-A-0088-sw0.50-half_life_4-domain_augmented,True,
s2-A-0088-sw0.50-half_life_6-plain,True,
s2-A-0088-sw0.50-half_life_6-domain_augmented,True,
s2-A-0088-ensemble-0.25,True,requires compatible top pair
s2-A-0088-ensemble-0.50,True,requires compatible top pair
s2-A-0088-ensemble-0.75,True,requires compatible top pair
s2-A-0089-sw0.00-all_history-plain,True,
s2-A-0089-sw0.00-all_history-domain_augmented,True,
s2-A-0089-sw0.00-five_year-plain,True,
s2-A-0089-sw0.00-five_year-domain_augmented,True,
s2-A-0089-sw0.00-half_life_2-plain,True,
s2-A-0089-sw0.00-half_life_2-domain_augmented,True,
s2-A-0089-sw0.00-half_life_4-plain,True,
s2-A-0089-sw0.00-half_life_4-domain_augmented,True,
s2-A-0089-sw0.00-half_life_6-plain,True,
s2-A-0089-sw0.00-half_life_6-domain_augmented,True,
s2-A-0089-sw0.10-all_history-plain,True,
s2-A-0089-sw0.10-all_history-domain_augmented,True,
s2-A-0089-sw0.10-five_year-plain,True,
s2-A-0089-sw0.10-five_year-domain_augmented,True,
s2-A-0089-sw0.10-half_life_2-plain,True,
s2-A-0089-sw0.10-half_life_2-domain_augmented,True,
s2-A-0089-sw0.10-half_life_4-plain,True,
s2-A-0089-sw0.10-half_life_4-domain_augmented,True,
s2-A-0089-sw0.10-half_life_6-plain,True,
s2-A-0089-sw0.10-half_life_6-domain_augmented,True,
s2-A-0089-sw0.25-all_history-plain,True,
s2-A-0089-sw0.25-all_history-domain_augmented,True,
s2-A-0089-sw0.25-five_year-plain,True,
s2-A-0089-sw0.25-five_year-domain_augmented,True,
s2-A-0089-sw0.25-half_life_2-plain,True,
s2-A-0089-sw0.25-half_life_2-domain_augmented,True,
s2-A-0089-sw0.25-half_life_4-plain,True,
s2-A-0089-sw0.25-half_life_4-domain_augmented,True,
s2-A-0089-sw0.25-half_life_6-plain,True,
s2-A-0089-sw0.25-half_life_6-domain_augmented,True,
s2-A-0089-sw0.50-all_history-plain,True,
s2-A-0089-sw0.50-all_history-domain_augmented,True,
s2-A-0089-sw0.50-five_year-plain,True,
s2-A-0089-sw0.50-five_year-domain_augmented,True,
s2-A-0089-sw0.50-half_life_2-plain,True,
s2-A-0089-sw0.50-half_life_2-domain_augmented,True,
s2-A-0089-sw0.50-half_life_4-plain,True,
s2-A-0089-sw0.50-half_life_4-domain_augmented,True,
s2-A-0089-sw0.50-half_life_6-plain,True,
s2-A-0089-sw0.50-half_life_6-domain_augmented,True,
s2-A-0089-ensemble-0.25,True,requires compatible top pair
s2-A-0089-ensemble-0.50,True,requires compatible top pair
s2-A-0089-ensemble-0.75,True,requires compatible top pair
s2-A-0090-sw0.00-all_history-plain,True,
s2-A-0090-sw0.00-all_history-domain_augmented,True,
s2-A-0090-sw0.00-five_year-plain,True,
s2-A-0090-sw0.00-five_year-domain_augmented,True,
s2-A-0090-sw0.00-half_life_2-plain,True,
s2-A-0090-sw0.00-half_life_2-domain_augmented,True,
s2-A-0090-sw0.00-half_life_4-plain,True,
s2-A-0090-sw0.00-half_life_4-domain_augmented,True,
s2-A-0090-sw0.00-half_life_6-plain,True,
s2-A-0090-sw0.00-half_life_6-domain_augmented,True,
s2-A-0090-sw0.10-all_history-plain,True,
s2-A-0090-sw0.10-all_history-domain_augmented,True,
s2-A-0090-sw0.10-five_year-plain,True,
s2-A-0090-sw0.10-five_year-domain_augmented,True,
s2-A-0090-sw0.10-half_life_2-plain,True,
s2-A-0090-sw0.10-half_life_2-domain_augmented,True,
s2-A-0090-sw0.10-half_life_4-plain,True,
s2-A-0090-sw0.10-half_life_4-domain_augmented,True,
s2-A-0090-sw0.10-half_life_6-plain,True,
s2-A-0090-sw0.10-half_life_6-domain_augmented,True,
s2-A-0090-sw0.25-all_history-plain,True,
s2-A-0090-sw0.25-all_history-domain_augmented,True,
s2-A-0090-sw0.25-five_year-plain,True,
s2-A-0090-sw0.25-five_year-domain_augmented,True,
s2-A-0090-sw0.25-half_life_2-plain,True,
s2-A-0090-sw0.25-half_life_2-domain_augmented,True,
s2-A-0090-sw0.25-half_life_4-plain,True,
s2-A-0090-sw0.25-half_life_4-domain_augmented,True,
s2-A-0090-sw0.25-half_life_6-plain,True,
s2-A-0090-sw0.25-half_life_6-domain_augmented,True,
s2-A-0090-sw0.50-all_history-plain,True,
s2-A-0090-sw0.50-all_history-domain_augmented,True,
s2-A-0090-sw0.50-five_year-plain,True,
s2-A-0090-sw0.50-five_year-domain_augmented,True,
s2-A-0090-sw0.50-half_life_2-plain,True,
s2-A-0090-sw0.50-half_life_2-domain_augmented,True,
s2-A-0090-sw0.50-half_life_4-plain,True,
s2-A-0090-sw0.50-half_life_4-domain_augmented,True,
s2-A-0090-sw0.50-half_life_6-plain,True,
s2-A-0090-sw0.50-half_life_6-domain_augmented,True,
s2-A-0090-ensemble-0.25,True,requires compatible top pair
s2-A-0090-ensemble-0.50,True,requires compatible top pair
s2-A-0090-ensemble-0.75,True,requires compatible top pair
s2-A-0091-sw0.00-all_history-plain,True,
s2-A-0091-sw0.00-all_history-domain_augmented,True,
s2-A-0091-sw0.00-five_year-plain,True,
s2-A-0091-sw0.00-five_year-domain_augmented,True,
s2-A-0091-sw0.00-half_life_2-plain,True,
s2-A-0091-sw0.00-half_life_2-domain_augmented,True,
s2-A-0091-sw0.00-half_life_4-plain,True,
s2-A-0091-sw0.00-half_life_4-domain_augmented,True,
s2-A-0091-sw0.00-half_life_6-plain,True,
s2-A-0091-sw0.00-half_life_6-domain_augmented,True,
s2-A-0091-sw0.10-all_history-plain,True,
s2-A-0091-sw0.10-all_history-domain_augmented,True,
s2-A-0091-sw0.10-five_year-plain,True,
s2-A-0091-sw0.10-five_year-domain_augmented,True,
s2-A-0091-sw0.10-half_life_2-plain,True,
s2-A-0091-sw0.10-half_life_2-domain_augmented,True,
s2-A-0091-sw0.10-half_life_4-plain,True,
s2-A-0091-sw0.10-half_life_4-domain_augmented,True,
s2-A-0091-sw0.10-half_life_6-plain,True,
s2-A-0091-sw0.10-half_life_6-domain_augmented,True,
s2-A-0091-sw0.25-all_history-plain,True,
s2-A-0091-sw0.25-all_history-domain_augmented,True,
s2-A-0091-sw0.25-five_year-plain,True,
s2-A-0091-sw0.25-five_year-domain_augmented,True,
s2-A-0091-sw0.25-half_life_2-plain,True,
s2-A-0091-sw0.25-half_life_2-domain_augmented,True,
s2-A-0091-sw0.25-half_life_4-plain,True,
s2-A-0091-sw0.25-half_life_4-domain_augmented,True,
s2-A-0091-sw0.25-half_life_6-plain,True,
s2-A-0091-sw0.25-half_life_6-domain_augmented,True,
s2-A-0091-sw0.50-all_history-plain,True,
s2-A-0091-sw0.50-all_history-domain_augmented,True,
s2-A-0091-sw0.50-five_year-plain,True,
s2-A-0091-sw0.50-five_year-domain_augmented,True,
s2-A-0091-sw0.50-half_life_2-plain,True,
s2-A-0091-sw0.50-half_life_2-domain_augmented,True,
s2-A-0091-sw0.50-half_life_4-plain,True,
s2-A-0091-sw0.50-half_life_4-domain_augmented,True,
s2-A-0091-sw0.50-half_life_6-plain,True,
s2-A-0091-sw0.50-half_life_6-domain_augmented,True,
s2-A-0091-ensemble-0.25,True,requires compatible top pair
s2-A-0091-ensemble-0.50,True,requires compatible top pair
s2-A-0091-ensemble-0.75,True,requires compatible top pair
s2-A-0092-sw0.00-all_history-plain,True,
s2-A-0092-sw0.00-all_history-domain_augmented,True,
s2-A-0092-sw0.00-five_year-plain,True,
s2-A-0092-sw0.00-five_year-domain_augmented,True,
s2-A-0092-sw0.00-half_life_2-plain,True,
s2-A-0092-sw0.00-half_life_2-domain_augmented,True,
s2-A-0092-sw0.00-half_life_4-plain,True,
s2-A-0092-sw0.00-half_life_4-domain_augmented,True,
s2-A-0092-sw0.00-half_life_6-plain,True,
s2-A-0092-sw0.00-half_life_6-domain_augmented,True,
s2-A-0092-sw0.10-all_history-plain,True,
s2-A-0092-sw0.10-all_history-domain_augmented,True,
s2-A-0092-sw0.10-five_year-plain,True,
s2-A-0092-sw0.10-five_year-domain_augmented,True,
s2-A-0092-sw0.10-half_life_2-plain,True,
s2-A-0092-sw0.10-half_life_2-domain_augmented,True,
s2-A-0092-sw0.10-half_life_4-plain,True,
s2-A-0092-sw0.10-half_life_4-domain_augmented,True,
s2-A-0092-sw0.10-half_life_6-plain,True,
s2-A-0092-sw0.10-half_life_6-domain_augmented,True,
s2-A-0092-sw0.25-all_history-plain,True,
s2-A-0092-sw0.25-all_history-domain_augmented,True,
s2-A-0092-sw0.25-five_year-plain,True,
s2-A-0092-sw0.25-five_year-domain_augmented,True,
s2-A-0092-sw0.25-half_life_2-plain,True,
s2-A-0092-sw0.25-half_life_2-domain_augmented,True,
s2-A-0092-sw0.25-half_life_4-plain,True,
s2-A-0092-sw0.25-half_life_4-domain_augmented,True,
s2-A-0092-sw0.25-half_life_6-plain,True,
s2-A-0092-sw0.25-half_life_6-domain_augmented,True,
s2-A-0092-sw0.50-all_history-plain,True,
s2-A-0092-sw0.50-all_history-domain_augmented,True,
s2-A-0092-sw0.50-five_year-plain,True,
s2-A-0092-sw0.50-five_year-domain_augmented,True,
s2-A-0092-sw0.50-half_life_2-plain,True,
s2-A-0092-sw0.50-half_life_2-domain_augmented,True,
s2-A-0092-sw0.50-half_life_4-plain,True,
s2-A-0092-sw0.50-half_life_4-domain_augmented,True,
s2-A-0092-sw0.50-half_life_6-plain,True,
s2-A-0092-sw0.50-half_life_6-domain_augmented,True,
s2-A-0092-ensemble-0.25,True,requires compatible top pair
s2-A-0092-ensemble-0.50,True,requires compatible top pair
s2-A-0092-ensemble-0.75,True,requires compatible top pair
s2-A-0093-sw0.00-all_history-plain,True,
s2-A-0093-sw0.00-all_history-domain_augmented,True,
s2-A-0093-sw0.00-five_year-plain,True,
s2-A-0093-sw0.00-five_year-domain_augmented,True,
s2-A-0093-sw0.00-half_life_2-plain,True,
s2-A-0093-sw0.00-half_life_2-domain_augmented,True,
s2-A-0093-sw0.00-half_life_4-plain,True,
s2-A-0093-sw0.00-half_life_4-domain_augmented,True,
s2-A-0093-sw0.00-half_life_6-plain,True,
s2-A-0093-sw0.00-half_life_6-domain_augmented,True,
s2-A-0093-sw0.10-all_history-plain,True,
s2-A-0093-sw0.10-all_history-domain_augmented,True,
s2-A-0093-sw0.10-five_year-plain,True,
s2-A-0093-sw0.10-five_year-domain_augmented,True,
s2-A-0093-sw0.10-half_life_2-plain,True,
s2-A-0093-sw0.10-half_life_2-domain_augmented,True,
s2-A-0093-sw0.10-half_life_4-plain,True,
s2-A-0093-sw0.10-half_life_4-domain_augmented,True,
s2-A-0093-sw0.10-half_life_6-plain,True,
s2-A-0093-sw0.10-half_life_6-domain_augmented,True,
s2-A-0093-sw0.25-all_history-plain,True,
s2-A-0093-sw0.25-all_history-domain_augmented,True,
s2-A-0093-sw0.25-five_year-plain,True,
s2-A-0093-sw0.25-five_year-domain_augmented,True,
s2-A-0093-sw0.25-half_life_2-plain,True,
s2-A-0093-sw0.25-half_life_2-domain_augmented,True,
s2-A-0093-sw0.25-half_life_4-plain,True,
s2-A-0093-sw0.25-half_life_4-domain_augmented,True,
s2-A-0093-sw0.25-half_life_6-plain,True,
s2-A-0093-sw0.25-half_life_6-domain_augmented,True,
s2-A-0093-sw0.50-all_history-plain,True,
s2-A-0093-sw0.50-all_history-domain_augmented,True,
s2-A-0093-sw0.50-five_year-plain,True,
s2-A-0093-sw0.50-five_year-domain_augmented,True,
s2-A-0093-sw0.50-half_life_2-plain,True,
s2-A-0093-sw0.50-half_life_2-domain_augmented,True,
s2-A-0093-sw0.50-half_life_4-plain,True,
s2-A-0093-sw0.50-half_life_4-domain_augmented,True,
s2-A-0093-sw0.50-half_life_6-plain,True,
s2-A-0093-sw0.50-half_life_6-domain_augmented,True,
s2-A-0093-ensemble-0.25,True,requires compatible top pair
s2-A-0093-ensemble-0.50,True,requires compatible top pair
s2-A-0093-ensemble-0.75,True,requires compatible top pair
s2-A-0094-sw0.00-all_history-plain,True,
s2-A-0094-sw0.00-all_history-domain_augmented,True,
s2-A-0094-sw0.00-five_year-plain,True,
s2-A-0094-sw0.00-five_year-domain_augmented,True,
s2-A-0094-sw0.00-half_life_2-plain,True,
s2-A-0094-sw0.00-half_life_2-domain_augmented,True,
s2-A-0094-sw0.00-half_life_4-plain,True,
s2-A-0094-sw0.00-half_life_4-domain_augmented,True,
s2-A-0094-sw0.00-half_life_6-plain,True,
s2-A-0094-sw0.00-half_life_6-domain_augmented,True,
s2-A-0094-sw0.10-all_history-plain,True,
s2-A-0094-sw0.10-all_history-domain_augmented,True,
s2-A-0094-sw0.10-five_year-plain,True,
s2-A-0094-sw0.10-five_year-domain_augmented,True,
s2-A-0094-sw0.10-half_life_2-plain,True,
s2-A-0094-sw0.10-half_life_2-domain_augmented,True,
s2-A-0094-sw0.10-half_life_4-plain,True,
s2-A-0094-sw0.10-half_life_4-domain_augmented,True,
s2-A-0094-sw0.10-half_life_6-plain,True,
s2-A-0094-sw0.10-half_life_6-domain_augmented,True,
s2-A-0094-sw0.25-all_history-plain,True,
s2-A-0094-sw0.25-all_history-domain_augmented,True,
s2-A-0094-sw0.25-five_year-plain,True,
s2-A-0094-sw0.25-five_year-domain_augmented,True,
s2-A-0094-sw0.25-half_life_2-plain,True,
s2-A-0094-sw0.25-half_life_2-domain_augmented,True,
s2-A-0094-sw0.25-half_life_4-plain,True,
s2-A-0094-sw0.25-half_life_4-domain_augmented,True,
s2-A-0094-sw0.25-half_life_6-plain,True,
s2-A-0094-sw0.25-half_life_6-domain_augmented,True,
s2-A-0094-sw0.50-all_history-plain,True,
s2-A-0094-sw0.50-all_history-domain_augmented,True,
s2-A-0094-sw0.50-five_year-plain,True,
s2-A-0094-sw0.50-five_year-domain_augmented,True,
s2-A-0094-sw0.50-half_life_2-plain,True,
s2-A-0094-sw0.50-half_life_2-domain_augmented,True,
s2-A-0094-sw0.50-half_life_4-plain,True,
s2-A-0094-sw0.50-half_life_4-domain_augmented,True,
s2-A-0094-sw0.50-half_life_6-plain,True,
s2-A-0094-sw0.50-half_life_6-domain_augmented,True,
s2-A-0094-ensemble-0.25,True,requires compatible top pair
s2-A-0094-ensemble-0.50,True,requires compatible top pair
s2-A-0094-ensemble-0.75,True,requires compatible top pair
s2-A-0095-sw0.00-all_history-plain,True,
s2-A-0095-sw0.00-all_history-domain_augmented,True,
s2-A-0095-sw0.00-five_year-plain,True,
s2-A-0095-sw0.00-five_year-domain_augmented,True,
s2-A-0095-sw0.00-half_life_2-plain,True,
s2-A-0095-sw0.00-half_life_2-domain_augmented,True,
s2-A-0095-sw0.00-half_life_4-plain,True,
s2-A-0095-sw0.00-half_life_4-domain_augmented,True,
s2-A-0095-sw0.00-half_life_6-plain,True,
s2-A-0095-sw0.00-half_life_6-domain_augmented,True,
s2-A-0095-sw0.10-all_history-plain,True,
s2-A-0095-sw0.10-all_history-domain_augmented,True,
s2-A-0095-sw0.10-five_year-plain,True,
s2-A-0095-sw0.10-five_year-domain_augmented,True,
s2-A-0095-sw0.10-half_life_2-plain,True,
s2-A-0095-sw0.10-half_life_2-domain_augmented,True,
s2-A-0095-sw0.10-half_life_4-plain,True,
s2-A-0095-sw0.10-half_life_4-domain_augmented,True,
s2-A-0095-sw0.10-half_life_6-plain,True,
s2-A-0095-sw0.10-half_life_6-domain_augmented,True,
s2-A-0095-sw0.25-all_history-plain,True,
s2-A-0095-sw0.25-all_history-domain_augmented,True,
s2-A-0095-sw0.25-five_year-plain,True,
s2-A-0095-sw0.25-five_year-domain_augmented,True,
s2-A-0095-sw0.25-half_life_2-plain,True,
s2-A-0095-sw0.25-half_life_2-domain_augmented,True,
s2-A-0095-sw0.25-half_life_4-plain,True,
s2-A-0095-sw0.25-half_life_4-domain_augmented,True,
s2-A-0095-sw0.25-half_life_6-plain,True,
s2-A-0095-sw0.25-half_life_6-domain_augmented,True,
s2-A-0095-sw0.50-all_history-plain,True,
s2-A-0095-sw0.50-all_history-domain_augmented,True,
s2-A-0095-sw0.50-five_year-plain,True,
s2-A-0095-sw0.50-five_year-domain_augmented,True,
s2-A-0095-sw0.50-half_life_2-plain,True,
s2-A-0095-sw0.50-half_life_2-domain_augmented,True,
s2-A-0095-sw0.50-half_life_4-plain,True,
s2-A-0095-sw0.50-half_life_4-domain_augmented,True,
s2-A-0095-sw0.50-half_life_6-plain,True,
s2-A-0095-sw0.50-half_life_6-domain_augmented,True,
s2-A-0095-ensemble-0.25,True,requires compatible top pair
s2-A-0095-ensemble-0.50,True,requires compatible top pair
s2-A-0095-ensemble-0.75,True,requires compatible top pair
s2-A-0096-sw0.00-all_history-plain,True,
s2-A-0096-sw0.00-all_history-domain_augmented,True,
s2-A-0096-sw0.00-five_year-plain,True,
s2-A-0096-sw0.00-five_year-domain_augmented,True,
s2-A-0096-sw0.00-half_life_2-plain,True,
s2-A-0096-sw0.00-half_life_2-domain_augmented,True,
s2-A-0096-sw0.00-half_life_4-plain,True,
s2-A-0096-sw0.00-half_life_4-domain_augmented,True,
s2-A-0096-sw0.00-half_life_6-plain,True,
s2-A-0096-sw0.00-half_life_6-domain_augmented,True,
s2-A-0096-sw0.10-all_history-plain,True,
s2-A-0096-sw0.10-all_history-domain_augmented,True,
s2-A-0096-sw0.10-five_year-plain,True,
s2-A-0096-sw0.10-five_year-domain_augmented,True,
s2-A-0096-sw0.10-half_life_2-plain,True,
s2-A-0096-sw0.10-half_life_2-domain_augmented,True,
s2-A-0096-sw0.10-half_life_4-plain,True,
s2-A-0096-sw0.10-half_life_4-domain_augmented,True,
s2-A-0096-sw0.10-half_life_6-plain,True,
s2-A-0096-sw0.10-half_life_6-domain_augmented,True,
s2-A-0096-sw0.25-all_history-plain,True,
s2-A-0096-sw0.25-all_history-domain_augmented,True,
s2-A-0096-sw0.25-five_year-plain,True,
s2-A-0096-sw0.25-five_year-domain_augmented,True,
s2-A-0096-sw0.25-half_life_2-plain,True,
s2-A-0096-sw0.25-half_life_2-domain_augmented,True,
s2-A-0096-sw0.25-half_life_4-plain,True,
s2-A-0096-sw0.25-half_life_4-domain_augmented,True,
s2-A-0096-sw0.25-half_life_6-plain,True,
s2-A-0096-sw0.25-half_life_6-domain_augmented,True,
s2-A-0096-sw0.50-all_history-plain,True,
s2-A-0096-sw0.50-all_history-domain_augmented,True,
s2-A-0096-sw0.50-five_year-plain,True,
s2-A-0096-sw0.50-five_year-domain_augmented,True,
s2-A-0096-sw0.50-half_life_2-plain,True,
s2-A-0096-sw0.50-half_life_2-domain_augmented,True,
s2-A-0096-sw0.50-half_life_4-plain,True,
s2-A-0096-sw0.50-half_life_4-domain_augmented,True,
s2-A-0096-sw0.50-half_life_6-plain,True,
s2-A-0096-sw0.50-half_life_6-domain_augmented,True,
s2-A-0096-ensemble-0.25,True,requires compatible top pair
s2-A-0096-ensemble-0.50,True,requires compatible top pair
s2-A-0096-ensemble-0.75,True,requires compatible top pair
s2-A-0097-sw0.00-all_history-plain,True,
s2-A-0097-sw0.00-all_history-domain_augmented,True,
s2-A-0097-sw0.00-five_year-plain,True,
s2-A-0097-sw0.00-five_year-domain_augmented,True,
s2-A-0097-sw0.00-half_life_2-plain,True,
s2-A-0097-sw0.00-half_life_2-domain_augmented,True,
s2-A-0097-sw0.00-half_life_4-plain,True,
s2-A-0097-sw0.00-half_life_4-domain_augmented,True,
s2-A-0097-sw0.00-half_life_6-plain,True,
s2-A-0097-sw0.00-half_life_6-domain_augmented,True,
s2-A-0097-sw0.10-all_history-plain,True,
s2-A-0097-sw0.10-all_history-domain_augmented,True,
s2-A-0097-sw0.10-five_year-plain,True,
s2-A-0097-sw0.10-five_year-domain_augmented,True,
s2-A-0097-sw0.10-half_life_2-plain,True,
s2-A-0097-sw0.10-half_life_2-domain_augmented,True,
s2-A-0097-sw0.10-half_life_4-plain,True,
s2-A-0097-sw0.10-half_life_4-domain_augmented,True,
s2-A-0097-sw0.10-half_life_6-plain,True,
s2-A-0097-sw0.10-half_life_6-domain_augmented,True,
s2-A-0097-sw0.25-all_history-plain,True,
s2-A-0097-sw0.25-all_history-domain_augmented,True,
s2-A-0097-sw0.25-five_year-plain,True,
s2-A-0097-sw0.25-five_year-domain_augmented,True,
s2-A-0097-sw0.25-half_life_2-plain,True,
s2-A-0097-sw0.25-half_life_2-domain_augmented,True,
s2-A-0097-sw0.25-half_life_4-plain,True,
s2-A-0097-sw0.25-half_life_4-domain_augmented,True,
s2-A-0097-sw0.25-half_life_6-plain,True,
s2-A-0097-sw0.25-half_life_6-domain_augmented,True,
s2-A-0097-sw0.50-all_history-plain,True,
s2-A-0097-sw0.50-all_history-domain_augmented,True,
s2-A-0097-sw0.50-five_year-plain,True,
s2-A-0097-sw0.50-five_year-domain_augmented,True,
s2-A-0097-sw0.50-half_life_2-plain,True,
s2-A-0097-sw0.50-half_life_2-domain_augmented,True,
s2-A-0097-sw0.50-half_life_4-plain,True,
s2-A-0097-sw0.50-half_life_4-domain_augmented,True,
s2-A-0097-sw0.50-half_life_6-plain,True,
s2-A-0097-sw0.50-half_life_6-domain_augmented,True,
s2-A-0097-ensemble-0.25,True,requires compatible top pair
s2-A-0097-ensemble-0.50,True,requires compatible top pair
s2-A-0097-ensemble-0.75,True,requires compatible top pair
s2-A-0098-sw0.00-all_history-plain,True,
s2-A-0098-sw0.00-all_history-domain_augmented,True,
s2-A-0098-sw0.00-five_year-plain,True,
s2-A-0098-sw0.00-five_year-domain_augmented,True,
s2-A-0098-sw0.00-half_life_2-plain,True,
s2-A-0098-sw0.00-half_life_2-domain_augmented,True,
s2-A-0098-sw0.00-half_life_4-plain,True,
s2-A-0098-sw0.00-half_life_4-domain_augmented,True,
s2-A-0098-sw0.00-half_life_6-plain,True,
s2-A-0098-sw0.00-half_life_6-domain_augmented,True,
s2-A-0098-sw0.10-all_history-plain,True,
s2-A-0098-sw0.10-all_history-domain_augmented,True,
s2-A-0098-sw0.10-five_year-plain,True,
s2-A-0098-sw0.10-five_year-domain_augmented,True,
s2-A-0098-sw0.10-half_life_2-plain,True,
s2-A-0098-sw0.10-half_life_2-domain_augmented,True,
s2-A-0098-sw0.10-half_life_4-plain,True,
s2-A-0098-sw0.10-half_life_4-domain_augmented,True,
s2-A-0098-sw0.10-half_life_6-plain,True,
s2-A-0098-sw0.10-half_life_6-domain_augmented,True,
s2-A-0098-sw0.25-all_history-plain,True,
s2-A-0098-sw0.25-all_history-domain_augmented,True,
s2-A-0098-sw0.25-five_year-plain,True,
s2-A-0098-sw0.25-five_year-domain_augmented,True,
s2-A-0098-sw0.25-half_life_2-plain,True,
s2-A-0098-sw0.25-half_life_2-domain_augmented,True,
s2-A-0098-sw0.25-half_life_4-plain,True,
s2-A-0098-sw0.25-half_life_4-domain_augmented,True,
s2-A-0098-sw0.25-half_life_6-plain,True,
s2-A-0098-sw0.25-half_life_6-domain_augmented,True,
s2-A-0098-sw0.50-all_history-plain,True,
s2-A-0098-sw0.50-all_history-domain_augmented,True,
s2-A-0098-sw0.50-five_year-plain,True,
s2-A-0098-sw0.50-five_year-domain_augmented,True,
s2-A-0098-sw0.50-half_life_2-plain,True,
s2-A-0098-sw0.50-half_life_2-domain_augmented,True,
s2-A-0098-sw0.50-half_life_4-plain,True,
s2-A-0098-sw0.50-half_life_4-domain_augmented,True,
s2-A-0098-sw0.50-half_life_6-plain,True,
s2-A-0098-sw0.50-half_life_6-domain_augmented,True,
s2-A-0098-ensemble-0.25,True,requires compatible top pair
s2-A-0098-ensemble-0.50,True,requires compatible top pair
s2-A-0098-ensemble-0.75,True,requires compatible top pair
s2-A-0099-sw0.00-all_history-plain,True,
s2-A-0099-sw0.00-all_history-domain_augmented,True,
s2-A-0099-sw0.00-five_year-plain,True,
s2-A-0099-sw0.00-five_year-domain_augmented,True,
s2-A-0099-sw0.00-half_life_2-plain,True,
s2-A-0099-sw0.00-half_life_2-domain_augmented,True,
s2-A-0099-sw0.00-half_life_4-plain,True,
s2-A-0099-sw0.00-half_life_4-domain_augmented,True,
s2-A-0099-sw0.00-half_life_6-plain,True,
s2-A-0099-sw0.00-half_life_6-domain_augmented,True,
s2-A-0099-sw0.10-all_history-plain,True,
s2-A-0099-sw0.10-all_history-domain_augmented,True,
s2-A-0099-sw0.10-five_year-plain,True,
s2-A-0099-sw0.10-five_year-domain_augmented,True,
s2-A-0099-sw0.10-half_life_2-plain,True,
s2-A-0099-sw0.10-half_life_2-domain_augmented,True,
s2-A-0099-sw0.10-half_life_4-plain,True,
s2-A-0099-sw0.10-half_life_4-domain_augmented,True,
s2-A-0099-sw0.10-half_life_6-plain,True,
s2-A-0099-sw0.10-half_life_6-domain_augmented,True,
s2-A-0099-sw0.25-all_history-plain,True,
s2-A-0099-sw0.25-all_history-domain_augmented,True,
s2-A-0099-sw0.25-five_year-plain,True,
s2-A-0099-sw0.25-five_year-domain_augmented,True,
s2-A-0099-sw0.25-half_life_2-plain,True,
s2-A-0099-sw0.25-half_life_2-domain_augmented,True,
s2-A-0099-sw0.25-half_life_4-plain,True,
s2-A-0099-sw0.25-half_life_4-domain_augmented,True,
s2-A-0099-sw0.25-half_life_6-plain,True,
s2-A-0099-sw0.25-half_life_6-domain_augmented,True,
s2-A-0099-sw0.50-all_history-plain,True,
s2-A-0099-sw0.50-all_history-domain_augmented,True,
s2-A-0099-sw0.50-five_year-plain,True,
s2-A-0099-sw0.50-five_year-domain_augmented,True,
s2-A-0099-sw0.50-half_life_2-plain,True,
s2-A-0099-sw0.50-half_life_2-domain_augmented,True,
s2-A-0099-sw0.50-half_life_4-plain,True,
s2-A-0099-sw0.50-half_life_4-domain_augmented,True,
s2-A-0099-sw0.50-half_life_6-plain,True,
s2-A-0099-sw0.50-half_life_6-domain_augmented,True,
s2-A-0099-ensemble-0.25,True,requires compatible top pair
s2-A-0099-ensemble-0.50,True,requires compatible top pair
s2-A-0099-ensemble-0.75,True,requires compatible top pair
s2-A-0100-sw0.00-all_history-plain,True,
s2-A-0100-sw0.00-all_history-domain_augmented,True,
s2-A-0100-sw0.00-five_year-plain,True,
s2-A-0100-sw0.00-five_year-domain_augmented,True,
s2-A-0100-sw0.00-half_life_2-plain,True,
s2-A-0100-sw0.00-half_life_2-domain_augmented,True,
s2-A-0100-sw0.00-half_life_4-plain,True,
s2-A-0100-sw0.00-half_life_4-domain_augmented,True,
s2-A-0100-sw0.00-half_life_6-plain,True,
s2-A-0100-sw0.00-half_life_6-domain_augmented,True,
s2-A-0100-sw0.10-all_history-plain,True,
s2-A-0100-sw0.10-all_history-domain_augmented,True,
s2-A-0100-sw0.10-five_year-plain,True,
s2-A-0100-sw0.10-five_year-domain_augmented,True,
s2-A-0100-sw0.10-half_life_2-plain,True,
s2-A-0100-sw0.10-half_life_2-domain_augmented,True,
s2-A-0100-sw0.10-half_life_4-plain,True,
s2-A-0100-sw0.10-half_life_4-domain_augmented,True,
s2-A-0100-sw0.10-half_life_6-plain,True,
s2-A-0100-sw0.10-half_life_6-domain_augmented,True,
s2-A-0100-sw0.25-all_history-plain,True,
s2-A-0100-sw0.25-all_history-domain_augmented,True,
s2-A-0100-sw0.25-five_year-plain,True,
s2-A-0100-sw0.25-five_year-domain_augmented,True,
s2-A-0100-sw0.25-half_life_2-plain,True,
s2-A-0100-sw0.25-half_life_2-domain_augmented,True,
s2-A-0100-sw0.25-half_life_4-plain,True,
s2-A-0100-sw0.25-half_life_4-domain_augmented,True,
s2-A-0100-sw0.25-half_life_6-plain,True,
s2-A-0100-sw0.25-half_life_6-domain_augmented,True,
s2-A-0100-sw0.50-all_history-plain,True,
s2-A-0100-sw0.50-all_history-domain_augmented,True,
s2-A-0100-sw0.50-five_year-plain,True,
s2-A-0100-sw0.50-five_year-domain_augmented,True,
s2-A-0100-sw0.50-half_life_2-plain,True,
s2-A-0100-sw0.50-half_life_2-domain_augmented,True,
s2-A-0100-sw0.50-half_life_4-plain,True,
s2-A-0100-sw0.50-half_life_4-domain_augmented,True,
s2-A-0100-sw0.50-half_life_6-plain,True,
s2-A-0100-sw0.50-half_life_6-domain_augmented,True,
s2-A-0100-ensemble-0.25,True,requires compatible top pair
s2-A-0100-ensemble-0.50,True,requires compatible top pair
s2-A-0100-ensemble-0.75,True,requires compatible top pair
s2-A-0101-sw0.00-all_history-plain,True,
s2-A-0101-sw0.00-all_history-domain_augmented,True,
s2-A-0101-sw0.00-five_year-plain,True,
s2-A-0101-sw0.00-five_year-domain_augmented,True,
s2-A-0101-sw0.00-half_life_2-plain,True,
s2-A-0101-sw0.00-half_life_2-domain_augmented,True,
s2-A-0101-sw0.00-half_life_4-plain,True,
s2-A-0101-sw0.00-half_life_4-domain_augmented,True,
s2-A-0101-sw0.00-half_life_6-plain,True,
s2-A-0101-sw0.00-half_life_6-domain_augmented,True,
s2-A-0101-sw0.10-all_history-plain,True,
s2-A-0101-sw0.10-all_history-domain_augmented,True,
s2-A-0101-sw0.10-five_year-plain,True,
s2-A-0101-sw0.10-five_year-domain_augmented,True,
s2-A-0101-sw0.10-half_life_2-plain,True,
s2-A-0101-sw0.10-half_life_2-domain_augmented,True,
s2-A-0101-sw0.10-half_life_4-plain,True,
s2-A-0101-sw0.10-half_life_4-domain_augmented,True,
s2-A-0101-sw0.10-half_life_6-plain,True,
s2-A-0101-sw0.10-half_life_6-domain_augmented,True,
s2-A-0101-sw0.25-all_history-plain,True,
s2-A-0101-sw0.25-all_history-domain_augmented,True,
s2-A-0101-sw0.25-five_year-plain,True,
s2-A-0101-sw0.25-five_year-domain_augmented,True,
s2-A-0101-sw0.25-half_life_2-plain,True,
s2-A-0101-sw0.25-half_life_2-domain_augmented,True,
s2-A-0101-sw0.25-half_life_4-plain,True,
s2-A-0101-sw0.25-half_life_4-domain_augmented,True,
s2-A-0101-sw0.25-half_life_6-plain,True,
s2-A-0101-sw0.25-half_life_6-domain_augmented,True,
s2-A-0101-sw0.50-all_history-plain,True,
s2-A-0101-sw0.50-all_history-domain_augmented,True,
s2-A-0101-sw0.50-five_year-plain,True,
s2-A-0101-sw0.50-five_year-domain_augmented,True,
s2-A-0101-sw0.50-half_life_2-plain,True,
s2-A-0101-sw0.50-half_life_2-domain_augmented,True,
s2-A-0101-sw0.50-half_life_4-plain,True,
s2-A-0101-sw0.50-half_life_4-domain_augmented,True,
s2-A-0101-sw0.50-half_life_6-plain,True,
s2-A-0101-sw0.50-half_life_6-domain_augmented,True,
s2-A-0101-ensemble-0.25,True,requires compatible top pair
s2-A-0101-ensemble-0.50,True,requires compatible top pair
s2-A-0101-ensemble-0.75,True,requires compatible top pair
s2-A-0102-sw0.00-all_history-plain,True,
s2-A-0102-sw0.00-all_history-domain_augmented,True,
s2-A-0102-sw0.00-five_year-plain,True,
s2-A-0102-sw0.00-five_year-domain_augmented,True,
s2-A-0102-sw0.00-half_life_2-plain,True,
s2-A-0102-sw0.00-half_life_2-domain_augmented,True,
s2-A-0102-sw0.00-half_life_4-plain,True,
s2-A-0102-sw0.00-half_life_4-domain_augmented,True,
s2-A-0102-sw0.00-half_life_6-plain,True,
s2-A-0102-sw0.00-half_life_6-domain_augmented,True,
s2-A-0102-sw0.10-all_history-plain,True,
s2-A-0102-sw0.10-all_history-domain_augmented,True,
s2-A-0102-sw0.10-five_year-plain,True,
s2-A-0102-sw0.10-five_year-domain_augmented,True,
s2-A-0102-sw0.10-half_life_2-plain,True,
s2-A-0102-sw0.10-half_life_2-domain_augmented,True,
s2-A-0102-sw0.10-half_life_4-plain,True,
s2-A-0102-sw0.10-half_life_4-domain_augmented,True,
s2-A-0102-sw0.10-half_life_6-plain,True,
s2-A-0102-sw0.10-half_life_6-domain_augmented,True,
s2-A-0102-sw0.25-all_history-plain,True,
s2-A-0102-sw0.25-all_history-domain_augmented,True,
s2-A-0102-sw0.25-five_year-plain,True,
s2-A-0102-sw0.25-five_year-domain_augmented,True,
s2-A-0102-sw0.25-half_life_2-plain,True,
s2-A-0102-sw0.25-half_life_2-domain_augmented,True,
s2-A-0102-sw0.25-half_life_4-plain,True,
s2-A-0102-sw0.25-half_life_4-domain_augmented,True,
s2-A-0102-sw0.25-half_life_6-plain,True,
s2-A-0102-sw0.25-half_life_6-domain_augmented,True,
s2-A-0102-sw0.50-all_history-plain,True,
s2-A-0102-sw0.50-all_history-domain_augmented,True,
s2-A-0102-sw0.50-five_year-plain,True,
s2-A-0102-sw0.50-five_year-domain_augmented,True,
s2-A-0102-sw0.50-half_life_2-plain,True,
s2-A-0102-sw0.50-half_life_2-domain_augmented,True,
s2-A-0102-sw0.50-half_life_4-plain,True,
s2-A-0102-sw0.50-half_life_4-domain_augmented,True,
s2-A-0102-sw0.50-half_life_6-plain,True,
s2-A-0102-sw0.50-half_life_6-domain_augmented,True,
s2-A-0102-ensemble-0.25,True,requires compatible top pair
s2-A-0102-ensemble-0.50,True,requires compatible top pair
s2-A-0102-ensemble-0.75,True,requires compatible top pair
s2-A-0103-sw0.00-all_history-plain,True,
s2-A-0103-sw0.00-all_history-domain_augmented,True,
s2-A-0103-sw0.00-five_year-plain,True,
s2-A-0103-sw0.00-five_year-domain_augmented,True,
s2-A-0103-sw0.00-half_life_2-plain,True,
s2-A-0103-sw0.00-half_life_2-domain_augmented,True,
s2-A-0103-sw0.00-half_life_4-plain,True,
s2-A-0103-sw0.00-half_life_4-domain_augmented,True,
s2-A-0103-sw0.00-half_life_6-plain,True,
s2-A-0103-sw0.00-half_life_6-domain_augmented,True,
s2-A-0103-sw0.10-all_history-plain,True,
s2-A-0103-sw0.10-all_history-domain_augmented,True,
s2-A-0103-sw0.10-five_year-plain,True,
s2-A-0103-sw0.10-five_year-domain_augmented,True,
s2-A-0103-sw0.10-half_life_2-plain,True,
s2-A-0103-sw0.10-half_life_2-domain_augmented,True,
s2-A-0103-sw0.10-half_life_4-plain,True,
s2-A-0103-sw0.10-half_life_4-domain_augmented,True,
s2-A-0103-sw0.10-half_life_6-plain,True,
s2-A-0103-sw0.10-half_life_6-domain_augmented,True,
s2-A-0103-sw0.25-all_history-plain,True,
s2-A-0103-sw0.25-all_history-domain_augmented,True,
s2-A-0103-sw0.25-five_year-plain,True,
s2-A-0103-sw0.25-five_year-domain_augmented,True,
s2-A-0103-sw0.25-half_life_2-plain,True,
s2-A-0103-sw0.25-half_life_2-domain_augmented,True,
s2-A-0103-sw0.25-half_life_4-plain,True,
s2-A-0103-sw0.25-half_life_4-domain_augmented,True,
s2-A-0103-sw0.25-half_life_6-plain,True,
s2-A-0103-sw0.25-half_life_6-domain_augmented,True,
s2-A-0103-sw0.50-all_history-plain,True,
s2-A-0103-sw0.50-all_history-domain_augmented,True,
s2-A-0103-sw0.50-five_year-plain,True,
s2-A-0103-sw0.50-five_year-domain_augmented,True,
s2-A-0103-sw0.50-half_life_2-plain,True,
s2-A-0103-sw0.50-half_life_2-domain_augmented,True,
s2-A-0103-sw0.50-half_life_4-plain,True,
s2-A-0103-sw0.50-half_life_4-domain_augmented,True,
s2-A-0103-sw0.50-half_life_6-plain,True,
s2-A-0103-sw0.50-half_life_6-domain_augmented,True,
s2-A-0103-ensemble-0.25,True,requires compatible top pair
s2-A-0103-ensemble-0.50,True,requires compatible top pair
s2-A-0103-ensemble-0.75,True,requires compatible top pair
s2-A-0104-sw0.00-all_history-plain,True,
s2-A-0104-sw0.00-all_history-domain_augmented,True,
s2-A-0104-sw0.00-five_year-plain,True,
s2-A-0104-sw0.00-five_year-domain_augmented,True,
s2-A-0104-sw0.00-half_life_2-plain,True,
s2-A-0104-sw0.00-half_life_2-domain_augmented,True,
s2-A-0104-sw0.00-half_life_4-plain,True,
s2-A-0104-sw0.00-half_life_4-domain_augmented,True,
s2-A-0104-sw0.00-half_life_6-plain,True,
s2-A-0104-sw0.00-half_life_6-domain_augmented,True,
s2-A-0104-sw0.10-all_history-plain,True,
s2-A-0104-sw0.10-all_history-domain_augmented,True,
s2-A-0104-sw0.10-five_year-plain,True,
s2-A-0104-sw0.10-five_year-domain_augmented,True,
s2-A-0104-sw0.10-half_life_2-plain,True,
s2-A-0104-sw0.10-half_life_2-domain_augmented,True,
s2-A-0104-sw0.10-half_life_4-plain,True,
s2-A-0104-sw0.10-half_life_4-domain_augmented,True,
s2-A-0104-sw0.10-half_life_6-plain,True,
s2-A-0104-sw0.10-half_life_6-domain_augmented,True,
s2-A-0104-sw0.25-all_history-plain,True,
s2-A-0104-sw0.25-all_history-domain_augmented,True,
s2-A-0104-sw0.25-five_year-plain,True,
s2-A-0104-sw0.25-five_year-domain_augmented,True,
s2-A-0104-sw0.25-half_life_2-plain,True,
s2-A-0104-sw0.25-half_life_2-domain_augmented,True,
s2-A-0104-sw0.25-half_life_4-plain,True,
s2-A-0104-sw0.25-half_life_4-domain_augmented,True,
s2-A-0104-sw0.25-half_life_6-plain,True,
s2-A-0104-sw0.25-half_life_6-domain_augmented,True,
s2-A-0104-sw0.50-all_history-plain,True,
s2-A-0104-sw0.50-all_history-domain_augmented,True,
s2-A-0104-sw0.50-five_year-plain,True,
s2-A-0104-sw0.50-five_year-domain_augmented,True,
s2-A-0104-sw0.50-half_life_2-plain,True,
s2-A-0104-sw0.50-half_life_2-domain_augmented,True,
s2-A-0104-sw0.50-half_life_4-plain,True,
s2-A-0104-sw0.50-half_life_4-domain_augmented,True,
s2-A-0104-sw0.50-half_life_6-plain,True,
s2-A-0104-sw0.50-half_life_6-domain_augmented,True,
s2-A-0104-ensemble-0.25,True,requires compatible top pair
s2-A-0104-ensemble-0.50,True,requires compatible top pair
s2-A-0104-ensemble-0.75,True,requires compatible top pair
s2-A-0105-sw0.00-all_history-plain,True,
s2-A-0105-sw0.00-all_history-domain_augmented,True,
s2-A-0105-sw0.00-five_year-plain,True,
s2-A-0105-sw0.00-five_year-domain_augmented,True,
s2-A-0105-sw0.00-half_life_2-plain,True,
s2-A-0105-sw0.00-half_life_2-domain_augmented,True,
s2-A-0105-sw0.00-half_life_4-plain,True,
s2-A-0105-sw0.00-half_life_4-domain_augmented,True,
s2-A-0105-sw0.00-half_life_6-plain,True,
s2-A-0105-sw0.00-half_life_6-domain_augmented,True,
s2-A-0105-sw0.10-all_history-plain,True,
s2-A-0105-sw0.10-all_history-domain_augmented,True,
s2-A-0105-sw0.10-five_year-plain,True,
s2-A-0105-sw0.10-five_year-domain_augmented,True,
s2-A-0105-sw0.10-half_life_2-plain,True,
s2-A-0105-sw0.10-half_life_2-domain_augmented,True,
s2-A-0105-sw0.10-half_life_4-plain,True,
s2-A-0105-sw0.10-half_life_4-domain_augmented,True,
s2-A-0105-sw0.10-half_life_6-plain,True,
s2-A-0105-sw0.10-half_life_6-domain_augmented,True,
s2-A-0105-sw0.25-all_history-plain,True,
s2-A-0105-sw0.25-all_history-domain_augmented,True,
s2-A-0105-sw0.25-five_year-plain,True,
s2-A-0105-sw0.25-five_year-domain_augmented,True,
s2-A-0105-sw0.25-half_life_2-plain,True,
s2-A-0105-sw0.25-half_life_2-domain_augmented,True,
s2-A-0105-sw0.25-half_life_4-plain,True,
s2-A-0105-sw0.25-half_life_4-domain_augmented,True,
s2-A-0105-sw0.25-half_life_6-plain,True,
s2-A-0105-sw0.25-half_life_6-domain_augmented,True,
s2-A-0105-sw0.50-all_history-plain,True,
s2-A-0105-sw0.50-all_history-domain_augmented,True,
s2-A-0105-sw0.50-five_year-plain,True,
s2-A-0105-sw0.50-five_year-domain_augmented,True,
s2-A-0105-sw0.50-half_life_2-plain,True,
s2-A-0105-sw0.50-half_life_2-domain_augmented,True,
s2-A-0105-sw0.50-half_life_4-plain,True,
s2-A-0105-sw0.50-half_life_4-domain_augmented,True,
s2-A-0105-sw0.50-half_life_6-plain,True,
s2-A-0105-sw0.50-half_life_6-domain_augmented,True,
s2-A-0105-ensemble-0.25,True,requires compatible top pair
s2-A-0105-ensemble-0.50,True,requires compatible top pair
s2-A-0105-ensemble-0.75,True,requires compatible top pair
s2-A-0106-sw0.00-all_history-plain,True,
s2-A-0106-sw0.00-all_history-domain_augmented,True,
s2-A-0106-sw0.00-five_year-plain,True,
s2-A-0106-sw0.00-five_year-domain_augmented,True,
s2-A-0106-sw0.00-half_life_2-plain,True,
s2-A-0106-sw0.00-half_life_2-domain_augmented,True,
s2-A-0106-sw0.00-half_life_4-plain,True,
s2-A-0106-sw0.00-half_life_4-domain_augmented,True,
s2-A-0106-sw0.00-half_life_6-plain,True,
s2-A-0106-sw0.00-half_life_6-domain_augmented,True,
s2-A-0106-sw0.10-all_history-plain,True,
s2-A-0106-sw0.10-all_history-domain_augmented,True,
s2-A-0106-sw0.10-five_year-plain,True,
s2-A-0106-sw0.10-five_year-domain_augmented,True,
s2-A-0106-sw0.10-half_life_2-plain,True,
s2-A-0106-sw0.10-half_life_2-domain_augmented,True,
s2-A-0106-sw0.10-half_life_4-plain,True,
s2-A-0106-sw0.10-half_life_4-domain_augmented,True,
s2-A-0106-sw0.10-half_life_6-plain,True,
s2-A-0106-sw0.10-half_life_6-domain_augmented,True,
s2-A-0106-sw0.25-all_history-plain,True,
s2-A-0106-sw0.25-all_history-domain_augmented,True,
s2-A-0106-sw0.25-five_year-plain,True,
s2-A-0106-sw0.25-five_year-domain_augmented,True,
s2-A-0106-sw0.25-half_life_2-plain,True,
s2-A-0106-sw0.25-half_life_2-domain_augmented,True,
s2-A-0106-sw0.25-half_life_4-plain,True,
s2-A-0106-sw0.25-half_life_4-domain_augmented,True,
s2-A-0106-sw0.25-half_life_6-plain,True,
s2-A-0106-sw0.25-half_life_6-domain_augmented,True,
s2-A-0106-sw0.50-all_history-plain,True,
s2-A-0106-sw0.50-all_history-domain_augmented,True,
s2-A-0106-sw0.50-five_year-plain,True,
s2-A-0106-sw0.50-five_year-domain_augmented,True,
s2-A-0106-sw0.50-half_life_2-plain,True,
s2-A-0106-sw0.50-half_life_2-domain_augmented,True,
s2-A-0106-sw0.50-half_life_4-plain,True,
s2-A-0106-sw0.50-half_life_4-domain_augmented,True,
s2-A-0106-sw0.50-half_life_6-plain,True,
s2-A-0106-sw0.50-half_life_6-domain_augmented,True,
s2-A-0106-ensemble-0.25,True,requires compatible top pair
s2-A-0106-ensemble-0.50,True,requires compatible top pair
s2-A-0106-ensemble-0.75,True,requires compatible top pair
s2-A-0107-sw0.00-all_history-plain,True,
s2-A-0107-sw0.00-all_history-domain_augmented,True,
s2-A-0107-sw0.00-five_year-plain,True,
s2-A-0107-sw0.00-five_year-domain_augmented,True,
s2-A-0107-sw0.00-half_life_2-plain,True,
s2-A-0107-sw0.00-half_life_2-domain_augmented,True,
s2-A-0107-sw0.00-half_life_4-plain,True,
s2-A-0107-sw0.00-half_life_4-domain_augmented,True,
s2-A-0107-sw0.00-half_life_6-plain,True,
s2-A-0107-sw0.00-half_life_6-domain_augmented,True,
s2-A-0107-sw0.10-all_history-plain,True,
s2-A-0107-sw0.10-all_history-domain_augmented,True,
s2-A-0107-sw0.10-five_year-plain,True,
s2-A-0107-sw0.10-five_year-domain_augmented,True,
s2-A-0107-sw0.10-half_life_2-plain,True,
s2-A-0107-sw0.10-half_life_2-domain_augmented,True,
s2-A-0107-sw0.10-half_life_4-plain,True,
s2-A-0107-sw0.10-half_life_4-domain_augmented,True,
s2-A-0107-sw0.10-half_life_6-plain,True,
s2-A-0107-sw0.10-half_life_6-domain_augmented,True,
s2-A-0107-sw0.25-all_history-plain,True,
s2-A-0107-sw0.25-all_history-domain_augmented,True,
s2-A-0107-sw0.25-five_year-plain,True,
s2-A-0107-sw0.25-five_year-domain_augmented,True,
s2-A-0107-sw0.25-half_life_2-plain,True,
s2-A-0107-sw0.25-half_life_2-domain_augmented,True,
s2-A-0107-sw0.25-half_life_4-plain,True,
s2-A-0107-sw0.25-half_life_4-domain_augmented,True,
s2-A-0107-sw0.25-half_life_6-plain,True,
s2-A-0107-sw0.25-half_life_6-domain_augmented,True,
s2-A-0107-sw0.50-all_history-plain,True,
s2-A-0107-sw0.50-all_history-domain_augmented,True,
s2-A-0107-sw0.50-five_year-plain,True,
s2-A-0107-sw0.50-five_year-domain_augmented,True,
s2-A-0107-sw0.50-half_life_2-plain,True,
s2-A-0107-sw0.50-half_life_2-domain_augmented,True,
s2-A-0107-sw0.50-half_life_4-plain,True,
s2-A-0107-sw0.50-half_life_4-domain_augmented,True,
s2-A-0107-sw0.50-half_life_6-plain,True,
s2-A-0107-sw0.50-half_life_6-domain_augmented,True,
s2-A-0107-ensemble-0.25,True,requires compatible top pair
s2-A-0107-ensemble-0.50,True,requires compatible top pair
s2-A-0107-ensemble-0.75,True,requires compatible top pair
s2-A-0108-sw0.00-all_history-plain,True,
s2-A-0108-sw0.00-all_history-domain_augmented,True,
s2-A-0108-sw0.00-five_year-plain,True,
s2-A-0108-sw0.00-five_year-domain_augmented,True,
s2-A-0108-sw0.00-half_life_2-plain,True,
s2-A-0108-sw0.00-half_life_2-domain_augmented,True,
s2-A-0108-sw0.00-half_life_4-plain,True,
s2-A-0108-sw0.00-half_life_4-domain_augmented,True,
s2-A-0108-sw0.00-half_life_6-plain,True,
s2-A-0108-sw0.00-half_life_6-domain_augmented,True,
s2-A-0108-sw0.10-all_history-plain,True,
s2-A-0108-sw0.10-all_history-domain_augmented,True,
s2-A-0108-sw0.10-five_year-plain,True,
s2-A-0108-sw0.10-five_year-domain_augmented,True,
s2-A-0108-sw0.10-half_life_2-plain,True,
s2-A-0108-sw0.10-half_life_2-domain_augmented,True,
s2-A-0108-sw0.10-half_life_4-plain,True,
s2-A-0108-sw0.10-half_life_4-domain_augmented,True,
s2-A-0108-sw0.10-half_life_6-plain,True,
s2-A-0108-sw0.10-half_life_6-domain_augmented,True,
s2-A-0108-sw0.25-all_history-plain,True,
s2-A-0108-sw0.25-all_history-domain_augmented,True,
s2-A-0108-sw0.25-five_year-plain,True,
s2-A-0108-sw0.25-five_year-domain_augmented,True,
s2-A-0108-sw0.25-half_life_2-plain,True,
s2-A-0108-sw0.25-half_life_2-domain_augmented,True,
s2-A-0108-sw0.25-half_life_4-plain,True,
s2-A-0108-sw0.25-half_life_4-domain_augmented,True,
s2-A-0108-sw0.25-half_life_6-plain,True,
s2-A-0108-sw0.25-half_life_6-domain_augmented,True,
s2-A-0108-sw0.50-all_history-plain,True,
s2-A-0108-sw0.50-all_history-domain_augmented,True,
s2-A-0108-sw0.50-five_year-plain,True,
s2-A-0108-sw0.50-five_year-domain_augmented,True,
s2-A-0108-sw0.50-half_life_2-plain,True,
s2-A-0108-sw0.50-half_life_2-domain_augmented,True,
s2-A-0108-sw0.50-half_life_4-plain,True,
s2-A-0108-sw0.50-half_life_4-domain_augmented,True,
s2-A-0108-sw0.50-half_life_6-plain,True,
s2-A-0108-sw0.50-half_life_6-domain_augmented,True,
s2-A-0108-ensemble-0.25,True,requires compatible top pair
s2-A-0108-ensemble-0.50,True,requires compatible top pair
s2-A-0108-ensemble-0.75,True,requires compatible top pair
s2-A-0109-sw0.00-all_history-plain,True,
s2-A-0109-sw0.00-all_history-domain_augmented,True,
s2-A-0109-sw0.00-five_year-plain,True,
s2-A-0109-sw0.00-five_year-domain_augmented,True,
s2-A-0109-sw0.00-half_life_2-plain,True,
s2-A-0109-sw0.00-half_life_2-domain_augmented,True,
s2-A-0109-sw0.00-half_life_4-plain,True,
s2-A-0109-sw0.00-half_life_4-domain_augmented,True,
s2-A-0109-sw0.00-half_life_6-plain,True,
s2-A-0109-sw0.00-half_life_6-domain_augmented,True,
s2-A-0109-sw0.10-all_history-plain,True,
s2-A-0109-sw0.10-all_history-domain_augmented,True,
s2-A-0109-sw0.10-five_year-plain,True,
s2-A-0109-sw0.10-five_year-domain_augmented,True,
s2-A-0109-sw0.10-half_life_2-plain,True,
s2-A-0109-sw0.10-half_life_2-domain_augmented,True,
s2-A-0109-sw0.10-half_life_4-plain,True,
s2-A-0109-sw0.10-half_life_4-domain_augmented,True,
s2-A-0109-sw0.10-half_life_6-plain,True,
s2-A-0109-sw0.10-half_life_6-domain_augmented,True,
s2-A-0109-sw0.25-all_history-plain,True,
s2-A-0109-sw0.25-all_history-domain_augmented,True,
s2-A-0109-sw0.25-five_year-plain,True,
s2-A-0109-sw0.25-five_year-domain_augmented,True,
s2-A-0109-sw0.25-half_life_2-plain,True,
s2-A-0109-sw0.25-half_life_2-domain_augmented,True,
s2-A-0109-sw0.25-half_life_4-plain,True,
s2-A-0109-sw0.25-half_life_4-domain_augmented,True,
s2-A-0109-sw0.25-half_life_6-plain,True,
s2-A-0109-sw0.25-half_life_6-domain_augmented,True,
s2-A-0109-sw0.50-all_history-plain,True,
s2-A-0109-sw0.50-all_history-domain_augmented,True,
s2-A-0109-sw0.50-five_year-plain,True,
s2-A-0109-sw0.50-five_year-domain_augmented,True,
s2-A-0109-sw0.50-half_life_2-plain,True,
s2-A-0109-sw0.50-half_life_2-domain_augmented,True,
s2-A-0109-sw0.50-half_life_4-plain,True,
s2-A-0109-sw0.50-half_life_4-domain_augmented,True,
s2-A-0109-sw0.50-half_life_6-plain,True,
s2-A-0109-sw0.50-half_life_6-domain_augmented,True,
s2-A-0109-ensemble-0.25,True,requires compatible top pair
s2-A-0109-ensemble-0.50,True,requires compatible top pair
s2-A-0109-ensemble-0.75,True,requires compatible top pair
s2-A-0110-sw0.00-all_history-plain,True,
s2-A-0110-sw0.00-all_history-domain_augmented,True,
s2-A-0110-sw0.00-five_year-plain,True,
s2-A-0110-sw0.00-five_year-domain_augmented,True,
s2-A-0110-sw0.00-half_life_2-plain,True,
s2-A-0110-sw0.00-half_life_2-domain_augmented,True,
s2-A-0110-sw0.00-half_life_4-plain,True,
s2-A-0110-sw0.00-half_life_4-domain_augmented,True,
s2-A-0110-sw0.00-half_life_6-plain,True,
s2-A-0110-sw0.00-half_life_6-domain_augmented,True,
s2-A-0110-sw0.10-all_history-plain,True,
s2-A-0110-sw0.10-all_history-domain_augmented,True,
s2-A-0110-sw0.10-five_year-plain,True,
s2-A-0110-sw0.10-five_year-domain_augmented,True,
s2-A-0110-sw0.10-half_life_2-plain,True,
s2-A-0110-sw0.10-half_life_2-domain_augmented,True,
s2-A-0110-sw0.10-half_life_4-plain,True,
s2-A-0110-sw0.10-half_life_4-domain_augmented,True,
s2-A-0110-sw0.10-half_life_6-plain,True,
s2-A-0110-sw0.10-half_life_6-domain_augmented,True,
s2-A-0110-sw0.25-all_history-plain,True,
s2-A-0110-sw0.25-all_history-domain_augmented,True,
s2-A-0110-sw0.25-five_year-plain,True,
s2-A-0110-sw0.25-five_year-domain_augmented,True,
s2-A-0110-sw0.25-half_life_2-plain,True,
s2-A-0110-sw0.25-half_life_2-domain_augmented,True,
s2-A-0110-sw0.25-half_life_4-plain,True,
s2-A-0110-sw0.25-half_life_4-domain_augmented,True,
s2-A-0110-sw0.25-half_life_6-plain,True,
s2-A-0110-sw0.25-half_life_6-domain_augmented,True,
s2-A-0110-sw0.50-all_history-plain,True,
s2-A-0110-sw0.50-all_history-domain_augmented,True,
s2-A-0110-sw0.50-five_year-plain,True,
s2-A-0110-sw0.50-five_year-domain_augmented,True,
s2-A-0110-sw0.50-half_life_2-plain,True,
s2-A-0110-sw0.50-half_life_2-domain_augmented,True,
s2-A-0110-sw0.50-half_life_4-plain,True,
s2-A-0110-sw0.50-half_life_4-domain_augmented,True,
s2-A-0110-sw0.50-half_life_6-plain,True,
s2-A-0110-sw0.50-half_life_6-domain_augmented,True,
s2-A-0110-ensemble-0.25,True,requires compatible top pair
s2-A-0110-ensemble-0.50,True,requires compatible top pair
s2-A-0110-ensemble-0.75,True,requires compatible top pair
s2-A-0111-sw0.00-all_history-plain,True,
s2-A-0111-sw0.00-all_history-domain_augmented,True,
s2-A-0111-sw0.00-five_year-plain,True,
s2-A-0111-sw0.00-five_year-domain_augmented,True,
s2-A-0111-sw0.00-half_life_2-plain,True,
s2-A-0111-sw0.00-half_life_2-domain_augmented,True,
s2-A-0111-sw0.00-half_life_4-plain,True,
s2-A-0111-sw0.00-half_life_4-domain_augmented,True,
s2-A-0111-sw0.00-half_life_6-plain,True,
s2-A-0111-sw0.00-half_life_6-domain_augmented,True,
s2-A-0111-sw0.10-all_history-plain,True,
s2-A-0111-sw0.10-all_history-domain_augmented,True,
s2-A-0111-sw0.10-five_year-plain,True,
s2-A-0111-sw0.10-five_year-domain_augmented,True,
s2-A-0111-sw0.10-half_life_2-plain,True,
s2-A-0111-sw0.10-half_life_2-domain_augmented,True,
s2-A-0111-sw0.10-half_life_4-plain,True,
s2-A-0111-sw0.10-half_life_4-domain_augmented,True,
s2-A-0111-sw0.10-half_life_6-plain,True,
s2-A-0111-sw0.10-half_life_6-domain_augmented,True,
s2-A-0111-sw0.25-all_history-plain,True,
s2-A-0111-sw0.25-all_history-domain_augmented,True,
s2-A-0111-sw0.25-five_year-plain,True,
s2-A-0111-sw0.25-five_year-domain_augmented,True,
s2-A-0111-sw0.25-half_life_2-plain,True,
s2-A-0111-sw0.25-half_life_2-domain_augmented,True,
s2-A-0111-sw0.25-half_life_4-plain,True,
s2-A-0111-sw0.25-half_life_4-domain_augmented,True,
s2-A-0111-sw0.25-half_life_6-plain,True,
s2-A-0111-sw0.25-half_life_6-domain_augmented,True,
s2-A-0111-sw0.50-all_history-plain,True,
s2-A-0111-sw0.50-all_history-domain_augmented,True,
s2-A-0111-sw0.50-five_year-plain,True,
s2-A-0111-sw0.50-five_year-domain_augmented,True,
s2-A-0111-sw0.50-half_life_2-plain,True,
s2-A-0111-sw0.50-half_life_2-domain_augmented,True,
s2-A-0111-sw0.50-half_life_4-plain,True,
s2-A-0111-sw0.50-half_life_4-domain_augmented,True,
s2-A-0111-sw0.50-half_life_6-plain,True,
s2-A-0111-sw0.50-half_life_6-domain_augmented,True,
s2-A-0111-ensemble-0.25,True,requires compatible top pair
s2-A-0111-ensemble-0.50,True,requires compatible top pair
s2-A-0111-ensemble-0.75,True,requires compatible top pair
s2-A-0112-sw0.00-all_history-plain,True,
s2-A-0112-sw0.00-all_history-domain_augmented,True,
s2-A-0112-sw0.00-five_year-plain,True,
s2-A-0112-sw0.00-five_year-domain_augmented,True,
s2-A-0112-sw0.00-half_life_2-plain,True,
s2-A-0112-sw0.00-half_life_2-domain_augmented,True,
s2-A-0112-sw0.00-half_life_4-plain,True,
s2-A-0112-sw0.00-half_life_4-domain_augmented,True,
s2-A-0112-sw0.00-half_life_6-plain,True,
s2-A-0112-sw0.00-half_life_6-domain_augmented,True,
s2-A-0112-sw0.10-all_history-plain,True,
s2-A-0112-sw0.10-all_history-domain_augmented,True,
s2-A-0112-sw0.10-five_year-plain,True,
s2-A-0112-sw0.10-five_year-domain_augmented,True,
s2-A-0112-sw0.10-half_life_2-plain,True,
s2-A-0112-sw0.10-half_life_2-domain_augmented,True,
s2-A-0112-sw0.10-half_life_4-plain,True,
s2-A-0112-sw0.10-half_life_4-domain_augmented,True,
s2-A-0112-sw0.10-half_life_6-plain,True,
s2-A-0112-sw0.10-half_life_6-domain_augmented,True,
s2-A-0112-sw0.25-all_history-plain,True,
s2-A-0112-sw0.25-all_history-domain_augmented,True,
s2-A-0112-sw0.25-five_year-plain,True,
s2-A-0112-sw0.25-five_year-domain_augmented,True,
s2-A-0112-sw0.25-half_life_2-plain,True,
s2-A-0112-sw0.25-half_life_2-domain_augmented,True,
s2-A-0112-sw0.25-half_life_4-plain,True,
s2-A-0112-sw0.25-half_life_4-domain_augmented,True,
s2-A-0112-sw0.25-half_life_6-plain,True,
s2-A-0112-sw0.25-half_life_6-domain_augmented,True,
s2-A-0112-sw0.50-all_history-plain,True,
s2-A-0112-sw0.50-all_history-domain_augmented,True,
s2-A-0112-sw0.50-five_year-plain,True,
s2-A-0112-sw0.50-five_year-domain_augmented,True,
s2-A-0112-sw0.50-half_life_2-plain,True,
s2-A-0112-sw0.50-half_life_2-domain_augmented,True,
s2-A-0112-sw0.50-half_life_4-plain,True,
s2-A-0112-sw0.50-half_life_4-domain_augmented,True,
s2-A-0112-sw0.50-half_life_6-plain,True,
s2-A-0112-sw0.50-half_life_6-domain_augmented,True,
s2-A-0112-ensemble-0.25,True,requires compatible top pair
s2-A-0112-ensemble-0.50,True,requires compatible top pair
s2-A-0112-ensemble-0.75,True,requires compatible top pair
s2-A-0113-sw0.00-all_history-plain,True,
s2-A-0113-sw0.00-all_history-domain_augmented,True,
s2-A-0113-sw0.00-five_year-plain,True,
s2-A-0113-sw0.00-five_year-domain_augmented,True,
s2-A-0113-sw0.00-half_life_2-plain,True,
s2-A-0113-sw0.00-half_life_2-domain_augmented,True,
s2-A-0113-sw0.00-half_life_4-plain,True,
s2-A-0113-sw0.00-half_life_4-domain_augmented,True,
s2-A-0113-sw0.00-half_life_6-plain,True,
s2-A-0113-sw0.00-half_life_6-domain_augmented,True,
s2-A-0113-sw0.10-all_history-plain,True,
s2-A-0113-sw0.10-all_history-domain_augmented,True,
s2-A-0113-sw0.10-five_year-plain,True,
s2-A-0113-sw0.10-five_year-domain_augmented,True,
s2-A-0113-sw0.10-half_life_2-plain,True,
s2-A-0113-sw0.10-half_life_2-domain_augmented,True,
s2-A-0113-sw0.10-half_life_4-plain,True,
s2-A-0113-sw0.10-half_life_4-domain_augmented,True,
s2-A-0113-sw0.10-half_life_6-plain,True,
s2-A-0113-sw0.10-half_life_6-domain_augmented,True,
s2-A-0113-sw0.25-all_history-plain,True,
s2-A-0113-sw0.25-all_history-domain_augmented,True,
s2-A-0113-sw0.25-five_year-plain,True,
s2-A-0113-sw0.25-five_year-domain_augmented,True,
s2-A-0113-sw0.25-half_life_2-plain,True,
s2-A-0113-sw0.25-half_life_2-domain_augmented,True,
s2-A-0113-sw0.25-half_life_4-plain,True,
s2-A-0113-sw0.25-half_life_4-domain_augmented,True,
s2-A-0113-sw0.25-half_life_6-plain,True,
s2-A-0113-sw0.25-half_life_6-domain_augmented,True,
s2-A-0113-sw0.50-all_history-plain,True,
s2-A-0113-sw0.50-all_history-domain_augmented,True,
s2-A-0113-sw0.50-five_year-plain,True,
s2-A-0113-sw0.50-five_year-domain_augmented,True,
s2-A-0113-sw0.50-half_life_2-plain,True,
s2-A-0113-sw0.50-half_life_2-domain_augmented,True,
s2-A-0113-sw0.50-half_life_4-plain,True,
s2-A-0113-sw0.50-half_life_4-domain_augmented,True,
s2-A-0113-sw0.50-half_life_6-plain,True,
s2-A-0113-sw0.50-half_life_6-domain_augmented,True,
s2-A-0113-ensemble-0.25,True,requires compatible top pair
s2-A-0113-ensemble-0.50,True,requires compatible top pair
s2-A-0113-ensemble-0.75,True,requires compatible top pair
s2-A-0114-sw0.00-all_history-plain,True,
s2-A-0114-sw0.00-all_history-domain_augmented,True,
s2-A-0114-sw0.00-five_year-plain,True,
s2-A-0114-sw0.00-five_year-domain_augmented,True,
s2-A-0114-sw0.00-half_life_2-plain,True,
s2-A-0114-sw0.00-half_life_2-domain_augmented,True,
s2-A-0114-sw0.00-half_life_4-plain,True,
s2-A-0114-sw0.00-half_life_4-domain_augmented,True,
s2-A-0114-sw0.00-half_life_6-plain,True,
s2-A-0114-sw0.00-half_life_6-domain_augmented,True,
s2-A-0114-sw0.10-all_history-plain,True,
s2-A-0114-sw0.10-all_history-domain_augmented,True,
s2-A-0114-sw0.10-five_year-plain,True,
s2-A-0114-sw0.10-five_year-domain_augmented,True,
s2-A-0114-sw0.10-half_life_2-plain,True,
s2-A-0114-sw0.10-half_life_2-domain_augmented,True,
s2-A-0114-sw0.10-half_life_4-plain,True,
s2-A-0114-sw0.10-half_life_4-domain_augmented,True,
s2-A-0114-sw0.10-half_life_6-plain,True,
s2-A-0114-sw0.10-half_life_6-domain_augmented,True,
s2-A-0114-sw0.25-all_history-plain,True,
s2-A-0114-sw0.25-all_history-domain_augmented,True,
s2-A-0114-sw0.25-five_year-plain,True,
s2-A-0114-sw0.25-five_year-domain_augmented,True,
s2-A-0114-sw0.25-half_life_2-plain,True,
s2-A-0114-sw0.25-half_life_2-domain_augmented,True,
s2-A-0114-sw0.25-half_life_4-plain,True,
s2-A-0114-sw0.25-half_life_4-domain_augmented,True,
s2-A-0114-sw0.25-half_life_6-plain,True,
s2-A-0114-sw0.25-half_life_6-domain_augmented,True,
s2-A-0114-sw0.50-all_history-plain,True,
s2-A-0114-sw0.50-all_history-domain_augmented,True,
s2-A-0114-sw0.50-five_year-plain,True,
s2-A-0114-sw0.50-five_year-domain_augmented,True,
s2-A-0114-sw0.50-half_life_2-plain,True,
s2-A-0114-sw0.50-half_life_2-domain_augmented,True,
s2-A-0114-sw0.50-half_life_4-plain,True,
s2-A-0114-sw0.50-half_life_4-domain_augmented,True,
s2-A-0114-sw0.50-half_life_6-plain,True,
s2-A-0114-sw0.50-half_life_6-domain_augmented,True,
s2-A-0114-ensemble-0.25,True,requires compatible top pair
s2-A-0114-ensemble-0.50,True,requires compatible top pair
s2-A-0114-ensemble-0.75,True,requires compatible top pair
s2-A-0115-sw0.00-all_history-plain,True,
s2-A-0115-sw0.00-all_history-domain_augmented,True,
s2-A-0115-sw0.00-five_year-plain,True,
s2-A-0115-sw0.00-five_year-domain_augmented,True,
s2-A-0115-sw0.00-half_life_2-plain,True,
s2-A-0115-sw0.00-half_life_2-domain_augmented,True,
s2-A-0115-sw0.00-half_life_4-plain,True,
s2-A-0115-sw0.00-half_life_4-domain_augmented,True,
s2-A-0115-sw0.00-half_life_6-plain,True,
s2-A-0115-sw0.00-half_life_6-domain_augmented,True,
s2-A-0115-sw0.10-all_history-plain,True,
s2-A-0115-sw0.10-all_history-domain_augmented,True,
s2-A-0115-sw0.10-five_year-plain,True,
s2-A-0115-sw0.10-five_year-domain_augmented,True,
s2-A-0115-sw0.10-half_life_2-plain,True,
s2-A-0115-sw0.10-half_life_2-domain_augmented,True,
s2-A-0115-sw0.10-half_life_4-plain,True,
s2-A-0115-sw0.10-half_life_4-domain_augmented,True,
s2-A-0115-sw0.10-half_life_6-plain,True,
s2-A-0115-sw0.10-half_life_6-domain_augmented,True,
s2-A-0115-sw0.25-all_history-plain,True,
s2-A-0115-sw0.25-all_history-domain_augmented,True,
s2-A-0115-sw0.25-five_year-plain,True,
s2-A-0115-sw0.25-five_year-domain_augmented,True,
s2-A-0115-sw0.25-half_life_2-plain,True,
s2-A-0115-sw0.25-half_life_2-domain_augmented,True,
s2-A-0115-sw0.25-half_life_4-plain,True,
s2-A-0115-sw0.25-half_life_4-domain_augmented,True,
s2-A-0115-sw0.25-half_life_6-plain,True,
s2-A-0115-sw0.25-half_life_6-domain_augmented,True,
s2-A-0115-sw0.50-all_history-plain,True,
s2-A-0115-sw0.50-all_history-domain_augmented,True,
s2-A-0115-sw0.50-five_year-plain,True,
s2-A-0115-sw0.50-five_year-domain_augmented,True,
s2-A-0115-sw0.50-half_life_2-plain,True,
s2-A-0115-sw0.50-half_life_2-domain_augmented,True,
s2-A-0115-sw0.50-half_life_4-plain,True,
s2-A-0115-sw0.50-half_life_4-domain_augmented,True,
s2-A-0115-sw0.50-half_life_6-plain,True,
s2-A-0115-sw0.50-half_life_6-domain_augmented,True,
s2-A-0115-ensemble-0.25,True,requires compatible top pair
s2-A-0115-ensemble-0.50,True,requires compatible top pair
s2-A-0115-ensemble-0.75,True,requires compatible top pair
s2-A-0116-sw0.00-all_history-plain,True,
s2-A-0116-sw0.00-all_history-domain_augmented,True,
s2-A-0116-sw0.00-five_year-plain,True,
s2-A-0116-sw0.00-five_year-domain_augmented,True,
s2-A-0116-sw0.00-half_life_2-plain,True,
s2-A-0116-sw0.00-half_life_2-domain_augmented,True,
s2-A-0116-sw0.00-half_life_4-plain,True,
s2-A-0116-sw0.00-half_life_4-domain_augmented,True,
s2-A-0116-sw0.00-half_life_6-plain,True,
s2-A-0116-sw0.00-half_life_6-domain_augmented,True,
s2-A-0116-sw0.10-all_history-plain,True,
s2-A-0116-sw0.10-all_history-domain_augmented,True,
s2-A-0116-sw0.10-five_year-plain,True,
s2-A-0116-sw0.10-five_year-domain_augmented,True,
s2-A-0116-sw0.10-half_life_2-plain,True,
s2-A-0116-sw0.10-half_life_2-domain_augmented,True,
s2-A-0116-sw0.10-half_life_4-plain,True,
s2-A-0116-sw0.10-half_life_4-domain_augmented,True,
s2-A-0116-sw0.10-half_life_6-plain,True,
s2-A-0116-sw0.10-half_life_6-domain_augmented,True,
s2-A-0116-sw0.25-all_history-plain,True,
s2-A-0116-sw0.25-all_history-domain_augmented,True,
s2-A-0116-sw0.25-five_year-plain,True,
s2-A-0116-sw0.25-five_year-domain_augmented,True,
s2-A-0116-sw0.25-half_life_2-plain,True,
s2-A-0116-sw0.25-half_life_2-domain_augmented,True,
s2-A-0116-sw0.25-half_life_4-plain,True,
s2-A-0116-sw0.25-half_life_4-domain_augmented,True,
s2-A-0116-sw0.25-half_life_6-plain,True,
s2-A-0116-sw0.25-half_life_6-domain_augmented,True,
s2-A-0116-sw0.50-all_history-plain,True,
s2-A-0116-sw0.50-all_history-domain_augmented,True,
s2-A-0116-sw0.50-five_year-plain,True,
s2-A-0116-sw0.50-five_year-domain_augmented,True,
s2-A-0116-sw0.50-half_life_2-plain,True,
s2-A-0116-sw0.50-half_life_2-domain_augmented,True,
s2-A-0116-sw0.50-half_life_4-plain,True,
s2-A-0116-sw0.50-half_life_4-domain_augmented,True,
s2-A-0116-sw0.50-half_life_6-plain,True,
s2-A-0116-sw0.50-half_life_6-domain_augmented,True,
s2-A-0116-ensemble-0.25,True,requires compatible top pair
s2-A-0116-ensemble-0.50,True,requires compatible top pair
s2-A-0116-ensemble-0.75,True,requires compatible top pair
s2-A-0117-sw0.00-all_history-plain,True,
s2-A-0117-sw0.00-all_history-domain_augmented,True,
s2-A-0117-sw0.00-five_year-plain,True,
s2-A-0117-sw0.00-five_year-domain_augmented,True,
s2-A-0117-sw0.00-half_life_2-plain,True,
s2-A-0117-sw0.00-half_life_2-domain_augmented,True,
s2-A-0117-sw0.00-half_life_4-plain,True,
s2-A-0117-sw0.00-half_life_4-domain_augmented,True,
s2-A-0117-sw0.00-half_life_6-plain,True,
s2-A-0117-sw0.00-half_life_6-domain_augmented,True,
s2-A-0117-sw0.10-all_history-plain,True,
s2-A-0117-sw0.10-all_history-domain_augmented,True,
s2-A-0117-sw0.10-five_year-plain,True,
s2-A-0117-sw0.10-five_year-domain_augmented,True,
s2-A-0117-sw0.10-half_life_2-plain,True,
s2-A-0117-sw0.10-half_life_2-domain_augmented,True,
s2-A-0117-sw0.10-half_life_4-plain,True,
s2-A-0117-sw0.10-half_life_4-domain_augmented,True,
s2-A-0117-sw0.10-half_life_6-plain,True,
s2-A-0117-sw0.10-half_life_6-domain_augmented,True,
s2-A-0117-sw0.25-all_history-plain,True,
s2-A-0117-sw0.25-all_history-domain_augmented,True,
s2-A-0117-sw0.25-five_year-plain,True,
s2-A-0117-sw0.25-five_year-domain_augmented,True,
s2-A-0117-sw0.25-half_life_2-plain,True,
s2-A-0117-sw0.25-half_life_2-domain_augmented,True,
s2-A-0117-sw0.25-half_life_4-plain,True,
s2-A-0117-sw0.25-half_life_4-domain_augmented,True,
s2-A-0117-sw0.25-half_life_6-plain,True,
s2-A-0117-sw0.25-half_life_6-domain_augmented,True,
s2-A-0117-sw0.50-all_history-plain,True,
s2-A-0117-sw0.50-all_history-domain_augmented,True,
s2-A-0117-sw0.50-five_year-plain,True,
s2-A-0117-sw0.50-five_year-domain_augmented,True,
s2-A-0117-sw0.50-half_life_2-plain,True,
s2-A-0117-sw0.50-half_life_2-domain_augmented,True,
s2-A-0117-sw0.50-half_life_4-plain,True,
s2-A-0117-sw0.50-half_life_4-domain_augmented,True,
s2-A-0117-sw0.50-half_life_6-plain,True,
s2-A-0117-sw0.50-half_life_6-domain_augmented,True,
s2-A-0117-ensemble-0.25,True,requires compatible top pair
s2-A-0117-ensemble-0.50,True,requires compatible top pair
s2-A-0117-ensemble-0.75,True,requires compatible top pair
s2-A-0118-sw0.00-all_history-plain,True,
s2-A-0118-sw0.00-all_history-domain_augmented,True,
s2-A-0118-sw0.00-five_year-plain,True,
s2-A-0118-sw0.00-five_year-domain_augmented,True,
s2-A-0118-sw0.00-half_life_2-plain,True,
s2-A-0118-sw0.00-half_life_2-domain_augmented,True,
s2-A-0118-sw0.00-half_life_4-plain,True,
s2-A-0118-sw0.00-half_life_4-domain_augmented,True,
s2-A-0118-sw0.00-half_life_6-plain,True,
s2-A-0118-sw0.00-half_life_6-domain_augmented,True,
s2-A-0118-sw0.10-all_history-plain,True,
s2-A-0118-sw0.10-all_history-domain_augmented,True,
s2-A-0118-sw0.10-five_year-plain,True,
s2-A-0118-sw0.10-five_year-domain_augmented,True,
s2-A-0118-sw0.10-half_life_2-plain,True,
s2-A-0118-sw0.10-half_life_2-domain_augmented,True,
s2-A-0118-sw0.10-half_life_4-plain,True,
s2-A-0118-sw0.10-half_life_4-domain_augmented,True,
s2-A-0118-sw0.10-half_life_6-plain,True,
s2-A-0118-sw0.10-half_life_6-domain_augmented,True,
s2-A-0118-sw0.25-all_history-plain,True,
s2-A-0118-sw0.25-all_history-domain_augmented,True,
s2-A-0118-sw0.25-five_year-plain,True,
s2-A-0118-sw0.25-five_year-domain_augmented,True,
s2-A-0118-sw0.25-half_life_2-plain,True,
s2-A-0118-sw0.25-half_life_2-domain_augmented,True,
s2-A-0118-sw0.25-half_life_4-plain,True,
s2-A-0118-sw0.25-half_life_4-domain_augmented,True,
s2-A-0118-sw0.25-half_life_6-plain,True,
s2-A-0118-sw0.25-half_life_6-domain_augmented,True,
s2-A-0118-sw0.50-all_history-plain,True,
s2-A-0118-sw0.50-all_history-domain_augmented,True,
s2-A-0118-sw0.50-five_year-plain,True,
s2-A-0118-sw0.50-five_year-domain_augmented,True,
s2-A-0118-sw0.50-half_life_2-plain,True,
s2-A-0118-sw0.50-half_life_2-domain_augmented,True,
s2-A-0118-sw0.50-half_life_4-plain,True,
s2-A-0118-sw0.50-half_life_4-domain_augmented,True,
s2-A-0118-sw0.50-half_life_6-plain,True,
s2-A-0118-sw0.50-half_life_6-domain_augmented,True,
s2-A-0118-ensemble-0.25,True,requires compatible top pair
s2-A-0118-ensemble-0.50,True,requires compatible top pair
s2-A-0118-ensemble-0.75,True,requires compatible top pair
s2-A-0119-sw0.00-all_history-plain,True,
s2-A-0119-sw0.00-all_history-domain_augmented,True,
s2-A-0119-sw0.00-five_year-plain,True,
s2-A-0119-sw0.00-five_year-domain_augmented,True,
s2-A-0119-sw0.00-half_life_2-plain,True,
s2-A-0119-sw0.00-half_life_2-domain_augmented,True,
s2-A-0119-sw0.00-half_life_4-plain,True,
s2-A-0119-sw0.00-half_life_4-domain_augmented,True,
s2-A-0119-sw0.00-half_life_6-plain,True,
s2-A-0119-sw0.00-half_life_6-domain_augmented,True,
s2-A-0119-sw0.10-all_history-plain,True,
s2-A-0119-sw0.10-all_history-domain_augmented,True,
s2-A-0119-sw0.10-five_year-plain,True,
s2-A-0119-sw0.10-five_year-domain_augmented,True,
s2-A-0119-sw0.10-half_life_2-plain,True,
s2-A-0119-sw0.10-half_life_2-domain_augmented,True,
s2-A-0119-sw0.10-half_life_4-plain,True,
s2-A-0119-sw0.10-half_life_4-domain_augmented,True,
s2-A-0119-sw0.10-half_life_6-plain,True,
s2-A-0119-sw0.10-half_life_6-domain_augmented,True,
s2-A-0119-sw0.25-all_history-plain,True,
s2-A-0119-sw0.25-all_history-domain_augmented,True,
s2-A-0119-sw0.25-five_year-plain,True,
s2-A-0119-sw0.25-five_year-domain_augmented,True,
s2-A-0119-sw0.25-half_life_2-plain,True,
s2-A-0119-sw0.25-half_life_2-domain_augmented,True,
s2-A-0119-sw0.25-half_life_4-plain,True,
s2-A-0119-sw0.25-half_life_4-domain_augmented,True,
s2-A-0119-sw0.25-half_life_6-plain,True,
s2-A-0119-sw0.25-half_life_6-domain_augmented,True,
s2-A-0119-sw0.50-all_history-plain,True,
s2-A-0119-sw0.50-all_history-domain_augmented,True,
s2-A-0119-sw0.50-five_year-plain,True,
s2-A-0119-sw0.50-five_year-domain_augmented,True,
s2-A-0119-sw0.50-half_life_2-plain,True,
s2-A-0119-sw0.50-half_life_2-domain_augmented,True,
s2-A-0119-sw0.50-half_life_4-plain,True,
s2-A-0119-sw0.50-half_life_4-domain_augmented,True,
s2-A-0119-sw0.50-half_life_6-plain,True,
s2-A-0119-sw0.50-half_life_6-domain_augmented,True,
s2-A-0119-ensemble-0.25,True,requires compatible top pair
s2-A-0119-ensemble-0.50,True,requires compatible top pair
s2-A-0119-ensemble-0.75,True,requires compatible top pair
s2-A-0120-sw0.00-all_history-plain,True,
s2-A-0120-sw0.00-all_history-domain_augmented,True,
s2-A-0120-sw0.00-five_year-plain,True,
s2-A-0120-sw0.00-five_year-domain_augmented,True,
s2-A-0120-sw0.00-half_life_2-plain,True,
s2-A-0120-sw0.00-half_life_2-domain_augmented,True,
s2-A-0120-sw0.00-half_life_4-plain,True,
s2-A-0120-sw0.00-half_life_4-domain_augmented,True,
s2-A-0120-sw0.00-half_life_6-plain,True,
s2-A-0120-sw0.00-half_life_6-domain_augmented,True,
s2-A-0120-sw0.10-all_history-plain,True,
s2-A-0120-sw0.10-all_history-domain_augmented,True,
s2-A-0120-sw0.10-five_year-plain,True,
s2-A-0120-sw0.10-five_year-domain_augmented,True,
s2-A-0120-sw0.10-half_life_2-plain,True,
s2-A-0120-sw0.10-half_life_2-domain_augmented,True,
s2-A-0120-sw0.10-half_life_4-plain,True,
s2-A-0120-sw0.10-half_life_4-domain_augmented,True,
s2-A-0120-sw0.10-half_life_6-plain,True,
s2-A-0120-sw0.10-half_life_6-domain_augmented,True,
s2-A-0120-sw0.25-all_history-plain,True,
s2-A-0120-sw0.25-all_history-domain_augmented,True,
s2-A-0120-sw0.25-five_year-plain,True,
s2-A-0120-sw0.25-five_year-domain_augmented,True,
s2-A-0120-sw0.25-half_life_2-plain,True,
s2-A-0120-sw0.25-half_life_2-domain_augmented,True,
s2-A-0120-sw0.25-half_life_4-plain,True,
s2-A-0120-sw0.25-half_life_4-domain_augmented,True,
s2-A-0120-sw0.25-half_life_6-plain,True,
s2-A-0120-sw0.25-half_life_6-domain_augmented,True,
s2-A-0120-sw0.50-all_history-plain,True,
s2-A-0120-sw0.50-all_history-domain_augmented,True,
s2-A-0120-sw0.50-five_year-plain,True,
s2-A-0120-sw0.50-five_year-domain_augmented,True,
s2-A-0120-sw0.50-half_life_2-plain,True,
s2-A-0120-sw0.50-half_life_2-domain_augmented,True,
s2-A-0120-sw0.50-half_life_4-plain,True,
s2-A-0120-sw0.50-half_life_4-domain_augmented,True,
s2-A-0120-sw0.50-half_life_6-plain,True,
s2-A-0120-sw0.50-half_life_6-domain_augmented,True,
s2-A-0121-sw0.00-all_history-plain,True,
s2-A-0121-sw0.00-all_history-domain_augmented,True,
s2-A-0121-sw0.00-five_year-plain,True,
s2-A-0121-sw0.00-five_year-domain_augmented,True,
s2-A-0121-sw0.00-half_life_2-plain,True,
s2-A-0121-sw0.00-half_life_2-domain_augmented,True,
s2-A-0121-sw0.00-half_life_4-plain,True,
s2-A-0121-sw0.00-half_life_4-domain_augmented,True,
s2-A-0121-sw0.00-half_life_6-plain,True,
s2-A-0121-sw0.00-half_life_6-domain_augmented,True,
s2-A-0121-sw0.10-all_history-plain,True,
s2-A-0121-sw0.10-all_history-domain_augmented,True,
s2-A-0121-sw0.10-five_year-plain,True,
s2-A-0121-sw0.10-five_year-domain_augmented,True,
s2-A-0121-sw0.10-half_life_2-plain,True,
s2-A-0121-sw0.10-half_life_2-domain_augmented,True,
s2-A-0121-sw0.10-half_life_4-plain,True,
s2-A-0121-sw0.10-half_life_4-domain_augmented,True,
s2-A-0121-sw0.10-half_life_6-plain,True,
s2-A-0121-sw0.10-half_life_6-domain_augmented,True,
s2-A-0121-sw0.25-all_history-plain,True,
s2-A-0121-sw0.25-all_history-domain_augmented,True,
s2-A-0121-sw0.25-five_year-plain,True,
s2-A-0121-sw0.25-five_year-domain_augmented,True,
s2-A-0121-sw0.25-half_life_2-plain,True,
s2-A-0121-sw0.25-half_life_2-domain_augmented,True,
s2-A-0121-sw0.25-half_life_4-plain,True,
s2-A-0121-sw0.25-half_life_4-domain_augmented,True,
s2-A-0121-sw0.25-half_life_6-plain,True,
s2-A-0121-sw0.25-half_life_6-domain_augmented,True,
s2-A-0121-sw0.50-all_history-plain,True,
s2-A-0121-sw0.50-all_history-domain_augmented,True,
s2-A-0121-sw0.50-five_year-plain,True,
s2-A-0121-sw0.50-five_year-domain_augmented,True,
s2-A-0121-sw0.50-half_life_2-plain,True,
s2-A-0121-sw0.50-half_life_2-domain_augmented,True,
s2-A-0121-sw0.50-half_life_4-plain,True,
s2-A-0121-sw0.50-half_life_4-domain_augmented,True,
s2-A-0121-sw0.50-half_life_6-plain,True,
s2-A-0121-sw0.50-half_life_6-domain_augmented,True,
s2-A-0122-sw0.00-all_history-plain,True,
s2-A-0122-sw0.00-all_history-domain_augmented,True,
s2-A-0122-sw0.00-five_year-plain,True,
s2-A-0122-sw0.00-five_year-domain_augmented,True,
s2-A-0122-sw0.00-half_life_2-plain,True,
s2-A-0122-sw0.00-half_life_2-domain_augmented,True,
s2-A-0122-sw0.00-half_life_4-plain,True,
s2-A-0122-sw0.00-half_life_4-domain_augmented,True,
s2-A-0122-sw0.00-half_life_6-plain,True,
s2-A-0122-sw0.00-half_life_6-domain_augmented,True,
s2-A-0122-sw0.10-all_history-plain,True,
s2-A-0122-sw0.10-all_history-domain_augmented,True,
s2-A-0122-sw0.10-five_year-plain,True,
s2-A-0122-sw0.10-five_year-domain_augmented,True,
s2-A-0122-sw0.10-half_life_2-plain,True,
s2-A-0122-sw0.10-half_life_2-domain_augmented,True,
s2-A-0122-sw0.10-half_life_4-plain,True,
s2-A-0122-sw0.10-half_life_4-domain_augmented,True,
s2-A-0122-sw0.10-half_life_6-plain,True,
s2-A-0122-sw0.10-half_life_6-domain_augmented,True,
s2-A-0122-sw0.25-all_history-plain,True,
s2-A-0122-sw0.25-all_history-domain_augmented,True,
s2-A-0122-sw0.25-five_year-plain,True,
s2-A-0122-sw0.25-five_year-domain_augmented,True,
s2-A-0122-sw0.25-half_life_2-plain,True,
s2-A-0122-sw0.25-half_life_2-domain_augmented,True,
s2-A-0122-sw0.25-half_life_4-plain,True,
s2-A-0122-sw0.25-half_life_4-domain_augmented,True,
s2-A-0122-sw0.25-half_life_6-plain,True,
s2-A-0122-sw0.25-half_life_6-domain_augmented,True,
s2-A-0122-sw0.50-all_history-plain,True,
s2-A-0122-sw0.50-all_history-domain_augmented,True,
s2-A-0122-sw0.50-five_year-plain,True,
s2-A-0122-sw0.50-five_year-domain_augmented,True,
s2-A-0122-sw0.50-half_life_2-plain,True,
s2-A-0122-sw0.50-half_life_2-domain_augmented,True,
s2-A-0122-sw0.50-half_life_4-plain,True,
s2-A-0122-sw0.50-half_life_4-domain_augmented,True,
s2-A-0122-sw0.50-half_life_6-plain,True,
s2-A-0122-sw0.50-half_life_6-domain_augmented,True,
s2-A-0123-sw0.00-all_history-plain,True,
s2-A-0123-sw0.00-all_history-domain_augmented,True,
s2-A-0123-sw0.00-five_year-plain,True,
s2-A-0123-sw0.00-five_year-domain_augmented,True,
s2-A-0123-sw0.00-half_life_2-plain,True,
s2-A-0123-sw0.00-half_life_2-domain_augmented,True,
s2-A-0123-sw0.00-half_life_4-plain,True,
s2-A-0123-sw0.00-half_life_4-domain_augmented,True,
s2-A-0123-sw0.00-half_life_6-plain,True,
s2-A-0123-sw0.00-half_life_6-domain_augmented,True,
s2-A-0123-sw0.10-all_history-plain,True,
s2-A-0123-sw0.10-all_history-domain_augmented,True,
s2-A-0123-sw0.10-five_year-plain,True,
s2-A-0123-sw0.10-five_year-domain_augmented,True,
s2-A-0123-sw0.10-half_life_2-plain,True,
s2-A-0123-sw0.10-half_life_2-domain_augmented,True,
s2-A-0123-sw0.10-half_life_4-plain,True,
s2-A-0123-sw0.10-half_life_4-domain_augmented,True,
s2-A-0123-sw0.10-half_life_6-plain,True,
s2-A-0123-sw0.10-half_life_6-domain_augmented,True,
s2-A-0123-sw0.25-all_history-plain,True,
s2-A-0123-sw0.25-all_history-domain_augmented,True,
s2-A-0123-sw0.25-five_year-plain,True,
s2-A-0123-sw0.25-five_year-domain_augmented,True,
s2-A-0123-sw0.25-half_life_2-plain,True,
s2-A-0123-sw0.25-half_life_2-domain_augmented,True,
s2-A-0123-sw0.25-half_life_4-plain,True,
s2-A-0123-sw0.25-half_life_4-domain_augmented,True,
s2-A-0123-sw0.25-half_life_6-plain,True,
s2-A-0123-sw0.25-half_life_6-domain_augmented,True,
s2-A-0123-sw0.50-all_history-plain,True,
s2-A-0123-sw0.50-all_history-domain_augmented,True,
s2-A-0123-sw0.50-five_year-plain,True,
s2-A-0123-sw0.50-five_year-domain_augmented,True,
s2-A-0123-sw0.50-half_life_2-plain,True,
s2-A-0123-sw0.50-half_life_2-domain_augmented,True,
s2-A-0123-sw0.50-half_life_4-plain,True,
s2-A-0123-sw0.50-half_life_4-domain_augmented,True,
s2-A-0123-sw0.50-half_life_6-plain,True,
s2-A-0123-sw0.50-half_life_6-domain_augmented,True,
s2-A-0124-sw0.00-all_history-plain,True,
s2-A-0124-sw0.00-all_history-domain_augmented,True,
s2-A-0124-sw0.00-five_year-plain,True,
s2-A-0124-sw0.00-five_year-domain_augmented,True,
s2-A-0124-sw0.00-half_life_2-plain,True,
s2-A-0124-sw0.00-half_life_2-domain_augmented,True,
s2-A-0124-sw0.00-half_life_4-plain,True,
s2-A-0124-sw0.00-half_life_4-domain_augmented,True,
s2-A-0124-sw0.00-half_life_6-plain,True,
s2-A-0124-sw0.00-half_life_6-domain_augmented,True,
s2-A-0124-sw0.10-all_history-plain,True,
s2-A-0124-sw0.10-all_history-domain_augmented,True,
s2-A-0124-sw0.10-five_year-plain,True,
s2-A-0124-sw0.10-five_year-domain_augmented,True,
s2-A-0124-sw0.10-half_life_2-plain,True,
s2-A-0124-sw0.10-half_life_2-domain_augmented,True,
s2-A-0124-sw0.10-half_life_4-plain,True,
s2-A-0124-sw0.10-half_life_4-domain_augmented,True,
s2-A-0124-sw0.10-half_life_6-plain,True,
s2-A-0124-sw0.10-half_life_6-domain_augmented,True,
s2-A-0124-sw0.25-all_history-plain,True,
s2-A-0124-sw0.25-all_history-domain_augmented,True,
s2-A-0124-sw0.25-five_year-plain,True,
s2-A-0124-sw0.25-five_year-domain_augmented,True,
s2-A-0124-sw0.25-half_life_2-plain,True,
s2-A-0124-sw0.25-half_life_2-domain_augmented,True,
s2-A-0124-sw0.25-half_life_4-plain,True,
s2-A-0124-sw0.25-half_life_4-domain_augmented,True,
s2-A-0124-sw0.25-half_life_6-plain,True,
s2-A-0124-sw0.25-half_life_6-domain_augmented,True,
s2-A-0124-sw0.50-all_history-plain,True,
s2-A-0124-sw0.50-all_history-domain_augmented,True,
s2-A-0124-sw0.50-five_year-plain,True,
s2-A-0124-sw0.50-five_year-domain_augmented,True,
s2-A-0124-sw0.50-half_life_2-plain,True,
s2-A-0124-sw0.50-half_life_2-domain_augmented,True,
s2-A-0124-sw0.50-half_life_4-plain,True,
s2-A-0124-sw0.50-half_life_4-domain_augmented,True,
s2-A-0124-sw0.50-half_life_6-plain,True,
s2-A-0124-sw0.50-half_life_6-domain_augmented,True,
s2-A-0125-sw0.00-all_history-plain,True,
s2-A-0125-sw0.00-all_history-domain_augmented,True,
s2-A-0125-sw0.00-five_year-plain,True,
s2-A-0125-sw0.00-five_year-domain_augmented,True,
s2-A-0125-sw0.00-half_life_2-plain,True,
s2-A-0125-sw0.00-half_life_2-domain_augmented,True,
s2-A-0125-sw0.00-half_life_4-plain,True,
s2-A-0125-sw0.00-half_life_4-domain_augmented,True,
s2-A-0125-sw0.00-half_life_6-plain,True,
s2-A-0125-sw0.00-half_life_6-domain_augmented,True,
s2-A-0125-sw0.10-all_history-plain,True,
s2-A-0125-sw0.10-all_history-domain_augmented,True,
s2-A-0125-sw0.10-five_year-plain,True,
s2-A-0125-sw0.10-five_year-domain_augmented,True,
s2-A-0125-sw0.10-half_life_2-plain,True,
s2-A-0125-sw0.10-half_life_2-domain_augmented,True,
s2-A-0125-sw0.10-half_life_4-plain,True,
s2-A-0125-sw0.10-half_life_4-domain_augmented,True,
s2-A-0125-sw0.10-half_life_6-plain,True,
s2-A-0125-sw0.10-half_life_6-domain_augmented,True,
s2-A-0125-sw0.25-all_history-plain,True,
s2-A-0125-sw0.25-all_history-domain_augmented,True,
s2-A-0125-sw0.25-five_year-plain,True,
s2-A-0125-sw0.25-five_year-domain_augmented,True,
s2-A-0125-sw0.25-half_life_2-plain,True,
s2-A-0125-sw0.25-half_life_2-domain_augmented,True,
s2-A-0125-sw0.25-half_life_4-plain,True,
s2-A-0125-sw0.25-half_life_4-domain_augmented,True,
s2-A-0125-sw0.25-half_life_6-plain,True,
s2-A-0125-sw0.25-half_life_6-domain_augmented,True,
s2-A-0125-sw0.50-all_history-plain,True,
s2-A-0125-sw0.50-all_history-domain_augmented,True,
s2-A-0125-sw0.50-five_year-plain,True,
s2-A-0125-sw0.50-five_year-domain_augmented,True,
s2-A-0125-sw0.50-half_life_2-plain,True,
s2-A-0125-sw0.50-half_life_2-domain_augmented,True,
s2-A-0125-sw0.50-half_life_4-plain,True,
s2-A-0125-sw0.50-half_life_4-domain_augmented,True,
s2-A-0125-sw0.50-half_life_6-plain,True,
s2-A-0125-sw0.50-half_life_6-domain_augmented,True,
s2-A-0126-sw0.00-all_history-plain,True,
s2-A-0126-sw0.00-all_history-domain_augmented,True,
s2-A-0126-sw0.00-five_year-plain,True,
s2-A-0126-sw0.00-five_year-domain_augmented,True,
s2-A-0126-sw0.00-half_life_2-plain,True,
s2-A-0126-sw0.00-half_life_2-domain_augmented,True,
s2-A-0126-sw0.00-half_life_4-plain,True,
s2-A-0126-sw0.00-half_life_4-domain_augmented,True,
s2-A-0126-sw0.00-half_life_6-plain,True,
s2-A-0126-sw0.00-half_life_6-domain_augmented,True,
s2-A-0126-sw0.10-all_history-plain,True,
s2-A-0126-sw0.10-all_history-domain_augmented,True,
s2-A-0126-sw0.10-five_year-plain,True,
s2-A-0126-sw0.10-five_year-domain_augmented,True,
s2-A-0126-sw0.10-half_life_2-plain,True,
s2-A-0126-sw0.10-half_life_2-domain_augmented,True,
s2-A-0126-sw0.10-half_life_4-plain,True,
s2-A-0126-sw0.10-half_life_4-domain_augmented,True,
s2-A-0126-sw0.10-half_life_6-plain,True,
s2-A-0126-sw0.10-half_life_6-domain_augmented,True,
s2-A-0126-sw0.25-all_history-plain,True,
s2-A-0126-sw0.25-all_history-domain_augmented,True,
s2-A-0126-sw0.25-five_year-plain,True,
s2-A-0126-sw0.25-five_year-domain_augmented,True,
s2-A-0126-sw0.25-half_life_2-plain,True,
s2-A-0126-sw0.25-half_life_2-domain_augmented,True,
s2-A-0126-sw0.25-half_life_4-plain,True,
s2-A-0126-sw0.25-half_life_4-domain_augmented,True,
s2-A-0126-sw0.25-half_life_6-plain,True,
s2-A-0126-sw0.25-half_life_6-domain_augmented,True,
s2-A-0126-sw0.50-all_history-plain,True,
s2-A-0126-sw0.50-all_history-domain_augmented,True,
s2-A-0126-sw0.50-five_year-plain,True,
s2-A-0126-sw0.50-five_year-domain_augmented,True,
s2-A-0126-sw0.50-half_life_2-plain,True,
s2-A-0126-sw0.50-half_life_2-domain_augmented,True,
s2-A-0126-sw0.50-half_life_4-plain,True,
s2-A-0126-sw0.50-half_life_4-domain_augmented,True,
s2-A-0126-sw0.50-half_life_6-plain,True,
s2-A-0126-sw0.50-half_life_6-domain_augmented,True,
s2-A-0127-sw0.00-all_history-plain,True,
s2-A-0127-sw0.00-all_history-domain_augmented,True,
s2-A-0127-sw0.00-five_year-plain,True,
s2-A-0127-sw0.00-five_year-domain_augmented,True,
s2-A-0127-sw0.00-half_life_2-plain,True,
s2-A-0127-sw0.00-half_life_2-domain_augmented,True,
s2-A-0127-sw0.00-half_life_4-plain,True,
s2-A-0127-sw0.00-half_life_4-domain_augmented,True,
s2-A-0127-sw0.00-half_life_6-plain,True,
s2-A-0127-sw0.00-half_life_6-domain_augmented,True,
s2-A-0127-sw0.10-all_history-plain,True,
s2-A-0127-sw0.10-all_history-domain_augmented,True,
s2-A-0127-sw0.10-five_year-plain,True,
s2-A-0127-sw0.10-five_year-domain_augmented,True,
s2-A-0127-sw0.10-half_life_2-plain,True,
s2-A-0127-sw0.10-half_life_2-domain_augmented,True,
s2-A-0127-sw0.10-half_life_4-plain,True,
s2-A-0127-sw0.10-half_life_4-domain_augmented,True,
s2-A-0127-sw0.10-half_life_6-plain,True,
s2-A-0127-sw0.10-half_life_6-domain_augmented,True,
s2-A-0127-sw0.25-all_history-plain,True,
s2-A-0127-sw0.25-all_history-domain_augmented,True,
s2-A-0127-sw0.25-five_year-plain,True,
s2-A-0127-sw0.25-five_year-domain_augmented,True,
s2-A-0127-sw0.25-half_life_2-plain,True,
s2-A-0127-sw0.25-half_life_2-domain_augmented,True,
s2-A-0127-sw0.25-half_life_4-plain,True,
s2-A-0127-sw0.25-half_life_4-domain_augmented,True,
s2-A-0127-sw0.25-half_life_6-plain,True,
s2-A-0127-sw0.25-half_life_6-domain_augmented,True,
s2-A-0127-sw0.50-all_history-plain,True,
s2-A-0127-sw0.50-all_history-domain_augmented,True,
s2-A-0127-sw0.50-five_year-plain,True,
s2-A-0127-sw0.50-five_year-domain_augmented,True,
s2-A-0127-sw0.50-half_life_2-plain,True,
s2-A-0127-sw0.50-half_life_2-domain_augmented,True,
s2-A-0127-sw0.50-half_life_4-plain,True,
s2-A-0127-sw0.50-half_life_4-domain_augmented,True,
s2-A-0127-sw0.50-half_life_6-plain,True,
s2-A-0127-sw0.50-half_life_6-domain_augmented,True,
s2-A-0128-sw0.00-all_history-plain,True,
s2-A-0128-sw0.00-all_history-domain_augmented,True,
s2-A-0128-sw0.00-five_year-plain,True,
s2-A-0128-sw0.00-five_year-domain_augmented,True,
s2-A-0128-sw0.00-half_life_2-plain,True,
s2-A-0128-sw0.00-half_life_2-domain_augmented,True,
s2-A-0128-sw0.00-half_life_4-plain,True,
s2-A-0128-sw0.00-half_life_4-domain_augmented,True,
s2-A-0128-sw0.00-half_life_6-plain,True,
s2-A-0128-sw0.00-half_life_6-domain_augmented,True,
s2-A-0128-sw0.10-all_history-plain,True,
s2-A-0128-sw0.10-all_history-domain_augmented,True,
s2-A-0128-sw0.10-five_year-plain,True,
s2-A-0128-sw0.10-five_year-domain_augmented,True,
s2-A-0128-sw0.10-half_life_2-plain,True,
s2-A-0128-sw0.10-half_life_2-domain_augmented,True,
s2-A-0128-sw0.10-half_life_4-plain,True,
s2-A-0128-sw0.10-half_life_4-domain_augmented,True,
s2-A-0128-sw0.10-half_life_6-plain,True,
s2-A-0128-sw0.10-half_life_6-domain_augmented,True,
s2-A-0128-sw0.25-all_history-plain,True,
s2-A-0128-sw0.25-all_history-domain_augmented,True,
s2-A-0128-sw0.25-five_year-plain,True,
s2-A-0128-sw0.25-five_year-domain_augmented,True,
s2-A-0128-sw0.25-half_life_2-plain,True,
s2-A-0128-sw0.25-half_life_2-domain_augmented,True,
s2-A-0128-sw0.25-half_life_4-plain,True,
s2-A-0128-sw0.25-half_life_4-domain_augmented,True,
s2-A-0128-sw0.25-half_life_6-plain,True,
s2-A-0128-sw0.25-half_life_6-domain_augmented,True,
s2-A-0128-sw0.50-all_history-plain,True,
s2-A-0128-sw0.50-all_history-domain_augmented,True,
s2-A-0128-sw0.50-five_year-plain,True,
s2-A-0128-sw0.50-five_year-domain_augmented,True,
s2-A-0128-sw0.50-half_life_2-plain,True,
s2-A-0128-sw0.50-half_life_2-domain_augmented,True,
s2-A-0128-sw0.50-half_life_4-plain,True,
s2-A-0128-sw0.50-half_life_4-domain_augmented,True,
s2-A-0128-sw0.50-half_life_6-plain,True,
s2-A-0128-sw0.50-half_life_6-domain_augmented,True,
s2-A-0129-sw0.00-all_history-plain,True,
s2-A-0129-sw0.00-all_history-domain_augmented,True,
s2-A-0129-sw0.00-five_year-plain,True,
s2-A-0129-sw0.00-five_year-domain_augmented,True,
s2-A-0129-sw0.00-half_life_2-plain,True,
s2-A-0129-sw0.00-half_life_2-domain_augmented,True,
s2-A-0129-sw0.00-half_life_4-plain,True,
s2-A-0129-sw0.00-half_life_4-domain_augmented,True,
s2-A-0129-sw0.00-half_life_6-plain,True,
s2-A-0129-sw0.00-half_life_6-domain_augmented,True,
s2-A-0129-sw0.10-all_history-plain,True,
s2-A-0129-sw0.10-all_history-domain_augmented,True,
s2-A-0129-sw0.10-five_year-plain,True,
s2-A-0129-sw0.10-five_year-domain_augmented,True,
s2-A-0129-sw0.10-half_life_2-plain,True,
s2-A-0129-sw0.10-half_life_2-domain_augmented,True,
s2-A-0129-sw0.10-half_life_4-plain,True,
s2-A-0129-sw0.10-half_life_4-domain_augmented,True,
s2-A-0129-sw0.10-half_life_6-plain,True,
s2-A-0129-sw0.10-half_life_6-domain_augmented,True,
s2-A-0129-sw0.25-all_history-plain,True,
s2-A-0129-sw0.25-all_history-domain_augmented,True,
s2-A-0129-sw0.25-five_year-plain,True,
s2-A-0129-sw0.25-five_year-domain_augmented,True,
s2-A-0129-sw0.25-half_life_2-plain,True,
s2-A-0129-sw0.25-half_life_2-domain_augmented,True,
s2-A-0129-sw0.25-half_life_4-plain,True,
s2-A-0129-sw0.25-half_life_4-domain_augmented,True,
s2-A-0129-sw0.25-half_life_6-plain,True,
s2-A-0129-sw0.25-half_life_6-domain_augmented,True,
s2-A-0129-sw0.50-all_history-plain,True,
s2-A-0129-sw0.50-all_history-domain_augmented,True,
s2-A-0129-sw0.50-five_year-plain,True,
s2-A-0129-sw0.50-five_year-domain_augmented,True,
s2-A-0129-sw0.50-half_life_2-plain,True,
s2-A-0129-sw0.50-half_life_2-domain_augmented,True,
s2-A-0129-sw0.50-half_life_4-plain,True,
s2-A-0129-sw0.50-half_life_4-domain_augmented,True,
s2-A-0129-sw0.50-half_life_6-plain,True,
s2-A-0129-sw0.50-half_life_6-domain_augmented,True,
s2-A-0129-ensemble-0.25,True,requires compatible top pair
s2-A-0129-ensemble-0.50,True,requires compatible top pair
s2-A-0129-ensemble-0.75,True,requires compatible top pair
s2-A-0130-sw0.00-all_history-plain,True,
s2-A-0130-sw0.00-all_history-domain_augmented,True,
s2-A-0130-sw0.00-five_year-plain,True,
s2-A-0130-sw0.00-five_year-domain_augmented,True,
s2-A-0130-sw0.00-half_life_2-plain,True,
s2-A-0130-sw0.00-half_life_2-domain_augmented,True,
s2-A-0130-sw0.00-half_life_4-plain,True,
s2-A-0130-sw0.00-half_life_4-domain_augmented,True,
s2-A-0130-sw0.00-half_life_6-plain,True,
s2-A-0130-sw0.00-half_life_6-domain_augmented,True,
s2-A-0130-sw0.10-all_history-plain,True,
s2-A-0130-sw0.10-all_history-domain_augmented,True,
s2-A-0130-sw0.10-five_year-plain,True,
s2-A-0130-sw0.10-five_year-domain_augmented,True,
s2-A-0130-sw0.10-half_life_2-plain,True,
s2-A-0130-sw0.10-half_life_2-domain_augmented,True,
s2-A-0130-sw0.10-half_life_4-plain,True,
s2-A-0130-sw0.10-half_life_4-domain_augmented,True,
s2-A-0130-sw0.10-half_life_6-plain,True,
s2-A-0130-sw0.10-half_life_6-domain_augmented,True,
s2-A-0130-sw0.25-all_history-plain,True,
s2-A-0130-sw0.25-all_history-domain_augmented,True,
s2-A-0130-sw0.25-five_year-plain,True,
s2-A-0130-sw0.25-five_year-domain_augmented,True,
s2-A-0130-sw0.25-half_life_2-plain,True,
s2-A-0130-sw0.25-half_life_2-domain_augmented,True,
s2-A-0130-sw0.25-half_life_4-plain,True,
s2-A-0130-sw0.25-half_life_4-domain_augmented,True,
s2-A-0130-sw0.25-half_life_6-plain,True,
s2-A-0130-sw0.25-half_life_6-domain_augmented,True,
s2-A-0130-sw0.50-all_history-plain,True,
s2-A-0130-sw0.50-all_history-domain_augmented,True,
s2-A-0130-sw0.50-five_year-plain,True,
s2-A-0130-sw0.50-five_year-domain_augmented,True,
s2-A-0130-sw0.50-half_life_2-plain,True,
s2-A-0130-sw0.50-half_life_2-domain_augmented,True,
s2-A-0130-sw0.50-half_life_4-plain,True,
s2-A-0130-sw0.50-half_life_4-domain_augmented,True,
s2-A-0130-sw0.50-half_life_6-plain,True,
s2-A-0130-sw0.50-half_life_6-domain_augmented,True,
s2-A-0130-ensemble-0.25,True,requires compatible top pair
s2-A-0130-ensemble-0.50,True,requires compatible top pair
s2-A-0130-ensemble-0.75,True,requires compatible top pair
s2-A-0131-sw0.00-all_history-plain,True,
s2-A-0131-sw0.00-all_history-domain_augmented,True,
s2-A-0131-sw0.00-five_year-plain,True,
s2-A-0131-sw0.00-five_year-domain_augmented,True,
s2-A-0131-sw0.00-half_life_2-plain,True,
s2-A-0131-sw0.00-half_life_2-domain_augmented,True,
s2-A-0131-sw0.00-half_life_4-plain,True,
s2-A-0131-sw0.00-half_life_4-domain_augmented,True,
s2-A-0131-sw0.00-half_life_6-plain,True,
s2-A-0131-sw0.00-half_life_6-domain_augmented,True,
s2-A-0131-sw0.10-all_history-plain,True,
s2-A-0131-sw0.10-all_history-domain_augmented,True,
s2-A-0131-sw0.10-five_year-plain,True,
s2-A-0131-sw0.10-five_year-domain_augmented,True,
s2-A-0131-sw0.10-half_life_2-plain,True,
s2-A-0131-sw0.10-half_life_2-domain_augmented,True,
s2-A-0131-sw0.10-half_life_4-plain,True,
s2-A-0131-sw0.10-half_life_4-domain_augmented,True,
s2-A-0131-sw0.10-half_life_6-plain,True,
s2-A-0131-sw0.10-half_life_6-domain_augmented,True,
s2-A-0131-sw0.25-all_history-plain,True,
s2-A-0131-sw0.25-all_history-domain_augmented,True,
s2-A-0131-sw0.25-five_year-plain,True,
s2-A-0131-sw0.25-five_year-domain_augmented,True,
s2-A-0131-sw0.25-half_life_2-plain,True,
s2-A-0131-sw0.25-half_life_2-domain_augmented,True,
s2-A-0131-sw0.25-half_life_4-plain,True,
s2-A-0131-sw0.25-half_life_4-domain_augmented,True,
s2-A-0131-sw0.25-half_life_6-plain,True,
s2-A-0131-sw0.25-half_life_6-domain_augmented,True,
s2-A-0131-sw0.50-all_history-plain,True,
s2-A-0131-sw0.50-all_history-domain_augmented,True,
s2-A-0131-sw0.50-five_year-plain,True,
s2-A-0131-sw0.50-five_year-domain_augmented,True,
s2-A-0131-sw0.50-half_life_2-plain,True,
s2-A-0131-sw0.50-half_life_2-domain_augmented,True,
s2-A-0131-sw0.50-half_life_4-plain,True,
s2-A-0131-sw0.50-half_life_4-domain_augmented,True,
s2-A-0131-sw0.50-half_life_6-plain,True,
s2-A-0131-sw0.50-half_life_6-domain_augmented,True,
s2-A-0131-ensemble-0.25,True,requires compatible top pair
s2-A-0131-ensemble-0.50,True,requires compatible top pair
s2-A-0131-ensemble-0.75,True,requires compatible top pair
s2-A-0132-sw0.00-all_history-plain,True,
s2-A-0132-sw0.00-all_history-domain_augmented,True,
s2-A-0132-sw0.00-five_year-plain,True,
s2-A-0132-sw0.00-five_year-domain_augmented,True,
s2-A-0132-sw0.00-half_life_2-plain,True,
s2-A-0132-sw0.00-half_life_2-domain_augmented,True,
s2-A-0132-sw0.00-half_life_4-plain,True,
s2-A-0132-sw0.00-half_life_4-domain_augmented,True,
s2-A-0132-sw0.00-half_life_6-plain,True,
s2-A-0132-sw0.00-half_life_6-domain_augmented,True,
s2-A-0132-sw0.10-all_history-plain,True,
s2-A-0132-sw0.10-all_history-domain_augmented,True,
s2-A-0132-sw0.10-five_year-plain,True,
s2-A-0132-sw0.10-five_year-domain_augmented,True,
s2-A-0132-sw0.10-half_life_2-plain,True,
s2-A-0132-sw0.10-half_life_2-domain_augmented,True,
s2-A-0132-sw0.10-half_life_4-plain,True,
s2-A-0132-sw0.10-half_life_4-domain_augmented,True,
s2-A-0132-sw0.10-half_life_6-plain,True,
s2-A-0132-sw0.10-half_life_6-domain_augmented,True,
s2-A-0132-sw0.25-all_history-plain,True,
s2-A-0132-sw0.25-all_history-domain_augmented,True,
s2-A-0132-sw0.25-five_year-plain,True,
s2-A-0132-sw0.25-five_year-domain_augmented,True,
s2-A-0132-sw0.25-half_life_2-plain,True,
s2-A-0132-sw0.25-half_life_2-domain_augmented,True,
s2-A-0132-sw0.25-half_life_4-plain,True,
s2-A-0132-sw0.25-half_life_4-domain_augmented,True,
s2-A-0132-sw0.25-half_life_6-plain,True,
s2-A-0132-sw0.25-half_life_6-domain_augmented,True,
s2-A-0132-sw0.50-all_history-plain,True,
s2-A-0132-sw0.50-all_history-domain_augmented,True,
s2-A-0132-sw0.50-five_year-plain,True,
s2-A-0132-sw0.50-five_year-domain_augmented,True,
s2-A-0132-sw0.50-half_life_2-plain,True,
s2-A-0132-sw0.50-half_life_2-domain_augmented,True,
s2-A-0132-sw0.50-half_life_4-plain,True,
s2-A-0132-sw0.50-half_life_4-domain_augmented,True,
s2-A-0132-sw0.50-half_life_6-plain,True,
s2-A-0132-sw0.50-half_life_6-domain_augmented,True,
s2-A-0132-ensemble-0.25,True,requires compatible top pair
s2-A-0132-ensemble-0.50,True,requires compatible top pair
s2-A-0132-ensemble-0.75,True,requires compatible top pair
s2-A-0133-sw0.00-all_history-plain,True,
s2-A-0133-sw0.00-all_history-domain_augmented,True,
s2-A-0133-sw0.00-five_year-plain,True,
s2-A-0133-sw0.00-five_year-domain_augmented,True,
s2-A-0133-sw0.00-half_life_2-plain,True,
s2-A-0133-sw0.00-half_life_2-domain_augmented,True,
s2-A-0133-sw0.00-half_life_4-plain,True,
s2-A-0133-sw0.00-half_life_4-domain_augmented,True,
s2-A-0133-sw0.00-half_life_6-plain,True,
s2-A-0133-sw0.00-half_life_6-domain_augmented,True,
s2-A-0133-sw0.10-all_history-plain,True,
s2-A-0133-sw0.10-all_history-domain_augmented,True,
s2-A-0133-sw0.10-five_year-plain,True,
s2-A-0133-sw0.10-five_year-domain_augmented,True,
s2-A-0133-sw0.10-half_life_2-plain,True,
s2-A-0133-sw0.10-half_life_2-domain_augmented,True,
s2-A-0133-sw0.10-half_life_4-plain,True,
s2-A-0133-sw0.10-half_life_4-domain_augmented,True,
s2-A-0133-sw0.10-half_life_6-plain,True,
s2-A-0133-sw0.10-half_life_6-domain_augmented,True,
s2-A-0133-sw0.25-all_history-plain,True,
s2-A-0133-sw0.25-all_history-domain_augmented,True,
s2-A-0133-sw0.25-five_year-plain,True,
s2-A-0133-sw0.25-five_year-domain_augmented,True,
s2-A-0133-sw0.25-half_life_2-plain,True,
s2-A-0133-sw0.25-half_life_2-domain_augmented,True,
s2-A-0133-sw0.25-half_life_4-plain,True,
s2-A-0133-sw0.25-half_life_4-domain_augmented,True,
s2-A-0133-sw0.25-half_life_6-plain,True,
s2-A-0133-sw0.25-half_life_6-domain_augmented,True,
s2-A-0133-sw0.50-all_history-plain,True,
s2-A-0133-sw0.50-all_history-domain_augmented,True,
s2-A-0133-sw0.50-five_year-plain,True,
s2-A-0133-sw0.50-five_year-domain_augmented,True,
s2-A-0133-sw0.50-half_life_2-plain,True,
s2-A-0133-sw0.50-half_life_2-domain_augmented,True,
s2-A-0133-sw0.50-half_life_4-plain,True,
s2-A-0133-sw0.50-half_life_4-domain_augmented,True,
s2-A-0133-sw0.50-half_life_6-plain,True,
s2-A-0133-sw0.50-half_life_6-domain_augmented,True,
s2-A-0133-ensemble-0.25,True,requires compatible top pair
s2-A-0133-ensemble-0.50,True,requires compatible top pair
s2-A-0133-ensemble-0.75,True,requires compatible top pair
s2-A-0134-sw0.00-all_history-plain,True,
s2-A-0134-sw0.00-all_history-domain_augmented,True,
s2-A-0134-sw0.00-five_year-plain,True,
s2-A-0134-sw0.00-five_year-domain_augmented,True,
s2-A-0134-sw0.00-half_life_2-plain,True,
s2-A-0134-sw0.00-half_life_2-domain_augmented,True,
s2-A-0134-sw0.00-half_life_4-plain,True,
s2-A-0134-sw0.00-half_life_4-domain_augmented,True,
s2-A-0134-sw0.00-half_life_6-plain,True,
s2-A-0134-sw0.00-half_life_6-domain_augmented,True,
s2-A-0134-sw0.10-all_history-plain,True,
s2-A-0134-sw0.10-all_history-domain_augmented,True,
s2-A-0134-sw0.10-five_year-plain,True,
s2-A-0134-sw0.10-five_year-domain_augmented,True,
s2-A-0134-sw0.10-half_life_2-plain,True,
s2-A-0134-sw0.10-half_life_2-domain_augmented,True,
s2-A-0134-sw0.10-half_life_4-plain,True,
s2-A-0134-sw0.10-half_life_4-domain_augmented,True,
s2-A-0134-sw0.10-half_life_6-plain,True,
s2-A-0134-sw0.10-half_life_6-domain_augmented,True,
s2-A-0134-sw0.25-all_history-plain,True,
s2-A-0134-sw0.25-all_history-domain_augmented,True,
s2-A-0134-sw0.25-five_year-plain,True,
s2-A-0134-sw0.25-five_year-domain_augmented,True,
s2-A-0134-sw0.25-half_life_2-plain,True,
s2-A-0134-sw0.25-half_life_2-domain_augmented,True,
s2-A-0134-sw0.25-half_life_4-plain,True,
s2-A-0134-sw0.25-half_life_4-domain_augmented,True,
s2-A-0134-sw0.25-half_life_6-plain,True,
s2-A-0134-sw0.25-half_life_6-domain_augmented,True,
s2-A-0134-sw0.50-all_history-plain,True,
s2-A-0134-sw0.50-all_history-domain_augmented,True,
s2-A-0134-sw0.50-five_year-plain,True,
s2-A-0134-sw0.50-five_year-domain_augmented,True,
s2-A-0134-sw0.50-half_life_2-plain,True,
s2-A-0134-sw0.50-half_life_2-domain_augmented,True,
s2-A-0134-sw0.50-half_life_4-plain,True,
s2-A-0134-sw0.50-half_life_4-domain_augmented,True,
s2-A-0134-sw0.50-half_life_6-plain,True,
s2-A-0134-sw0.50-half_life_6-domain_augmented,True,
s2-A-0134-ensemble-0.25,True,requires compatible top pair
s2-A-0134-ensemble-0.50,True,requires compatible top pair
s2-A-0134-ensemble-0.75,True,requires compatible top pair
s2-A-0135-sw0.00-all_history-plain,True,
s2-A-0135-sw0.00-all_history-domain_augmented,True,
s2-A-0135-sw0.00-five_year-plain,True,
s2-A-0135-sw0.00-five_year-domain_augmented,True,
s2-A-0135-sw0.00-half_life_2-plain,True,
s2-A-0135-sw0.00-half_life_2-domain_augmented,True,
s2-A-0135-sw0.00-half_life_4-plain,True,
s2-A-0135-sw0.00-half_life_4-domain_augmented,True,
s2-A-0135-sw0.00-half_life_6-plain,True,
s2-A-0135-sw0.00-half_life_6-domain_augmented,True,
s2-A-0135-sw0.10-all_history-plain,True,
s2-A-0135-sw0.10-all_history-domain_augmented,True,
s2-A-0135-sw0.10-five_year-plain,True,
s2-A-0135-sw0.10-five_year-domain_augmented,True,
s2-A-0135-sw0.10-half_life_2-plain,True,
s2-A-0135-sw0.10-half_life_2-domain_augmented,True,
s2-A-0135-sw0.10-half_life_4-plain,True,
s2-A-0135-sw0.10-half_life_4-domain_augmented,True,
s2-A-0135-sw0.10-half_life_6-plain,True,
s2-A-0135-sw0.10-half_life_6-domain_augmented,True,
s2-A-0135-sw0.25-all_history-plain,True,
s2-A-0135-sw0.25-all_history-domain_augmented,True,
s2-A-0135-sw0.25-five_year-plain,True,
s2-A-0135-sw0.25-five_year-domain_augmented,True,
s2-A-0135-sw0.25-half_life_2-plain,True,
s2-A-0135-sw0.25-half_life_2-domain_augmented,True,
s2-A-0135-sw0.25-half_life_4-plain,True,
s2-A-0135-sw0.25-half_life_4-domain_augmented,True,
s2-A-0135-sw0.25-half_life_6-plain,True,
s2-A-0135-sw0.25-half_life_6-domain_augmented,True,
s2-A-0135-sw0.50-all_history-plain,True,
s2-A-0135-sw0.50-all_history-domain_augmented,True,
s2-A-0135-sw0.50-five_year-plain,True,
s2-A-0135-sw0.50-five_year-domain_augmented,True,
s2-A-0135-sw0.50-half_life_2-plain,True,
s2-A-0135-sw0.50-half_life_2-domain_augmented,True,
s2-A-0135-sw0.50-half_life_4-plain,True,
s2-A-0135-sw0.50-half_life_4-domain_augmented,True,
s2-A-0135-sw0.50-half_life_6-plain,True,
s2-A-0135-sw0.50-half_life_6-domain_augmented,True,
s2-A-0135-ensemble-0.25,True,requires compatible top pair
s2-A-0135-ensemble-0.50,True,requires compatible top pair
s2-A-0135-ensemble-0.75,True,requires compatible top pair
s2-A-0136-sw0.00-all_history-plain,True,
s2-A-0136-sw0.00-all_history-domain_augmented,True,
s2-A-0136-sw0.00-five_year-plain,True,
s2-A-0136-sw0.00-five_year-domain_augmented,True,
s2-A-0136-sw0.00-half_life_2-plain,True,
s2-A-0136-sw0.00-half_life_2-domain_augmented,True,
s2-A-0136-sw0.00-half_life_4-plain,True,
s2-A-0136-sw0.00-half_life_4-domain_augmented,True,
s2-A-0136-sw0.00-half_life_6-plain,True,
s2-A-0136-sw0.00-half_life_6-domain_augmented,True,
s2-A-0136-sw0.10-all_history-plain,True,
s2-A-0136-sw0.10-all_history-domain_augmented,True,
s2-A-0136-sw0.10-five_year-plain,True,
s2-A-0136-sw0.10-five_year-domain_augmented,True,
s2-A-0136-sw0.10-half_life_2-plain,True,
s2-A-0136-sw0.10-half_life_2-domain_augmented,True,
s2-A-0136-sw0.10-half_life_4-plain,True,
s2-A-0136-sw0.10-half_life_4-domain_augmented,True,
s2-A-0136-sw0.10-half_life_6-plain,True,
s2-A-0136-sw0.10-half_life_6-domain_augmented,True,
s2-A-0136-sw0.25-all_history-plain,True,
s2-A-0136-sw0.25-all_history-domain_augmented,True,
s2-A-0136-sw0.25-five_year-plain,True,
s2-A-0136-sw0.25-five_year-domain_augmented,True,
s2-A-0136-sw0.25-half_life_2-plain,True,
s2-A-0136-sw0.25-half_life_2-domain_augmented,True,
s2-A-0136-sw0.25-half_life_4-plain,True,
s2-A-0136-sw0.25-half_life_4-domain_augmented,True,
s2-A-0136-sw0.25-half_life_6-plain,True,
s2-A-0136-sw0.25-half_life_6-domain_augmented,True,
s2-A-0136-sw0.50-all_history-plain,True,
s2-A-0136-sw0.50-all_history-domain_augmented,True,
s2-A-0136-sw0.50-five_year-plain,True,
s2-A-0136-sw0.50-five_year-domain_augmented,True,
s2-A-0136-sw0.50-half_life_2-plain,True,
s2-A-0136-sw0.50-half_life_2-domain_augmented,True,
s2-A-0136-sw0.50-half_life_4-plain,True,
s2-A-0136-sw0.50-half_life_4-domain_augmented,True,
s2-A-0136-sw0.50-half_life_6-plain,True,
s2-A-0136-sw0.50-half_life_6-domain_augmented,True,
s2-A-0136-ensemble-0.25,True,requires compatible top pair
s2-A-0136-ensemble-0.50,True,requires compatible top pair
s2-A-0136-ensemble-0.75,True,requires compatible top pair
s2-A-0137-sw0.00-all_history-plain,True,
s2-A-0137-sw0.00-all_history-domain_augmented,True,
s2-A-0137-sw0.00-five_year-plain,True,
s2-A-0137-sw0.00-five_year-domain_augmented,True,
s2-A-0137-sw0.00-half_life_2-plain,True,
s2-A-0137-sw0.00-half_life_2-domain_augmented,True,
s2-A-0137-sw0.00-half_life_4-plain,True,
s2-A-0137-sw0.00-half_life_4-domain_augmented,True,
s2-A-0137-sw0.00-half_life_6-plain,True,
s2-A-0137-sw0.00-half_life_6-domain_augmented,True,
s2-A-0137-sw0.10-all_history-plain,True,
s2-A-0137-sw0.10-all_history-domain_augmented,True,
s2-A-0137-sw0.10-five_year-plain,True,
s2-A-0137-sw0.10-five_year-domain_augmented,True,
s2-A-0137-sw0.10-half_life_2-plain,True,
s2-A-0137-sw0.10-half_life_2-domain_augmented,True,
s2-A-0137-sw0.10-half_life_4-plain,True,
s2-A-0137-sw0.10-half_life_4-domain_augmented,True,
s2-A-0137-sw0.10-half_life_6-plain,True,
s2-A-0137-sw0.10-half_life_6-domain_augmented,True,
s2-A-0137-sw0.25-all_history-plain,True,
s2-A-0137-sw0.25-all_history-domain_augmented,True,
s2-A-0137-sw0.25-five_year-plain,True,
s2-A-0137-sw0.25-five_year-domain_augmented,True,
s2-A-0137-sw0.25-half_life_2-plain,True,
s2-A-0137-sw0.25-half_life_2-domain_augmented,True,
s2-A-0137-sw0.25-half_life_4-plain,True,
s2-A-0137-sw0.25-half_life_4-domain_augmented,True,
s2-A-0137-sw0.25-half_life_6-plain,True,
s2-A-0137-sw0.25-half_life_6-domain_augmented,True,
s2-A-0137-sw0.50-all_history-plain,True,
s2-A-0137-sw0.50-all_history-domain_augmented,True,
s2-A-0137-sw0.50-five_year-plain,True,
s2-A-0137-sw0.50-five_year-domain_augmented,True,
s2-A-0137-sw0.50-half_life_2-plain,True,
s2-A-0137-sw0.50-half_life_2-domain_augmented,True,
s2-A-0137-sw0.50-half_life_4-plain,True,
s2-A-0137-sw0.50-half_life_4-domain_augmented,True,
s2-A-0137-sw0.50-half_life_6-plain,True,
s2-A-0137-sw0.50-half_life_6-domain_augmented,True,
s2-A-0137-ensemble-0.25,True,requires compatible top pair
s2-A-0137-ensemble-0.50,True,requires compatible top pair
s2-A-0137-ensemble-0.75,True,requires compatible top pair
s2-A-0138-sw0.00-all_history-plain,True,
s2-A-0138-sw0.00-all_history-domain_augmented,True,
s2-A-0138-sw0.00-five_year-plain,True,
s2-A-0138-sw0.00-five_year-domain_augmented,True,
s2-A-0138-sw0.00-half_life_2-plain,True,
s2-A-0138-sw0.00-half_life_2-domain_augmented,True,
s2-A-0138-sw0.00-half_life_4-plain,True,
s2-A-0138-sw0.00-half_life_4-domain_augmented,True,
s2-A-0138-sw0.00-half_life_6-plain,True,
s2-A-0138-sw0.00-half_life_6-domain_augmented,True,
s2-A-0138-sw0.10-all_history-plain,True,
s2-A-0138-sw0.10-all_history-domain_augmented,True,
s2-A-0138-sw0.10-five_year-plain,True,
s2-A-0138-sw0.10-five_year-domain_augmented,True,
s2-A-0138-sw0.10-half_life_2-plain,True,
s2-A-0138-sw0.10-half_life_2-domain_augmented,True,
s2-A-0138-sw0.10-half_life_4-plain,True,
s2-A-0138-sw0.10-half_life_4-domain_augmented,True,
s2-A-0138-sw0.10-half_life_6-plain,True,
s2-A-0138-sw0.10-half_life_6-domain_augmented,True,
s2-A-0138-sw0.25-all_history-plain,True,
s2-A-0138-sw0.25-all_history-domain_augmented,True,
s2-A-0138-sw0.25-five_year-plain,True,
s2-A-0138-sw0.25-five_year-domain_augmented,True,
s2-A-0138-sw0.25-half_life_2-plain,True,
s2-A-0138-sw0.25-half_life_2-domain_augmented,True,
s2-A-0138-sw0.25-half_life_4-plain,True,
s2-A-0138-sw0.25-half_life_4-domain_augmented,True,
s2-A-0138-sw0.25-half_life_6-plain,True,
s2-A-0138-sw0.25-half_life_6-domain_augmented,True,
s2-A-0138-sw0.50-all_history-plain,True,
s2-A-0138-sw0.50-all_history-domain_augmented,True,
s2-A-0138-sw0.50-five_year-plain,True,
s2-A-0138-sw0.50-five_year-domain_augmented,True,
s2-A-0138-sw0.50-half_life_2-plain,True,
s2-A-0138-sw0.50-half_life_2-domain_augmented,True,
s2-A-0138-sw0.50-half_life_4-plain,True,
s2-A-0138-sw0.50-half_life_4-domain_augmented,True,
s2-A-0138-sw0.50-half_life_6-plain,True,
s2-A-0138-sw0.50-half_life_6-domain_augmented,True,
s2-A-0138-ensemble-0.25,True,requires compatible top pair
s2-A-0138-ensemble-0.50,True,requires compatible top pair
s2-A-0138-ensemble-0.75,True,requires compatible top pair
s2-A-0139-sw0.00-all_history-plain,True,
s2-A-0139-sw0.00-all_history-domain_augmented,True,
s2-A-0139-sw0.00-five_year-plain,True,
s2-A-0139-sw0.00-five_year-domain_augmented,True,
s2-A-0139-sw0.00-half_life_2-plain,True,
s2-A-0139-sw0.00-half_life_2-domain_augmented,True,
s2-A-0139-sw0.00-half_life_4-plain,True,
s2-A-0139-sw0.00-half_life_4-domain_augmented,True,
s2-A-0139-sw0.00-half_life_6-plain,True,
s2-A-0139-sw0.00-half_life_6-domain_augmented,True,
s2-A-0139-sw0.10-all_history-plain,True,
s2-A-0139-sw0.10-all_history-domain_augmented,True,
s2-A-0139-sw0.10-five_year-plain,True,
s2-A-0139-sw0.10-five_year-domain_augmented,True,
s2-A-0139-sw0.10-half_life_2-plain,True,
s2-A-0139-sw0.10-half_life_2-domain_augmented,True,
s2-A-0139-sw0.10-half_life_4-plain,True,
s2-A-0139-sw0.10-half_life_4-domain_augmented,True,
s2-A-0139-sw0.10-half_life_6-plain,True,
s2-A-0139-sw0.10-half_life_6-domain_augmented,True,
s2-A-0139-sw0.25-all_history-plain,True,
s2-A-0139-sw0.25-all_history-domain_augmented,True,
s2-A-0139-sw0.25-five_year-plain,True,
s2-A-0139-sw0.25-five_year-domain_augmented,True,
s2-A-0139-sw0.25-half_life_2-plain,True,
s2-A-0139-sw0.25-half_life_2-domain_augmented,True,
s2-A-0139-sw0.25-half_life_4-plain,True,
s2-A-0139-sw0.25-half_life_4-domain_augmented,True,
s2-A-0139-sw0.25-half_life_6-plain,True,
s2-A-0139-sw0.25-half_life_6-domain_augmented,True,
s2-A-0139-sw0.50-all_history-plain,True,
s2-A-0139-sw0.50-all_history-domain_augmented,True,
s2-A-0139-sw0.50-five_year-plain,True,
s2-A-0139-sw0.50-five_year-domain_augmented,True,
s2-A-0139-sw0.50-half_life_2-plain,True,
s2-A-0139-sw0.50-half_life_2-domain_augmented,True,
s2-A-0139-sw0.50-half_life_4-plain,True,
s2-A-0139-sw0.50-half_life_4-domain_augmented,True,
s2-A-0139-sw0.50-half_life_6-plain,True,
s2-A-0139-sw0.50-half_life_6-domain_augmented,True,
s2-A-0139-ensemble-0.25,True,requires compatible top pair
s2-A-0139-ensemble-0.50,True,requires compatible top pair
s2-A-0139-ensemble-0.75,True,requires compatible top pair
s2-A-0140-sw0.00-all_history-plain,True,
s2-A-0140-sw0.00-all_history-domain_augmented,True,
s2-A-0140-sw0.00-five_year-plain,True,
s2-A-0140-sw0.00-five_year-domain_augmented,True,
s2-A-0140-sw0.00-half_life_2-plain,True,
s2-A-0140-sw0.00-half_life_2-domain_augmented,True,
s2-A-0140-sw0.00-half_life_4-plain,True,
s2-A-0140-sw0.00-half_life_4-domain_augmented,True,
s2-A-0140-sw0.00-half_life_6-plain,True,
s2-A-0140-sw0.00-half_life_6-domain_augmented,True,
s2-A-0140-sw0.10-all_history-plain,True,
s2-A-0140-sw0.10-all_history-domain_augmented,True,
s2-A-0140-sw0.10-five_year-plain,True,
s2-A-0140-sw0.10-five_year-domain_augmented,True,
s2-A-0140-sw0.10-half_life_2-plain,True,
s2-A-0140-sw0.10-half_life_2-domain_augmented,True,
s2-A-0140-sw0.10-half_life_4-plain,True,
s2-A-0140-sw0.10-half_life_4-domain_augmented,True,
s2-A-0140-sw0.10-half_life_6-plain,True,
s2-A-0140-sw0.10-half_life_6-domain_augmented,True,
s2-A-0140-sw0.25-all_history-plain,True,
s2-A-0140-sw0.25-all_history-domain_augmented,True,
s2-A-0140-sw0.25-five_year-plain,True,
s2-A-0140-sw0.25-five_year-domain_augmented,True,
s2-A-0140-sw0.25-half_life_2-plain,True,
s2-A-0140-sw0.25-half_life_2-domain_augmented,True,
s2-A-0140-sw0.25-half_life_4-plain,True,
s2-A-0140-sw0.25-half_life_4-domain_augmented,True,
s2-A-0140-sw0.25-half_life_6-plain,True,
s2-A-0140-sw0.25-half_life_6-domain_augmented,True,
s2-A-0140-sw0.50-all_history-plain,True,
s2-A-0140-sw0.50-all_history-domain_augmented,True,
s2-A-0140-sw0.50-five_year-plain,True,
s2-A-0140-sw0.50-five_year-domain_augmented,True,
s2-A-0140-sw0.50-half_life_2-plain,True,
s2-A-0140-sw0.50-half_life_2-domain_augmented,True,
s2-A-0140-sw0.50-half_life_4-plain,True,
s2-A-0140-sw0.50-half_life_4-domain_augmented,True,
s2-A-0140-sw0.50-half_life_6-plain,True,
s2-A-0140-sw0.50-half_life_6-domain_augmented,True,
s2-A-0140-ensemble-0.25,True,requires compatible top pair
s2-A-0140-ensemble-0.50,True,requires compatible top pair
s2-A-0140-ensemble-0.75,True,requires compatible top pair
s2-A-0141-sw0.00-all_history-plain,True,
s2-A-0141-sw0.00-all_history-domain_augmented,True,
s2-A-0141-sw0.00-five_year-plain,True,
s2-A-0141-sw0.00-five_year-domain_augmented,True,
s2-A-0141-sw0.00-half_life_2-plain,True,
s2-A-0141-sw0.00-half_life_2-domain_augmented,True,
s2-A-0141-sw0.00-half_life_4-plain,True,
s2-A-0141-sw0.00-half_life_4-domain_augmented,True,
s2-A-0141-sw0.00-half_life_6-plain,True,
s2-A-0141-sw0.00-half_life_6-domain_augmented,True,
s2-A-0141-sw0.10-all_history-plain,True,
s2-A-0141-sw0.10-all_history-domain_augmented,True,
s2-A-0141-sw0.10-five_year-plain,True,
s2-A-0141-sw0.10-five_year-domain_augmented,True,
s2-A-0141-sw0.10-half_life_2-plain,True,
s2-A-0141-sw0.10-half_life_2-domain_augmented,True,
s2-A-0141-sw0.10-half_life_4-plain,True,
s2-A-0141-sw0.10-half_life_4-domain_augmented,True,
s2-A-0141-sw0.10-half_life_6-plain,True,
s2-A-0141-sw0.10-half_life_6-domain_augmented,True,
s2-A-0141-sw0.25-all_history-plain,True,
s2-A-0141-sw0.25-all_history-domain_augmented,True,
s2-A-0141-sw0.25-five_year-plain,True,
s2-A-0141-sw0.25-five_year-domain_augmented,True,
s2-A-0141-sw0.25-half_life_2-plain,True,
s2-A-0141-sw0.25-half_life_2-domain_augmented,True,
s2-A-0141-sw0.25-half_life_4-plain,True,
s2-A-0141-sw0.25-half_life_4-domain_augmented,True,
s2-A-0141-sw0.25-half_life_6-plain,True,
s2-A-0141-sw0.25-half_life_6-domain_augmented,True,
s2-A-0141-sw0.50-all_history-plain,True,
s2-A-0141-sw0.50-all_history-domain_augmented,True,
s2-A-0141-sw0.50-five_year-plain,True,
s2-A-0141-sw0.50-five_year-domain_augmented,True,
s2-A-0141-sw0.50-half_life_2-plain,True,
s2-A-0141-sw0.50-half_life_2-domain_augmented,True,
s2-A-0141-sw0.50-half_life_4-plain,True,
s2-A-0141-sw0.50-half_life_4-domain_augmented,True,
s2-A-0141-sw0.50-half_life_6-plain,True,
s2-A-0141-sw0.50-half_life_6-domain_augmented,True,
s2-A-0141-ensemble-0.25,True,requires compatible top pair
s2-A-0141-ensemble-0.50,True,requires compatible top pair
s2-A-0141-ensemble-0.75,True,requires compatible top pair
s2-A-0142-sw0.00-all_history-plain,True,
s2-A-0142-sw0.00-all_history-domain_augmented,True,
s2-A-0142-sw0.00-five_year-plain,True,
s2-A-0142-sw0.00-five_year-domain_augmented,True,
s2-A-0142-sw0.00-half_life_2-plain,True,
s2-A-0142-sw0.00-half_life_2-domain_augmented,True,
s2-A-0142-sw0.00-half_life_4-plain,True,
s2-A-0142-sw0.00-half_life_4-domain_augmented,True,
s2-A-0142-sw0.00-half_life_6-plain,True,
s2-A-0142-sw0.00-half_life_6-domain_augmented,True,
s2-A-0142-sw0.10-all_history-plain,True,
s2-A-0142-sw0.10-all_history-domain_augmented,True,
s2-A-0142-sw0.10-five_year-plain,True,
s2-A-0142-sw0.10-five_year-domain_augmented,True,
s2-A-0142-sw0.10-half_life_2-plain,True,
s2-A-0142-sw0.10-half_life_2-domain_augmented,True,
s2-A-0142-sw0.10-half_life_4-plain,True,
s2-A-0142-sw0.10-half_life_4-domain_augmented,True,
s2-A-0142-sw0.10-half_life_6-plain,True,
s2-A-0142-sw0.10-half_life_6-domain_augmented,True,
s2-A-0142-sw0.25-all_history-plain,True,
s2-A-0142-sw0.25-all_history-domain_augmented,True,
s2-A-0142-sw0.25-five_year-plain,True,
s2-A-0142-sw0.25-five_year-domain_augmented,True,
s2-A-0142-sw0.25-half_life_2-plain,True,
s2-A-0142-sw0.25-half_life_2-domain_augmented,True,
s2-A-0142-sw0.25-half_life_4-plain,True,
s2-A-0142-sw0.25-half_life_4-domain_augmented,True,
s2-A-0142-sw0.25-half_life_6-plain,True,
s2-A-0142-sw0.25-half_life_6-domain_augmented,True,
s2-A-0142-sw0.50-all_history-plain,True,
s2-A-0142-sw0.50-all_history-domain_augmented,True,
s2-A-0142-sw0.50-five_year-plain,True,
s2-A-0142-sw0.50-five_year-domain_augmented,True,
s2-A-0142-sw0.50-half_life_2-plain,True,
s2-A-0142-sw0.50-half_life_2-domain_augmented,True,
s2-A-0142-sw0.50-half_life_4-plain,True,
s2-A-0142-sw0.50-half_life_4-domain_augmented,True,
s2-A-0142-sw0.50-half_life_6-plain,True,
s2-A-0142-sw0.50-half_life_6-domain_augmented,True,
s2-A-0142-ensemble-0.25,True,requires compatible top pair
s2-A-0142-ensemble-0.50,True,requires compatible top pair
s2-A-0142-ensemble-0.75,True,requires compatible top pair
s2-A-0143-sw0.00-all_history-plain,True,
s2-A-0143-sw0.00-all_history-domain_augmented,True,
s2-A-0143-sw0.00-five_year-plain,True,
s2-A-0143-sw0.00-five_year-domain_augmented,True,
s2-A-0143-sw0.00-half_life_2-plain,True,
s2-A-0143-sw0.00-half_life_2-domain_augmented,True,
s2-A-0143-sw0.00-half_life_4-plain,True,
s2-A-0143-sw0.00-half_life_4-domain_augmented,True,
s2-A-0143-sw0.00-half_life_6-plain,True,
s2-A-0143-sw0.00-half_life_6-domain_augmented,True,
s2-A-0143-sw0.10-all_history-plain,True,
s2-A-0143-sw0.10-all_history-domain_augmented,True,
s2-A-0143-sw0.10-five_year-plain,True,
s2-A-0143-sw0.10-five_year-domain_augmented,True,
s2-A-0143-sw0.10-half_life_2-plain,True,
s2-A-0143-sw0.10-half_life_2-domain_augmented,True,
s2-A-0143-sw0.10-half_life_4-plain,True,
s2-A-0143-sw0.10-half_life_4-domain_augmented,True,
s2-A-0143-sw0.10-half_life_6-plain,True,
s2-A-0143-sw0.10-half_life_6-domain_augmented,True,
s2-A-0143-sw0.25-all_history-plain,True,
s2-A-0143-sw0.25-all_history-domain_augmented,True,
s2-A-0143-sw0.25-five_year-plain,True,
s2-A-0143-sw0.25-five_year-domain_augmented,True,
s2-A-0143-sw0.25-half_life_2-plain,True,
s2-A-0143-sw0.25-half_life_2-domain_augmented,True,
s2-A-0143-sw0.25-half_life_4-plain,True,
s2-A-0143-sw0.25-half_life_4-domain_augmented,True,
s2-A-0143-sw0.25-half_life_6-plain,True,
s2-A-0143-sw0.25-half_life_6-domain_augmented,True,
s2-A-0143-sw0.50-all_history-plain,True,
s2-A-0143-sw0.50-all_history-domain_augmented,True,
s2-A-0143-sw0.50-five_year-plain,True,
s2-A-0143-sw0.50-five_year-domain_augmented,True,
s2-A-0143-sw0.50-half_life_2-plain,True,
s2-A-0143-sw0.50-half_life_2-domain_augmented,True,
s2-A-0143-sw0.50-half_life_4-plain,True,
s2-A-0143-sw0.50-half_life_4-domain_augmented,True,
s2-A-0143-sw0.50-half_life_6-plain,True,
s2-A-0143-sw0.50-half_life_6-domain_augmented,True,
s2-A-0143-ensemble-0.25,True,requires compatible top pair
s2-A-0143-ensemble-0.50,True,requires compatible top pair
s2-A-0143-ensemble-0.75,True,requires compatible top pair
s2-A-0144-sw0.00-all_history-plain,True,
s2-A-0144-sw0.00-all_history-domain_augmented,True,
s2-A-0144-sw0.00-five_year-plain,True,
s2-A-0144-sw0.00-five_year-domain_augmented,True,
s2-A-0144-sw0.00-half_life_2-plain,True,
s2-A-0144-sw0.00-half_life_2-domain_augmented,True,
s2-A-0144-sw0.00-half_life_4-plain,True,
s2-A-0144-sw0.00-half_life_4-domain_augmented,True,
s2-A-0144-sw0.00-half_life_6-plain,True,
s2-A-0144-sw0.00-half_life_6-domain_augmented,True,
s2-A-0144-sw0.10-all_history-plain,True,
s2-A-0144-sw0.10-all_history-domain_augmented,True,
s2-A-0144-sw0.10-five_year-plain,True,
s2-A-0144-sw0.10-five_year-domain_augmented,True,
s2-A-0144-sw0.10-half_life_2-plain,True,
s2-A-0144-sw0.10-half_life_2-domain_augmented,True,
s2-A-0144-sw0.10-half_life_4-plain,True,
s2-A-0144-sw0.10-half_life_4-domain_augmented,True,
s2-A-0144-sw0.10-half_life_6-plain,True,
s2-A-0144-sw0.10-half_life_6-domain_augmented,True,
s2-A-0144-sw0.25-all_history-plain,True,
s2-A-0144-sw0.25-all_history-domain_augmented,True,
s2-A-0144-sw0.25-five_year-plain,True,
s2-A-0144-sw0.25-five_year-domain_augmented,True,
s2-A-0144-sw0.25-half_life_2-plain,True,
s2-A-0144-sw0.25-half_life_2-domain_augmented,True,
s2-A-0144-sw0.25-half_life_4-plain,True,
s2-A-0144-sw0.25-half_life_4-domain_augmented,True,
s2-A-0144-sw0.25-half_life_6-plain,True,
s2-A-0144-sw0.25-half_life_6-domain_augmented,True,
s2-A-0144-sw0.50-all_history-plain,True,
s2-A-0144-sw0.50-all_history-domain_augmented,True,
s2-A-0144-sw0.50-five_year-plain,True,
s2-A-0144-sw0.50-five_year-domain_augmented,True,
s2-A-0144-sw0.50-half_life_2-plain,True,
s2-A-0144-sw0.50-half_life_2-domain_augmented,True,
s2-A-0144-sw0.50-half_life_4-plain,True,
s2-A-0144-sw0.50-half_life_4-domain_augmented,True,
s2-A-0144-sw0.50-half_life_6-plain,True,
s2-A-0144-sw0.50-half_life_6-domain_augmented,True,
s2-A-0144-ensemble-0.25,True,requires compatible top pair
s2-A-0144-ensemble-0.50,True,requires compatible top pair
s2-A-0144-ensemble-0.75,True,requires compatible top pair
s2-A-0145-sw0.00-all_history-plain,True,
s2-A-0145-sw0.00-all_history-domain_augmented,True,
s2-A-0145-sw0.00-five_year-plain,True,
s2-A-0145-sw0.00-five_year-domain_augmented,True,
s2-A-0145-sw0.00-half_life_2-plain,True,
s2-A-0145-sw0.00-half_life_2-domain_augmented,True,
s2-A-0145-sw0.00-half_life_4-plain,True,
s2-A-0145-sw0.00-half_life_4-domain_augmented,True,
s2-A-0145-sw0.00-half_life_6-plain,True,
s2-A-0145-sw0.00-half_life_6-domain_augmented,True,
s2-A-0145-sw0.10-all_history-plain,True,
s2-A-0145-sw0.10-all_history-domain_augmented,True,
s2-A-0145-sw0.10-five_year-plain,True,
s2-A-0145-sw0.10-five_year-domain_augmented,True,
s2-A-0145-sw0.10-half_life_2-plain,True,
s2-A-0145-sw0.10-half_life_2-domain_augmented,True,
s2-A-0145-sw0.10-half_life_4-plain,True,
s2-A-0145-sw0.10-half_life_4-domain_augmented,True,
s2-A-0145-sw0.10-half_life_6-plain,True,
s2-A-0145-sw0.10-half_life_6-domain_augmented,True,
s2-A-0145-sw0.25-all_history-plain,True,
s2-A-0145-sw0.25-all_history-domain_augmented,True,
s2-A-0145-sw0.25-five_year-plain,True,
s2-A-0145-sw0.25-five_year-domain_augmented,True,
s2-A-0145-sw0.25-half_life_2-plain,True,
s2-A-0145-sw0.25-half_life_2-domain_augmented,True,
s2-A-0145-sw0.25-half_life_4-plain,True,
s2-A-0145-sw0.25-half_life_4-domain_augmented,True,
s2-A-0145-sw0.25-half_life_6-plain,True,
s2-A-0145-sw0.25-half_life_6-domain_augmented,True,
s2-A-0145-sw0.50-all_history-plain,True,
s2-A-0145-sw0.50-all_history-domain_augmented,True,
s2-A-0145-sw0.50-five_year-plain,True,
s2-A-0145-sw0.50-five_year-domain_augmented,True,
s2-A-0145-sw0.50-half_life_2-plain,True,
s2-A-0145-sw0.50-half_life_2-domain_augmented,True,
s2-A-0145-sw0.50-half_life_4-plain,True,
s2-A-0145-sw0.50-half_life_4-domain_augmented,True,
s2-A-0145-sw0.50-half_life_6-plain,True,
s2-A-0145-sw0.50-half_life_6-domain_augmented,True,
s2-A-0145-ensemble-0.25,True,requires compatible top pair
s2-A-0145-ensemble-0.50,True,requires compatible top pair
s2-A-0145-ensemble-0.75,True,requires compatible top pair
s2-A-0146-sw0.00-all_history-plain,True,
s2-A-0146-sw0.00-all_history-domain_augmented,True,
s2-A-0146-sw0.00-five_year-plain,True,
s2-A-0146-sw0.00-five_year-domain_augmented,True,
s2-A-0146-sw0.00-half_life_2-plain,True,
s2-A-0146-sw0.00-half_life_2-domain_augmented,True,
s2-A-0146-sw0.00-half_life_4-plain,True,
s2-A-0146-sw0.00-half_life_4-domain_augmented,True,
s2-A-0146-sw0.00-half_life_6-plain,True,
s2-A-0146-sw0.00-half_life_6-domain_augmented,True,
s2-A-0146-sw0.10-all_history-plain,True,
s2-A-0146-sw0.10-all_history-domain_augmented,True,
s2-A-0146-sw0.10-five_year-plain,True,
s2-A-0146-sw0.10-five_year-domain_augmented,True,
s2-A-0146-sw0.10-half_life_2-plain,True,
s2-A-0146-sw0.10-half_life_2-domain_augmented,True,
s2-A-0146-sw0.10-half_life_4-plain,True,
s2-A-0146-sw0.10-half_life_4-domain_augmented,True,
s2-A-0146-sw0.10-half_life_6-plain,True,
s2-A-0146-sw0.10-half_life_6-domain_augmented,True,
s2-A-0146-sw0.25-all_history-plain,True,
s2-A-0146-sw0.25-all_history-domain_augmented,True,
s2-A-0146-sw0.25-five_year-plain,True,
s2-A-0146-sw0.25-five_year-domain_augmented,True,
s2-A-0146-sw0.25-half_life_2-plain,True,
s2-A-0146-sw0.25-half_life_2-domain_augmented,True,
s2-A-0146-sw0.25-half_life_4-plain,True,
s2-A-0146-sw0.25-half_life_4-domain_augmented,True,
s2-A-0146-sw0.25-half_life_6-plain,True,
s2-A-0146-sw0.25-half_life_6-domain_augmented,True,
s2-A-0146-sw0.50-all_history-plain,True,
s2-A-0146-sw0.50-all_history-domain_augmented,True,
s2-A-0146-sw0.50-five_year-plain,True,
s2-A-0146-sw0.50-five_year-domain_augmented,True,
s2-A-0146-sw0.50-half_life_2-plain,True,
s2-A-0146-sw0.50-half_life_2-domain_augmented,True,
s2-A-0146-sw0.50-half_life_4-plain,True,
s2-A-0146-sw0.50-half_life_4-domain_augmented,True,
s2-A-0146-sw0.50-half_life_6-plain,True,
s2-A-0146-sw0.50-half_life_6-domain_augmented,True,
s2-A-0146-ensemble-0.25,True,requires compatible top pair
s2-A-0146-ensemble-0.50,True,requires compatible top pair
s2-A-0146-ensemble-0.75,True,requires compatible top pair
